point_id,plot_year,series,metric,plot_value,plot_unit,source_file,source_line,processor_id,processor_name,manufacturer,release_year,release_month,documented_source_value,documented_source_unit,source_value_in_plot_units,validation_status,match_confidence,provenance_tier,reference_urls,notes
series-cores-point-001,1971.875,cores,logical_threads_or_compute_units,1,count,50yrs/cores.dat,1,cornell-intel-4004-1971-11-01,4004,Intel,1971,11,1,cores,1,digitized_source_match,high,original_author_dataset,https://github.com/cornell-brg/processor-trends/blob/main/data/processor-trends.csv#L3; https://github.com/cornell-brg/processor-trends,"Second-pass vector match using 4 corroborating fields (cores, frequency, transistors, watts); mean log error 0.005."
series-frequency-point-001,1971.875,frequency,frequency,0.704135515486,MHz,50yrs/frequency.dat,1,cornell-intel-4004-1971-11-01,4004,Intel,1971,11,0.7,MHz,0.7,digitized_source_match,high,original_author_dataset,https://github.com/cornell-brg/processor-trends/blob/main/data/processor-trends.csv#L3; https://github.com/cornell-brg/processor-trends,"Second-pass vector match using 4 corroborating fields (cores, frequency, transistors, watts); mean log error 0.005."
series-transistors-point-001,1971.875,transistors,transistors,2.30824152676,thousand_transistors,50yrs/transistors.dat,1,cornell-intel-4004-1971-11-01,4004,Intel,1971,11,0.0023,million transistors,2.3,digitized_source_match,high,original_author_dataset,https://github.com/cornell-brg/processor-trends/blob/main/data/processor-trends.csv#L3; https://github.com/cornell-brg/processor-trends,"Second-pass vector match using 4 corroborating fields (cores, frequency, transistors, watts); mean log error 0.005."
series-watts-point-001,1971.875,watts,typical_power_tdp,0.445079406236,W,50yrs/watts.dat,1,cornell-intel-4004-1971-11-01,4004,Intel,1971,11,0.45,W,0.45,digitized_source_match,high,original_author_dataset,https://github.com/cornell-brg/processor-trends/blob/main/data/processor-trends.csv#L3; https://github.com/cornell-brg/processor-trends,"Second-pass vector match using 4 corroborating fields (cores, frequency, transistors, watts); mean log error 0.005."
series-cores-point-002,1972.25961538,cores,logical_threads_or_compute_units,1,count,50yrs/cores.dat,2,cornell-intel-8008-1972-04-01,8008,Intel,1972,04,1,cores,1,digitized_source_match,high,original_author_dataset,https://github.com/cornell-brg/processor-trends/blob/main/data/processor-trends.csv#L4; https://github.com/cornell-brg/processor-trends,"Second-pass vector match using 4 corroborating fields (cores, frequency, transistors, watts); mean log error 0.010."
series-frequency-point-002,1972.25961538,frequency,frequency,0.509367521678,MHz,50yrs/frequency.dat,2,cornell-intel-8008-1972-04-01,8008,Intel,1972,04,0.5,MHz,0.5,digitized_source_match,high,original_author_dataset,https://github.com/cornell-brg/processor-trends/blob/main/data/processor-trends.csv#L4; https://github.com/cornell-brg/processor-trends,"Second-pass vector match using 4 corroborating fields (cores, frequency, transistors, watts); mean log error 0.010."
series-transistors-point-002,1972.30769231,transistors,transistors,3.55452235561,thousand_transistors,50yrs/transistors.dat,2,cornell-intel-8008-1972-04-01,8008,Intel,1972,04,0.0035,million transistors,3.5,digitized_source_match,high,original_author_dataset,https://github.com/cornell-brg/processor-trends/blob/main/data/processor-trends.csv#L4; https://github.com/cornell-brg/processor-trends,"Second-pass vector match using 4 corroborating fields (cores, frequency, transistors, watts); mean log error 0.010."
series-watts-point-002,1972.30769231,watts,typical_power_tdp,0.421696503429,W,50yrs/watts.dat,2,cornell-intel-8008-1972-04-01,8008,Intel,1972,04,0.42,W,0.42,digitized_source_match,high,original_author_dataset,https://github.com/cornell-brg/processor-trends/blob/main/data/processor-trends.csv#L4; https://github.com/cornell-brg/processor-trends,"Second-pass vector match using 4 corroborating fields (cores, frequency, transistors, watts); mean log error 0.010."
series-cores-point-003,1974.27884615,cores,logical_threads_or_compute_units,1,count,50yrs/cores.dat,3,cornell-intel-8080-1974-04-01,8080,Intel,1974,04,1,cores,1,digitized_source_match,high,original_author_dataset,https://github.com/cornell-brg/processor-trends/blob/main/data/processor-trends.csv#L5; https://github.com/cornell-brg/processor-trends,"Second-pass vector match using 4 corroborating fields (cores, frequency, transistors, watts); mean log error 0.007."
series-frequency-point-003,1974.32692308,frequency,frequency,2.01691455473,MHz,50yrs/frequency.dat,3,cornell-intel-8080-1974-04-01,8080,Intel,1974,04,2,MHz,2,digitized_source_match,high,original_author_dataset,https://github.com/cornell-brg/processor-trends/blob/main/data/processor-trends.csv#L5; https://github.com/cornell-brg/processor-trends,"Second-pass vector match using 4 corroborating fields (cores, frequency, transistors, watts); mean log error 0.007."
series-transistors-point-003,1974.32692308,transistors,transistors,6.09756235221,thousand_transistors,50yrs/transistors.dat,3,cornell-intel-8080-1974-04-01,8080,Intel,1974,04,0.006,million transistors,6,digitized_source_match,high,original_author_dataset,https://github.com/cornell-brg/processor-trends/blob/main/data/processor-trends.csv#L5; https://github.com/cornell-brg/processor-trends,"Second-pass vector match using 4 corroborating fields (cores, frequency, transistors, watts); mean log error 0.007."
series-watts-point-003,1974.32692308,watts,typical_power_tdp,0.922239565104,W,50yrs/watts.dat,3,cornell-intel-8080-1974-04-01,8080,Intel,1974,04,0.92,W,0.92,digitized_source_match,high,original_author_dataset,https://github.com/cornell-brg/processor-trends/blob/main/data/processor-trends.csv#L5; https://github.com/cornell-brg/processor-trends,"Second-pass vector match using 4 corroborating fields (cores, frequency, transistors, watts); mean log error 0.007."
series-frequency-point-004,1979.56730769,frequency,frequency,5.04806571667,MHz,50yrs/frequency.dat,4,cornell-intel-8088-1979-06-01,8088,Intel,1979,06,5,MHz,5,digitized_source_match,high,original_author_dataset,https://github.com/cornell-brg/processor-trends/blob/main/data/processor-trends.csv#L6; https://github.com/cornell-brg/processor-trends,"Second-pass vector match using 4 corroborating fields (cores, frequency, transistors, watts); mean log error 0.006."
series-transistors-point-004,1979.56730769,transistors,transistors,29.1637757405,thousand_transistors,50yrs/transistors.dat,4,cornell-intel-8088-1979-06-01,8088,Intel,1979,06,0.029,million transistors,29,digitized_source_match,high,original_author_dataset,https://github.com/cornell-brg/processor-trends/blob/main/data/processor-trends.csv#L6; https://github.com/cornell-brg/processor-trends,"Second-pass vector match using 4 corroborating fields (cores, frequency, transistors, watts); mean log error 0.006."
series-watts-point-004,1979.56730769,watts,typical_power_tdp,1.71543789634,W,50yrs/watts.dat,4,cornell-intel-8088-1979-06-01,8088,Intel,1979,06,1.7,W,1.7,digitized_source_match,high,original_author_dataset,https://github.com/cornell-brg/processor-trends/blob/main/data/processor-trends.csv#L6; https://github.com/cornell-brg/processor-trends,"Second-pass vector match using 4 corroborating fields (cores, frequency, transistors, watts); mean log error 0.006."
series-cores-point-004,1979.61538462,cores,logical_threads_or_compute_units,1,count,50yrs/cores.dat,4,cornell-intel-8088-1979-06-01,8088,Intel,1979,06,1,cores,1,digitized_source_match,high,original_author_dataset,https://github.com/cornell-brg/processor-trends/blob/main/data/processor-trends.csv#L6; https://github.com/cornell-brg/processor-trends,"Second-pass vector match using 4 corroborating fields (cores, frequency, transistors, watts); mean log error 0.006."
series-cores-point-005,1982.30769231,cores,logical_threads_or_compute_units,1,count,50yrs/cores.dat,5,cornell-intel-286-1982-02-01,286,Intel,1982,02,1,cores,1,digitized_source_match,high,original_author_dataset,https://github.com/cornell-brg/processor-trends/blob/main/data/processor-trends.csv#L7; https://github.com/cornell-brg/processor-trends,"Second-pass vector match using 4 corroborating fields (cores, frequency, transistors, watts); mean log error 0.009."
series-frequency-point-005,1982.30769231,frequency,frequency,6.09756235221,MHz,50yrs/frequency.dat,5,cornell-intel-286-1982-02-01,286,Intel,1982,02,6,MHz,6,digitized_source_match,high,original_author_dataset,https://github.com/cornell-brg/processor-trends/blob/main/data/processor-trends.csv#L7; https://github.com/cornell-brg/processor-trends,"Second-pass vector match using 4 corroborating fields (cores, frequency, transistors, watts); mean log error 0.009."
series-transistors-point-005,1982.30769231,transistors,transistors,135.772714211,thousand_transistors,50yrs/transistors.dat,5,cornell-intel-286-1982-02-01,286,Intel,1982,02,0.134,million transistors,134,digitized_source_match,high,original_author_dataset,https://github.com/cornell-brg/processor-trends/blob/main/data/processor-trends.csv#L7; https://github.com/cornell-brg/processor-trends,"Second-pass vector match using 4 corroborating fields (cores, frequency, transistors, watts); mean log error 0.009."
series-watts-point-005,1982.30769231,watts,typical_power_tdp,3.02321302502,W,50yrs/watts.dat,5,cornell-intel-286-1982-02-01,286,Intel,1982,02,3,W,3,digitized_source_match,high,original_author_dataset,https://github.com/cornell-brg/processor-trends/blob/main/data/processor-trends.csv#L7; https://github.com/cornell-brg/processor-trends,"Second-pass vector match using 4 corroborating fields (cores, frequency, transistors, watts); mean log error 0.009."
series-cores-point-006,1985.91346154,cores,logical_threads_or_compute_units,1,count,50yrs/cores.dat,6,cornell-intel-386-dx-1985-10-01,386 DX,Intel,1985,10,1,cores,1,digitized_source_match,high,original_author_dataset,https://github.com/cornell-brg/processor-trends/blob/main/data/processor-trends.csv#L8; https://github.com/cornell-brg/processor-trends,"Second-pass vector match using 4 corroborating fields (cores, frequency, transistors, watts); mean log error 0.009."
series-frequency-point-006,1985.91346154,frequency,frequency,16.1076153462,MHz,50yrs/frequency.dat,6,cornell-intel-386-dx-1985-10-01,386 DX,Intel,1985,10,16,MHz,16,digitized_source_match,high,original_author_dataset,https://github.com/cornell-brg/processor-trends/blob/main/data/processor-trends.csv#L8; https://github.com/cornell-brg/processor-trends,"Second-pass vector match using 4 corroborating fields (cores, frequency, transistors, watts); mean log error 0.009."
series-transistors-point-006,1985.91346154,transistors,transistors,273.841963426,thousand_transistors,50yrs/transistors.dat,6,cornell-intel-386-dx-1985-10-01,386 DX,Intel,1985,10,0.275,million transistors,275,digitized_source_match,high,original_author_dataset,https://github.com/cornell-brg/processor-trends/blob/main/data/processor-trends.csv#L8; https://github.com/cornell-brg/processor-trends,"Second-pass vector match using 4 corroborating fields (cores, frequency, transistors, watts); mean log error 0.009."
series-watts-point-006,1985.91346154,watts,typical_power_tdp,1.53992652606,W,50yrs/watts.dat,6,cornell-intel-386-dx-1985-10-01,386 DX,Intel,1985,10,1.5,W,1.5,digitized_source_match,high,original_author_dataset,https://github.com/cornell-brg/processor-trends/blob/main/data/processor-trends.csv#L8; https://github.com/cornell-brg/processor-trends,"Second-pass vector match using 4 corroborating fields (cores, frequency, transistors, watts); mean log error 0.009."
series-cores-point-007,1986.25,cores,logical_threads_or_compute_units,1,count,50yrs/cores.dat,7,cornell-mips-r2000-1986-01-01,R2000,Mips,1986,01,1,cores,1,digitized_source_match,high,original_author_dataset,https://github.com/cornell-brg/processor-trends/blob/main/data/processor-trends.csv#L9; https://github.com/cornell-brg/processor-trends,"Second-pass vector match using 4 corroborating fields (cores, frequency, transistors, watts); mean log error 0.005."
series-frequency-point-007,1986.25,frequency,frequency,16.1076153462,MHz,50yrs/frequency.dat,7,cornell-mips-r2000-1986-01-01,R2000,Mips,1986,01,16,MHz,16,digitized_source_match,high,original_author_dataset,https://github.com/cornell-brg/processor-trends/blob/main/data/processor-trends.csv#L9; https://github.com/cornell-brg/processor-trends,"Second-pass vector match using 4 corroborating fields (cores, frequency, transistors, watts); mean log error 0.005."
series-transistors-point-007,1986.25,transistors,transistors,109.411381058,thousand_transistors,50yrs/transistors.dat,7,cornell-mips-r2000-1986-01-01,R2000,Mips,1986,01,0.11,million transistors,110,digitized_source_match,high,original_author_dataset,https://github.com/cornell-brg/processor-trends/blob/main/data/processor-trends.csv#L9; https://github.com/cornell-brg/processor-trends,"Second-pass vector match using 4 corroborating fields (cores, frequency, transistors, watts); mean log error 0.005."
series-watts-point-007,1986.25,watts,typical_power_tdp,3.02321302502,W,50yrs/watts.dat,7,cornell-mips-r2000-1986-01-01,R2000,Mips,1986,01,3,W,3,digitized_source_match,high,original_author_dataset,https://github.com/cornell-brg/processor-trends/blob/main/data/processor-trends.csv#L9; https://github.com/cornell-brg/processor-trends,"Second-pass vector match using 4 corroborating fields (cores, frequency, transistors, watts); mean log error 0.005."
series-cores-point-008,1988.65384615,cores,logical_threads_or_compute_units,1,count,50yrs/cores.dat,8,cornell-mips-r3000-1988-06-01,R3000,Mips,1988,06,1,cores,1,digitized_source_match,high,original_author_dataset,https://github.com/cornell-brg/processor-trends/blob/main/data/processor-trends.csv#L10; https://github.com/cornell-brg/processor-trends,"Second-pass vector match using 5 corroborating fields (cores, frequency, specint, transistors, watts); mean log error 0.009."
series-frequency-point-008,1988.65384615,frequency,frequency,40.3151936286,MHz,50yrs/frequency.dat,8,cornell-mips-r3000-1988-06-01,R3000,Mips,1988,06,40,MHz,40,digitized_source_match,high,original_author_dataset,https://github.com/cornell-brg/processor-trends/blob/main/data/processor-trends.csv#L10; https://github.com/cornell-brg/processor-trends,"Second-pass vector match using 5 corroborating fields (cores, frequency, specint, transistors, watts); mean log error 0.009."
series-specint-point-001,1988.65384615,specint,single_thread_performance,83.5362546958,SPECint_rate_x1000,50yrs/specint.dat,1,cornell-mips-r3000-1988-06-01,R3000,Mips,1988,06,0.046875,Cornell normalized performance,84.375,digitized_source_match,high,original_author_dataset,https://github.com/cornell-brg/processor-trends/blob/main/data/processor-trends.csv#L10; https://github.com/cornell-brg/processor-trends,"Second-pass vector match using 5 corroborating fields (cores, frequency, specint, transistors, watts); mean log error 0.009."
series-transistors-point-008,1988.65384615,transistors,transistors,121.881418484,thousand_transistors,50yrs/transistors.dat,8,cornell-mips-r3000-1988-06-01,R3000,Mips,1988,06,0.12,million transistors,120,digitized_source_match,high,original_author_dataset,https://github.com/cornell-brg/processor-trends/blob/main/data/processor-trends.csv#L10; https://github.com/cornell-brg/processor-trends,"Second-pass vector match using 5 corroborating fields (cores, frequency, specint, transistors, watts); mean log error 0.009."
series-watts-point-008,1988.65384615,watts,typical_power_tdp,3.95964498892,W,50yrs/watts.dat,8,cornell-mips-r3000-1988-06-01,R3000,Mips,1988,06,4,W,4,digitized_source_match,high,original_author_dataset,https://github.com/cornell-brg/processor-trends/blob/main/data/processor-trends.csv#L10; https://github.com/cornell-brg/processor-trends,"Second-pass vector match using 5 corroborating fields (cores, frequency, specint, transistors, watts); mean log error 0.009."
series-cores-point-009,1989.47115385,cores,logical_threads_or_compute_units,1,count,50yrs/cores.dat,9,cornell-intel-486-dx-1989-04-01,486 DX,Intel,1989,04,1,cores,1,digitized_source_match,high,original_author_dataset,https://github.com/cornell-brg/processor-trends/blob/main/data/processor-trends.csv#L11; https://github.com/cornell-brg/processor-trends,"Second-pass vector match using 5 corroborating fields (cores, frequency, specint, transistors, watts); mean log error 0.009."
series-frequency-point-009,1989.47115385,frequency,frequency,24.8045441431,MHz,50yrs/frequency.dat,9,cornell-intel-486-dx-1989-04-01,486 DX,Intel,1989,04,25,MHz,25,digitized_source_match,high,original_author_dataset,https://github.com/cornell-brg/processor-trends/blob/main/data/processor-trends.csv#L11; https://github.com/cornell-brg/processor-trends,"Second-pass vector match using 5 corroborating fields (cores, frequency, specint, transistors, watts); mean log error 0.009."
series-specint-point-002,1989.47115385,specint,single_thread_performance,50.0286461058,SPECint_rate_x1000,50yrs/specint.dat,2,cornell-intel-486-dx-1989-04-01,486 DX,Intel,1989,04,0.028226,Cornell normalized performance,50.8068,digitized_source_match,high,original_author_dataset,https://github.com/cornell-brg/processor-trends/blob/main/data/processor-trends.csv#L11; https://github.com/cornell-brg/processor-trends,"Second-pass vector match using 5 corroborating fields (cores, frequency, specint, transistors, watts); mean log error 0.009."
series-transistors-point-009,1989.47115385,transistors,transistors,1207.90074743,thousand_transistors,50yrs/transistors.dat,9,cornell-intel-486-dx-1989-04-01,486 DX,Intel,1989,04,1.2,million transistors,1200,digitized_source_match,high,original_author_dataset,https://github.com/cornell-brg/processor-trends/blob/main/data/processor-trends.csv#L11; https://github.com/cornell-brg/processor-trends,"Second-pass vector match using 5 corroborating fields (cores, frequency, specint, transistors, watts); mean log error 0.009."
series-watts-point-009,1989.47115385,watts,typical_power_tdp,2.78812666541,W,50yrs/watts.dat,9,cornell-intel-486-dx-1989-04-01,486 DX,Intel,1989,04,2.75,W,2.75,digitized_source_match,high,original_author_dataset,https://github.com/cornell-brg/processor-trends/blob/main/data/processor-trends.csv#L11; https://github.com/cornell-brg/processor-trends,"Second-pass vector match using 5 corroborating fields (cores, frequency, specint, transistors, watts); mean log error 0.009."
series-cores-point-010,1990.57692308,cores,logical_threads_or_compute_units,1,count,50yrs/cores.dat,10,cornell-intel-486-dx-1990-05-01,486 DX,Intel,1990,05,1,cores,1,digitized_source_match,high,original_author_dataset,https://github.com/cornell-brg/processor-trends/blob/main/data/processor-trends.csv#L12; https://github.com/cornell-brg/processor-trends,"Second-pass vector match using 5 corroborating fields (cores, frequency, specint, transistors, watts); mean log error 0.008."
series-frequency-point-010,1990.57692308,frequency,frequency,33.3762469429,MHz,50yrs/frequency.dat,10,cornell-intel-486-dx-1990-05-01,486 DX,Intel,1990,05,33,MHz,33,digitized_source_match,high,original_author_dataset,https://github.com/cornell-brg/processor-trends/blob/main/data/processor-trends.csv#L12; https://github.com/cornell-brg/processor-trends,"Second-pass vector match using 5 corroborating fields (cores, frequency, specint, transistors, watts); mean log error 0.008."
series-transistors-point-010,1990.57692308,transistors,transistors,1207.90074743,thousand_transistors,50yrs/transistors.dat,10,cornell-intel-486-dx-1990-05-01,486 DX,Intel,1990,05,1.2,million transistors,1200,digitized_source_match,high,original_author_dataset,https://github.com/cornell-brg/processor-trends/blob/main/data/processor-trends.csv#L12; https://github.com/cornell-brg/processor-trends,"Second-pass vector match using 5 corroborating fields (cores, frequency, specint, transistors, watts); mean log error 0.008."
series-watts-point-010,1990.57692308,watts,typical_power_tdp,3.45989166087,W,50yrs/watts.dat,10,cornell-intel-486-dx-1990-05-01,486 DX,Intel,1990,05,3.5,W,3.5,digitized_source_match,high,original_author_dataset,https://github.com/cornell-brg/processor-trends/blob/main/data/processor-trends.csv#L12; https://github.com/cornell-brg/processor-trends,"Second-pass vector match using 5 corroborating fields (cores, frequency, specint, transistors, watts); mean log error 0.008."
series-specint-point-003,1990.625,specint,single_thread_performance,55.7306040127,SPECint_rate_x1000,50yrs/specint.dat,3,cornell-intel-486-dx-1990-05-01,486 DX,Intel,1990,05,0.03125,Cornell normalized performance,56.25,digitized_source_match,high,original_author_dataset,https://github.com/cornell-brg/processor-trends/blob/main/data/processor-trends.csv#L12; https://github.com/cornell-brg/processor-trends,"Second-pass vector match using 5 corroborating fields (cores, frequency, specint, transistors, watts); mean log error 0.008."
series-cores-point-011,1992.35576923,cores,logical_threads_or_compute_units,1,count,50yrs/cores.dat,11,cornell-intel-486-dx2-1992-03-01,486 DX2,Intel,1992,03,1,cores,1,digitized_source_match,high,original_author_dataset,https://github.com/cornell-brg/processor-trends/blob/main/data/processor-trends.csv#L13; https://github.com/cornell-brg/processor-trends,"Second-pass vector match using 5 corroborating fields (cores, frequency, specint, transistors, watts); mean log error 0.008."
series-frequency-point-011,1992.40384615,frequency,frequency,65.5248823737,MHz,50yrs/frequency.dat,11,cornell-intel-486-dx2-1992-03-01,486 DX2,Intel,1992,03,66,MHz,66,digitized_source_match,high,original_author_dataset,https://github.com/cornell-brg/processor-trends/blob/main/data/processor-trends.csv#L13; https://github.com/cornell-brg/processor-trends,"Second-pass vector match using 5 corroborating fields (cores, frequency, specint, transistors, watts); mean log error 0.008."
series-specint-point-004,1992.40384615,specint,single_thread_performance,90.5797775943,SPECint_rate_x1000,50yrs/specint.dat,4,cornell-intel-486-dx2-1992-03-01,486 DX2,Intel,1992,03,0.050235,Cornell normalized performance,90.423,digitized_source_match,high,original_author_dataset,https://github.com/cornell-brg/processor-trends/blob/main/data/processor-trends.csv#L13; https://github.com/cornell-brg/processor-trends,"Second-pass vector match using 5 corroborating fields (cores, frequency, specint, transistors, watts); mean log error 0.008."
series-transistors-point-011,1992.40384615,transistors,transistors,1207.90074743,thousand_transistors,50yrs/transistors.dat,11,cornell-intel-486-dx2-1992-03-01,486 DX2,Intel,1992,03,1.2,million transistors,1200,digitized_source_match,high,original_author_dataset,https://github.com/cornell-brg/processor-trends/blob/main/data/processor-trends.csv#L13; https://github.com/cornell-brg/processor-trends,"Second-pass vector match using 5 corroborating fields (cores, frequency, specint, transistors, watts); mean log error 0.008."
series-watts-point-011,1992.40384615,watts,typical_power_tdp,5.9352292723,W,50yrs/watts.dat,11,cornell-intel-486-dx2-1992-03-01,486 DX2,Intel,1992,03,5.8,W,5.8,digitized_source_match,high,original_author_dataset,https://github.com/cornell-brg/processor-trends/blob/main/data/processor-trends.csv#L13; https://github.com/cornell-brg/processor-trends,"Second-pass vector match using 5 corroborating fields (cores, frequency, specint, transistors, watts); mean log error 0.008."
series-frequency-point-012,1992.69230769,frequency,frequency,60.4296390238,MHz,50yrs/frequency.dat,12,cornell-sun-supersparc-1992-06-01,SuperSparc,Sun,1992,06,60,MHz,60,digitized_source_match,high,original_author_dataset,https://github.com/cornell-brg/processor-trends/blob/main/data/processor-trends.csv#L15; https://github.com/cornell-brg/processor-trends,"Second-pass vector match using 5 corroborating fields (cores, frequency, specint, transistors, watts); mean log error 0.009."
series-frequency-point-013,1992.69230769,frequency,frequency,100.903504484,MHz,50yrs/frequency.dat,13,cornell-mips-r4000-1992-06-01,R4000,Mips,1992,06,100,MHz,100,digitized_source_match,high,original_author_dataset,https://github.com/cornell-brg/processor-trends/blob/main/data/processor-trends.csv#L14; https://github.com/cornell-brg/processor-trends,"Second-pass vector match using 5 corroborating fields (cores, frequency, specint, transistors, watts); mean log error 0.012."
series-specint-point-005,1992.69230769,specint,single_thread_performance,177.827941004,SPECint_rate_x1000,50yrs/specint.dat,5,cornell-mips-r4000-1992-06-01,R4000,Mips,1992,06,0.099126,Cornell normalized performance,178.4268,digitized_source_match,high,original_author_dataset,https://github.com/cornell-brg/processor-trends/blob/main/data/processor-trends.csv#L14; https://github.com/cornell-brg/processor-trends,"Second-pass vector match using 5 corroborating fields (cores, frequency, specint, transistors, watts); mean log error 0.012."
series-specint-point-006,1992.69230769,specint,single_thread_performance,273.841963426,SPECint_rate_x1000,50yrs/specint.dat,6,cornell-sun-supersparc-1992-06-01,SuperSparc,Sun,1992,06,0.149529,Cornell normalized performance,269.1522,digitized_source_match,high,original_author_dataset,https://github.com/cornell-brg/processor-trends/blob/main/data/processor-trends.csv#L15; https://github.com/cornell-brg/processor-trends,"Second-pass vector match using 5 corroborating fields (cores, frequency, specint, transistors, watts); mean log error 0.009."
series-transistors-point-012,1992.69230769,transistors,transistors,3105.90022362,thousand_transistors,50yrs/transistors.dat,12,cornell-sun-supersparc-1992-06-01,SuperSparc,Sun,1992,06,3.1,million transistors,3100,digitized_source_match,high,original_author_dataset,https://github.com/cornell-brg/processor-trends/blob/main/data/processor-trends.csv#L15; https://github.com/cornell-brg/processor-trends,"Second-pass vector match using 5 corroborating fields (cores, frequency, specint, transistors, watts); mean log error 0.009."
series-transistors-point-013,1992.69230769,transistors,transistors,1113.97385999,thousand_transistors,50yrs/transistors.dat,13,cornell-mips-r4000-1992-06-01,R4000,Mips,1992,06,1.1,million transistors,1100,digitized_source_match,high,original_author_dataset,https://github.com/cornell-brg/processor-trends/blob/main/data/processor-trends.csv#L14; https://github.com/cornell-brg/processor-trends,"Second-pass vector match using 5 corroborating fields (cores, frequency, specint, transistors, watts); mean log error 0.012."
series-cores-point-013,1992.98076923,cores,logical_threads_or_compute_units,1,count,50yrs/cores.dat,13,cornell-dec-alpha-21064-1992-10-01,Alpha 21064,DEC,1992,10,1,cores,1,digitized_source_match,high,original_author_dataset,https://github.com/cornell-brg/processor-trends/blob/main/data/processor-trends.csv#L16; https://github.com/cornell-brg/processor-trends,"Second-pass vector match using 5 corroborating fields (cores, frequency, specint, transistors, watts); mean log error 0.005."
series-frequency-point-014,1993.02884615,frequency,frequency,198.095677855,MHz,50yrs/frequency.dat,14,cornell-dec-alpha-21064-1992-10-01,Alpha 21064,DEC,1992,10,200,MHz,200,digitized_source_match,high,original_author_dataset,https://github.com/cornell-brg/processor-trends/blob/main/data/processor-trends.csv#L16; https://github.com/cornell-brg/processor-trends,"Second-pass vector match using 5 corroborating fields (cores, frequency, specint, transistors, watts); mean log error 0.005."
series-specint-point-007,1993.02884615,specint,single_thread_performance,321.967844425,SPECint_rate_x1000,50yrs/specint.dat,7,cornell-dec-alpha-21064-1992-10-01,Alpha 21064,DEC,1992,10,0.178931,Cornell normalized performance,322.0758,digitized_source_match,high,original_author_dataset,https://github.com/cornell-brg/processor-trends/blob/main/data/processor-trends.csv#L16; https://github.com/cornell-brg/processor-trends,"Second-pass vector match using 5 corroborating fields (cores, frequency, specint, transistors, watts); mean log error 0.005."
series-transistors-point-014,1993.02884615,transistors,transistors,1715.43789634,thousand_transistors,50yrs/transistors.dat,14,cornell-dec-alpha-21064-1992-10-01,Alpha 21064,DEC,1992,10,1.7,million transistors,1700,digitized_source_match,high,original_author_dataset,https://github.com/cornell-brg/processor-trends/blob/main/data/processor-trends.csv#L16; https://github.com/cornell-brg/processor-trends,"Second-pass vector match using 5 corroborating fields (cores, frequency, specint, transistors, watts); mean log error 0.005."
series-watts-point-013,1993.02884615,watts,typical_power_tdp,35.2269465147,W,50yrs/watts.dat,13,cornell-dec-alpha-21064-1992-10-01,Alpha 21064,DEC,1992,10,35,W,35,digitized_source_match,high,original_author_dataset,https://github.com/cornell-brg/processor-trends/blob/main/data/processor-trends.csv#L16; https://github.com/cornell-brg/processor-trends,"Second-pass vector match using 5 corroborating fields (cores, frequency, specint, transistors, watts); mean log error 0.005."
series-frequency-point-015,1993.41346154,frequency,frequency,67.3170382414,MHz,50yrs/frequency.dat,15,cornell-intel-pentium-1993-03-01,Pentium,Intel,1993,03,66,MHz,66,digitized_source_match,high,original_author_dataset,https://github.com/cornell-brg/processor-trends/blob/main/data/processor-trends.csv#L18; https://github.com/cornell-brg/processor-trends,"Second-pass vector match using 5 corroborating fields (cores, frequency, specint, transistors, watts); mean log error 0.013."
series-frequency-point-016,1993.41346154,frequency,frequency,40.3151936286,MHz,50yrs/frequency.dat,16,cornell-amd-am486-1993-03-01,Am486,AMD,1993,03,40,MHz,40,digitized_source_match,high,original_author_dataset,https://github.com/cornell-brg/processor-trends/blob/main/data/processor-trends.csv#L17; https://github.com/cornell-brg/processor-trends,"Second-pass vector match using 4 corroborating fields (cores, frequency, transistors, watts); mean log error 0.006."
series-specint-point-008,1993.41346154,specint,single_thread_performance,239.279917343,SPECint_rate_x1000,50yrs/specint.dat,8,cornell-intel-pentium-1993-03-01,Pentium,Intel,1993,03,0.13088,Cornell normalized performance,235.584,digitized_source_match,high,original_author_dataset,https://github.com/cornell-brg/processor-trends/blob/main/data/processor-trends.csv#L18; https://github.com/cornell-brg/processor-trends,"Second-pass vector match using 5 corroborating fields (cores, frequency, specint, transistors, watts); mean log error 0.013."
series-transistors-point-015,1993.41346154,transistors,transistors,3105.90022362,thousand_transistors,50yrs/transistors.dat,15,cornell-intel-pentium-1993-03-01,Pentium,Intel,1993,03,3.1,million transistors,3100,digitized_source_match,high,original_author_dataset,https://github.com/cornell-brg/processor-trends/blob/main/data/processor-trends.csv#L18; https://github.com/cornell-brg/processor-trends,"Second-pass vector match using 5 corroborating fields (cores, frequency, specint, transistors, watts); mean log error 0.013."
series-transistors-point-016,1993.41346154,transistors,transistors,922.239565104,thousand_transistors,50yrs/transistors.dat,16,cornell-amd-am486-1993-03-01,Am486,AMD,1993,03,0.93,million transistors,930,digitized_source_match,high,original_author_dataset,https://github.com/cornell-brg/processor-trends/blob/main/data/processor-trends.csv#L17; https://github.com/cornell-brg/processor-trends,"Second-pass vector match using 4 corroborating fields (cores, frequency, transistors, watts); mean log error 0.006."
series-watts-point-014,1993.41346154,watts,typical_power_tdp,3.02321302502,W,50yrs/watts.dat,14,cornell-amd-am486-1993-03-01,Am486,AMD,1993,03,3,W,3,digitized_source_match,high,original_author_dataset,https://github.com/cornell-brg/processor-trends/blob/main/data/processor-trends.csv#L17; https://github.com/cornell-brg/processor-trends,"Second-pass vector match using 4 corroborating fields (cores, frequency, transistors, watts); mean log error 0.006."
series-watts-point-015,1993.41346154,watts,typical_power_tdp,13.3352143216,W,50yrs/watts.dat,15,cornell-intel-pentium-1993-03-01,Pentium,Intel,1993,03,13,W,13,digitized_source_match,high,original_author_dataset,https://github.com/cornell-brg/processor-trends/blob/main/data/processor-trends.csv#L18; https://github.com/cornell-brg/processor-trends,"Second-pass vector match using 5 corroborating fields (cores, frequency, specint, transistors, watts); mean log error 0.013."
series-frequency-point-017,1994.71153846,frequency,frequency,151.247254531,MHz,50yrs/frequency.dat,17,cornell-mips-r4600-1994-06-01,R4600,Mips,1994,06,150,MHz,150,digitized_source_match,high,original_author_dataset,https://github.com/cornell-brg/processor-trends/blob/main/data/processor-trends.csv#L19; https://github.com/cornell-brg/processor-trends,"Second-pass vector match using 5 corroborating fields (cores, frequency, specint, transistors, watts); mean log error 0.007."
series-frequency-point-018,1994.71153846,frequency,frequency,296.93148482,MHz,50yrs/frequency.dat,18,cornell-dec-alpha-21064a-1994-06-01,Alpha 21064A,DEC,1994,06,300,MHz,300,digitized_source_match,high,original_author_dataset,https://github.com/cornell-brg/processor-trends/blob/main/data/processor-trends.csv#L20; https://github.com/cornell-brg/processor-trends,"Second-pass vector match using 5 corroborating fields (cores, frequency, specint, transistors, watts); mean log error 0.009."
series-transistors-point-017,1994.71153846,transistors,transistors,1910.95297497,thousand_transistors,50yrs/transistors.dat,17,cornell-mips-r4600-1994-06-01,R4600,Mips,1994,06,1.9,million transistors,1900,digitized_source_match,high,original_author_dataset,https://github.com/cornell-brg/processor-trends/blob/main/data/processor-trends.csv#L19; https://github.com/cornell-brg/processor-trends,"Second-pass vector match using 5 corroborating fields (cores, frequency, specint, transistors, watts); mean log error 0.007."
series-transistors-point-018,1994.71153846,transistors,transistors,2788.12666541,thousand_transistors,50yrs/transistors.dat,18,cornell-dec-alpha-21064a-1994-06-01,Alpha 21064A,DEC,1994,06,2.8,million transistors,2800,digitized_source_match,high,original_author_dataset,https://github.com/cornell-brg/processor-trends/blob/main/data/processor-trends.csv#L20; https://github.com/cornell-brg/processor-trends,"Second-pass vector match using 5 corroborating fields (cores, frequency, specint, transistors, watts); mean log error 0.009."
series-watts-point-016,1994.71153846,watts,typical_power_tdp,28.3873596476,W,50yrs/watts.dat,16,cornell-dec-alpha-21064a-1994-06-01,Alpha 21064A,DEC,1994,06,28,W,28,digitized_source_match,high,original_author_dataset,https://github.com/cornell-brg/processor-trends/blob/main/data/processor-trends.csv#L20; https://github.com/cornell-brg/processor-trends,"Second-pass vector match using 5 corroborating fields (cores, frequency, specint, transistors, watts); mean log error 0.009."
series-watts-point-017,1994.71153846,watts,typical_power_tdp,3.02321302502,W,50yrs/watts.dat,17,cornell-mips-r4600-1994-06-01,R4600,Mips,1994,06,3,W,3,digitized_source_match,high,original_author_dataset,https://github.com/cornell-brg/processor-trends/blob/main/data/processor-trends.csv#L19; https://github.com/cornell-brg/processor-trends,"Second-pass vector match using 5 corroborating fields (cores, frequency, specint, transistors, watts); mean log error 0.007."
series-specint-point-009,1994.75961538,specint,single_thread_performance,349.115193717,SPECint_rate_x1000,50yrs/specint.dat,9,cornell-mips-r4600-1994-06-01,R4600,Mips,1994,06,0.191532,Cornell normalized performance,344.7576,digitized_source_match,high,original_author_dataset,https://github.com/cornell-brg/processor-trends/blob/main/data/processor-trends.csv#L19; https://github.com/cornell-brg/processor-trends,"Second-pass vector match using 5 corroborating fields (cores, frequency, specint, transistors, watts); mean log error 0.007."
series-specint-point-010,1994.75961538,specint,single_thread_performance,598.885433492,SPECint_rate_x1000,50yrs/specint.dat,10,cornell-dec-alpha-21064a-1994-06-01,Alpha 21064A,DEC,1994,06,0.338541,Cornell normalized performance,609.3738,digitized_source_match,high,original_author_dataset,https://github.com/cornell-brg/processor-trends/blob/main/data/processor-trends.csv#L20; https://github.com/cornell-brg/processor-trends,"Second-pass vector match using 5 corroborating fields (cores, frequency, specint, transistors, watts); mean log error 0.009."
series-cores-point-016,1995.43269231,cores,logical_threads_or_compute_units,1,count,50yrs/cores.dat,16,cornell-dec-alpha-21164-1995-03-01,Alpha 21164,DEC,1995,03,1,cores,1,digitized_source_match,high,original_author_dataset,https://github.com/cornell-brg/processor-trends/blob/main/data/processor-trends.csv#L21; https://github.com/cornell-brg/processor-trends,"Second-pass vector match using 5 corroborating fields (cores, frequency, specint, transistors, watts); mean log error 0.005."
series-frequency-point-019,1995.43269231,frequency,frequency,296.93148482,MHz,50yrs/frequency.dat,19,cornell-dec-alpha-21164-1995-03-01,Alpha 21164,DEC,1995,03,300,MHz,300,digitized_source_match,high,original_author_dataset,https://github.com/cornell-brg/processor-trends/blob/main/data/processor-trends.csv#L21; https://github.com/cornell-brg/processor-trends,"Second-pass vector match using 5 corroborating fields (cores, frequency, specint, transistors, watts); mean log error 0.005."
series-specint-point-011,1995.43269231,specint,single_thread_performance,1027.35076818,SPECint_rate_x1000,50yrs/specint.dat,11,cornell-dec-alpha-21164-1995-03-01,Alpha 21164,DEC,1995,03,0.578272,Cornell normalized performance,1040.8896,digitized_source_match,high,original_author_dataset,https://github.com/cornell-brg/processor-trends/blob/main/data/processor-trends.csv#L21; https://github.com/cornell-brg/processor-trends,"Second-pass vector match using 5 corroborating fields (cores, frequency, specint, transistors, watts); mean log error 0.005."
series-transistors-point-019,1995.43269231,transistors,transistors,9646.61619911,thousand_transistors,50yrs/transistors.dat,19,cornell-dec-alpha-21164-1995-03-01,Alpha 21164,DEC,1995,03,9.67,million transistors,9670,digitized_source_match,high,original_author_dataset,https://github.com/cornell-brg/processor-trends/blob/main/data/processor-trends.csv#L21; https://github.com/cornell-brg/processor-trends,"Second-pass vector match using 5 corroborating fields (cores, frequency, specint, transistors, watts); mean log error 0.005."
series-watts-point-018,1995.43269231,watts,typical_power_tdp,50.0286461058,W,50yrs/watts.dat,18,cornell-dec-alpha-21164-1995-03-01,Alpha 21164,DEC,1995,03,50,W,50,digitized_source_match,high,original_author_dataset,https://github.com/cornell-brg/processor-trends/blob/main/data/processor-trends.csv#L21; https://github.com/cornell-brg/processor-trends,"Second-pass vector match using 5 corroborating fields (cores, frequency, specint, transistors, watts); mean log error 0.005."
series-frequency-point-020,1995.72115385,frequency,frequency,90.5797775943,MHz,50yrs/frequency.dat,20,cornell-sun-supersparc-ii-1995-06-01,SuperSparc II,Sun,1995,06,90,MHz,90,digitized_source_match,high,original_author_dataset,https://github.com/cornell-brg/processor-trends/blob/main/data/processor-trends.csv#L22; https://github.com/cornell-brg/processor-trends,"Second-pass vector match using 5 corroborating fields (cores, frequency, specint, transistors, watts); mean log error 0.004."
series-specint-point-012,1995.72115385,specint,single_thread_performance,410.469838044,SPECint_rate_x1000,50yrs/specint.dat,12,cornell-sun-supersparc-ii-1995-06-01,SuperSparc II,Sun,1995,06,0.226814,Cornell normalized performance,408.2652,digitized_source_match,high,original_author_dataset,https://github.com/cornell-brg/processor-trends/blob/main/data/processor-trends.csv#L22; https://github.com/cornell-brg/processor-trends,"Second-pass vector match using 5 corroborating fields (cores, frequency, specint, transistors, watts); mean log error 0.004."
series-transistors-point-020,1995.72115385,transistors,transistors,3105.90022362,thousand_transistors,50yrs/transistors.dat,20,cornell-sun-supersparc-ii-1995-06-01,SuperSparc II,Sun,1995,06,3.1,million transistors,3100,digitized_source_match,high,original_author_dataset,https://github.com/cornell-brg/processor-trends/blob/main/data/processor-trends.csv#L22; https://github.com/cornell-brg/processor-trends,"Second-pass vector match using 5 corroborating fields (cores, frequency, specint, transistors, watts); mean log error 0.004."
series-watts-point-019,1995.72115385,watts,typical_power_tdp,16.1076153462,W,50yrs/watts.dat,19,cornell-sun-supersparc-ii-1995-06-01,SuperSparc II,Sun,1995,06,16,W,16,digitized_source_match,high,original_author_dataset,https://github.com/cornell-brg/processor-trends/blob/main/data/processor-trends.csv#L22; https://github.com/cornell-brg/processor-trends,"Second-pass vector match using 5 corroborating fields (cores, frequency, specint, transistors, watts); mean log error 0.004."
series-cores-point-017,1995.76923077,cores,logical_threads_or_compute_units,1,count,50yrs/cores.dat,17,cornell-sun-supersparc-ii-1995-06-01,SuperSparc II,Sun,1995,06,1,cores,1,digitized_source_match,high,original_author_dataset,https://github.com/cornell-brg/processor-trends/blob/main/data/processor-trends.csv#L22; https://github.com/cornell-brg/processor-trends,"Second-pass vector match using 5 corroborating fields (cores, frequency, specint, transistors, watts); mean log error 0.004."
series-frequency-point-021,1996.10576923,frequency,frequency,198.095677855,MHz,50yrs/frequency.dat,21,cornell-intel-pentium-pro-1995-11-01,Pentium Pro,Intel,1995,11,200,MHz,200,digitized_source_match,high,original_author_dataset,https://github.com/cornell-brg/processor-trends/blob/main/data/processor-trends.csv#L24; https://github.com/cornell-brg/processor-trends,"Second-pass vector match using 5 corroborating fields (cores, frequency, specint, transistors, watts); mean log error 0.011."
series-specint-point-013,1996.15384615,specint,single_thread_performance,922.239565104,SPECint_rate_x1000,50yrs/specint.dat,13,cornell-sun-ultrasparc-i-1995-11-01,UltraSparc I,Sun,1995,11,0.53065,Cornell normalized performance,955.17,digitized_source_match,high,original_author_dataset,https://github.com/cornell-brg/processor-trends/blob/main/data/processor-trends.csv#L23; https://github.com/cornell-brg/processor-trends,Curated second-pass match using source order and at least three corroborating neighboring metric fields.
series-specint-point-014,1996.15384615,specint,single_thread_performance,973.377380904,SPECint_rate_x1000,50yrs/specint.dat,14,cornell-intel-pentium-pro-1995-11-01,Pentium Pro,Intel,1995,11,0.551059,Cornell normalized performance,991.9062,digitized_source_match,high,original_author_dataset,https://github.com/cornell-brg/processor-trends/blob/main/data/processor-trends.csv#L24; https://github.com/cornell-brg/processor-trends,Curated second-pass match using source order and at least three corroborating neighboring metric fields.
series-transistors-point-021,1996.15384615,transistors,transistors,5473.70326288,thousand_transistors,50yrs/transistors.dat,21,cornell-intel-pentium-pro-1995-11-01,Pentium Pro,Intel,1995,11,5.5,million transistors,5500,digitized_source_match,high,original_author_dataset,https://github.com/cornell-brg/processor-trends/blob/main/data/processor-trends.csv#L24; https://github.com/cornell-brg/processor-trends,Curated second-pass match using source order and at least three corroborating neighboring metric fields.
series-watts-point-020,1996.15384615,watts,typical_power_tdp,33.3762469429,W,50yrs/watts.dat,20,cornell-intel-pentium-pro-1995-11-01,Pentium Pro,Intel,1995,11,32.6,W,32.6,digitized_source_match,high,original_author_dataset,https://github.com/cornell-brg/processor-trends/blob/main/data/processor-trends.csv#L24; https://github.com/cornell-brg/processor-trends,"Second-pass vector match using 5 corroborating fields (cores, frequency, specint, transistors, watts); mean log error 0.011."
series-specint-point-015,1996.34615385,specint,single_thread_performance,667.142718041,SPECint_rate_x1000,50yrs/specint.dat,15,cornell-mips-r5000-1996-01-01,R5000,Mips,1996,01,0.374176,Cornell normalized performance,673.5168,digitized_source_match,high,original_author_dataset,https://github.com/cornell-brg/processor-trends/blob/main/data/processor-trends.csv#L25; https://github.com/cornell-brg/processor-trends,"Second-pass vector match using 5 corroborating fields (cores, frequency, specint, transistors, watts); mean log error 0.010."
series-specint-point-016,1996.34615385,specint,single_thread_performance,1382.37222736,SPECint_rate_x1000,50yrs/specint.dat,16,cornell-mips-r10000-1996-01-01,R10000,Mips,1996,01,0.775565,Cornell normalized performance,1396.017,digitized_source_match,high,original_author_dataset,https://github.com/cornell-brg/processor-trends/blob/main/data/processor-trends.csv#L26; https://github.com/cornell-brg/processor-trends,"Second-pass vector match using 5 corroborating fields (cores, frequency, specint, transistors, watts); mean log error 0.009."
series-transistors-point-022,1996.34615385,transistors,transistors,6792.52507006,thousand_transistors,50yrs/transistors.dat,22,cornell-mips-r10000-1996-01-01,R10000,Mips,1996,01,6.8,million transistors,6800,digitized_source_match,high,original_author_dataset,https://github.com/cornell-brg/processor-trends/blob/main/data/processor-trends.csv#L26; https://github.com/cornell-brg/processor-trends,"Second-pass vector match using 5 corroborating fields (cores, frequency, specint, transistors, watts); mean log error 0.009."
series-transistors-point-023,1996.34615385,transistors,transistors,3651.74127255,thousand_transistors,50yrs/transistors.dat,23,cornell-mips-r5000-1996-01-01,R5000,Mips,1996,01,3.6,million transistors,3600,digitized_source_match,high,original_author_dataset,https://github.com/cornell-brg/processor-trends/blob/main/data/processor-trends.csv#L25; https://github.com/cornell-brg/processor-trends,"Second-pass vector match using 5 corroborating fields (cores, frequency, specint, transistors, watts); mean log error 0.010."
series-watts-point-022,1996.34615385,watts,typical_power_tdp,10.1815172172,W,50yrs/watts.dat,22,cornell-mips-r5000-1996-01-01,R5000,Mips,1996,01,10,W,10,digitized_source_match,high,original_author_dataset,https://github.com/cornell-brg/processor-trends/blob/main/data/processor-trends.csv#L25; https://github.com/cornell-brg/processor-trends,"Second-pass vector match using 5 corroborating fields (cores, frequency, specint, transistors, watts); mean log error 0.010."
series-frequency-point-023,1996.44230769,frequency,frequency,90.5797775943,MHz,50yrs/frequency.dat,23,cornell-amd-k5-1996-03-01,K5,AMD,1996,03,90,MHz,90,digitized_source_match,high,original_author_dataset,https://github.com/cornell-brg/processor-trends/blob/main/data/processor-trends.csv#L27; https://github.com/cornell-brg/processor-trends,"Second-pass vector match using 4 corroborating fields (cores, frequency, transistors, watts); mean log error 0.010."
series-transistors-point-024,1996.44230769,transistors,transistors,4293.51021008,thousand_transistors,50yrs/transistors.dat,24,cornell-amd-k5-1996-03-01,K5,AMD,1996,03,4.3,million transistors,4300,digitized_source_match,high,original_author_dataset,https://github.com/cornell-brg/processor-trends/blob/main/data/processor-trends.csv#L27; https://github.com/cornell-brg/processor-trends,"Second-pass vector match using 4 corroborating fields (cores, frequency, transistors, watts); mean log error 0.010."
series-watts-point-023,1996.44230769,watts,typical_power_tdp,11.341944035,W,50yrs/watts.dat,23,cornell-amd-k5-1996-03-01,K5,AMD,1996,03,11,W,11,digitized_source_match,high,original_author_dataset,https://github.com/cornell-brg/processor-trends/blob/main/data/processor-trends.csv#L27; https://github.com/cornell-brg/processor-trends,"Second-pass vector match using 4 corroborating fields (cores, frequency, transistors, watts); mean log error 0.010."
series-frequency-point-024,1996.82692308,frequency,frequency,509.367521678,MHz,50yrs/frequency.dat,24,cornell-dec-alpha-21164a-1996-07-01,Alpha 21164A,DEC,1996,07,500,MHz,500,digitized_source_match,high,original_author_dataset,https://github.com/cornell-brg/processor-trends/blob/main/data/processor-trends.csv#L28; https://github.com/cornell-brg/processor-trends,"Second-pass vector match using 5 corroborating fields (cores, frequency, specint, transistors, watts); mean log error 0.010."
series-transistors-point-025,1996.82692308,transistors,transistors,9646.61619911,thousand_transistors,50yrs/transistors.dat,25,cornell-dec-alpha-21164a-1996-07-01,Alpha 21164A,DEC,1996,07,9.67,million transistors,9670,digitized_source_match,high,original_author_dataset,https://github.com/cornell-brg/processor-trends/blob/main/data/processor-trends.csv#L28; https://github.com/cornell-brg/processor-trends,"Second-pass vector match using 5 corroborating fields (cores, frequency, specint, transistors, watts); mean log error 0.010."
series-cores-point-020,1996.875,cores,logical_threads_or_compute_units,1,count,50yrs/cores.dat,20,cornell-dec-alpha-21164a-1996-07-01,Alpha 21164A,DEC,1996,07,1,cores,1,digitized_source_match,high,original_author_dataset,https://github.com/cornell-brg/processor-trends/blob/main/data/processor-trends.csv#L28; https://github.com/cornell-brg/processor-trends,Curated second-pass match using source order and at least three corroborating neighboring metric fields.
series-specint-point-017,1996.875,specint,single_thread_performance,1810.55824303,SPECint_rate_x1000,50yrs/specint.dat,17,cornell-dec-alpha-21164a-1996-07-01,Alpha 21164A,DEC,1996,07,1.02048,Cornell normalized performance,1836.864,digitized_source_match,high,original_author_dataset,https://github.com/cornell-brg/processor-trends/blob/main/data/processor-trends.csv#L28; https://github.com/cornell-brg/processor-trends,"Second-pass vector match using 5 corroborating fields (cores, frequency, specint, transistors, watts); mean log error 0.010."
series-watts-point-024,1996.875,watts,typical_power_tdp,43.7144481261,W,50yrs/watts.dat,24,cornell-dec-alpha-21164a-1996-07-01,Alpha 21164A,DEC,1996,07,43,W,43,digitized_source_match,high,original_author_dataset,https://github.com/cornell-brg/processor-trends/blob/main/data/processor-trends.csv#L28; https://github.com/cornell-brg/processor-trends,"Second-pass vector match using 5 corroborating fields (cores, frequency, specint, transistors, watts); mean log error 0.010."
series-cores-point-021,1997.25961538,cores,logical_threads_or_compute_units,1,count,50yrs/cores.dat,21,cornell-sun-ultrasparc-ii-1997-01-01,UltraSparc II,Sun,1997,01,1,cores,1,digitized_source_match,high,original_author_dataset,https://github.com/cornell-brg/processor-trends/blob/main/data/processor-trends.csv#L29; https://github.com/cornell-brg/processor-trends,"Second-pass vector match using 5 corroborating fields (cores, frequency, specint, transistors, watts); mean log error 0.007."
series-frequency-point-025,1997.35576923,frequency,frequency,252.547893258,MHz,50yrs/frequency.dat,25,cornell-sun-ultrasparc-ii-1997-01-01,UltraSparc II,Sun,1997,01,250,MHz,250,digitized_source_match,high,original_author_dataset,https://github.com/cornell-brg/processor-trends/blob/main/data/processor-trends.csv#L29; https://github.com/cornell-brg/processor-trends,"Second-pass vector match using 5 corroborating fields (cores, frequency, specint, transistors, watts); mean log error 0.007."
series-specint-point-018,1997.35576923,specint,single_thread_performance,1274.87836177,SPECint_rate_x1000,50yrs/specint.dat,18,cornell-sun-ultrasparc-ii-1997-01-01,UltraSparc II,Sun,1997,01,0.707533,Cornell normalized performance,1273.5594,digitized_source_match,high,original_author_dataset,https://github.com/cornell-brg/processor-trends/blob/main/data/processor-trends.csv#L29; https://github.com/cornell-brg/processor-trends,"Second-pass vector match using 5 corroborating fields (cores, frequency, specint, transistors, watts); mean log error 0.007."
series-transistors-point-026,1997.35576923,transistors,transistors,5473.70326288,thousand_transistors,50yrs/transistors.dat,26,cornell-sun-ultrasparc-ii-1997-01-01,UltraSparc II,Sun,1997,01,5.4,million transistors,5400,digitized_source_match,high,original_author_dataset,https://github.com/cornell-brg/processor-trends/blob/main/data/processor-trends.csv#L29; https://github.com/cornell-brg/processor-trends,"Second-pass vector match using 5 corroborating fields (cores, frequency, specint, transistors, watts); mean log error 0.007."
series-watts-point-025,1997.35576923,watts,typical_power_tdp,24.8045441431,W,50yrs/watts.dat,25,cornell-sun-ultrasparc-ii-1997-01-01,UltraSparc II,Sun,1997,01,25,W,25,digitized_source_match,high,original_author_dataset,https://github.com/cornell-brg/processor-trends/blob/main/data/processor-trends.csv#L29; https://github.com/cornell-brg/processor-trends,"Second-pass vector match using 5 corroborating fields (cores, frequency, specint, transistors, watts); mean log error 0.007."
series-frequency-point-026,1997.45192308,frequency,frequency,537.611747456,MHz,50yrs/frequency.dat,26,cornell-dec-alpha-21164pc-1997-03-01,Alpha 21164PC,DEC,1997,03,533,MHz,533,digitized_source_match,high,original_author_dataset,https://github.com/cornell-brg/processor-trends/blob/main/data/processor-trends.csv#L30; https://github.com/cornell-brg/processor-trends,"Second-pass vector match using 5 corroborating fields (cores, frequency, specint, transistors, watts); mean log error 0.007."
series-specint-point-019,1997.45192308,specint,single_thread_performance,1762.35644057,SPECint_rate_x1000,50yrs/specint.dat,19,cornell-dec-alpha-21164pc-1997-03-01,Alpha 21164PC,DEC,1997,03,0.972858,Cornell normalized performance,1751.1444,digitized_source_match,high,original_author_dataset,https://github.com/cornell-brg/processor-trends/blob/main/data/processor-trends.csv#L30; https://github.com/cornell-brg/processor-trends,"Second-pass vector match using 5 corroborating fields (cores, frequency, specint, transistors, watts); mean log error 0.007."
series-transistors-point-027,1997.45192308,transistors,transistors,3554.52235561,thousand_transistors,50yrs/transistors.dat,27,cornell-dec-alpha-21164pc-1997-03-01,Alpha 21164PC,DEC,1997,03,3.5,million transistors,3500,digitized_source_match,high,original_author_dataset,https://github.com/cornell-brg/processor-trends/blob/main/data/processor-trends.csv#L30; https://github.com/cornell-brg/processor-trends,"Second-pass vector match using 5 corroborating fields (cores, frequency, specint, transistors, watts); mean log error 0.007."
series-watts-point-026,1997.45192308,watts,typical_power_tdp,36.1904305625,W,50yrs/watts.dat,26,cornell-dec-alpha-21164pc-1997-03-01,Alpha 21164PC,DEC,1997,03,36,W,36,digitized_source_match,high,original_author_dataset,https://github.com/cornell-brg/processor-trends/blob/main/data/processor-trends.csv#L30; https://github.com/cornell-brg/processor-trends,"Second-pass vector match using 5 corroborating fields (cores, frequency, specint, transistors, watts); mean log error 0.007."
series-frequency-point-027,1997.54807692,frequency,frequency,232.909659246,MHz,50yrs/frequency.dat,27,cornell-amd-k6-1997-04-01,K6,AMD,1997,04,233,MHz,233,digitized_source_match,high,original_author_dataset,https://github.com/cornell-brg/processor-trends/blob/main/data/processor-trends.csv#L31; https://github.com/cornell-brg/processor-trends,"Second-pass vector match using 5 corroborating fields (cores, frequency, specint, transistors, watts); mean log error 0.003."
series-transistors-point-028,1997.54807692,transistors,transistors,8896.4911282,thousand_transistors,50yrs/transistors.dat,28,cornell-amd-k6-1997-04-01,K6,AMD,1997,04,8.8,million transistors,8800,digitized_source_match,high,original_author_dataset,https://github.com/cornell-brg/processor-trends/blob/main/data/processor-trends.csv#L31; https://github.com/cornell-brg/processor-trends,"Second-pass vector match using 5 corroborating fields (cores, frequency, specint, transistors, watts); mean log error 0.003."
series-watts-point-027,1997.54807692,watts,typical_power_tdp,17.0007761882,W,50yrs/watts.dat,27,cornell-amd-k6-1997-04-01,K6,AMD,1997,04,17,W,17,digitized_source_match,high,original_author_dataset,https://github.com/cornell-brg/processor-trends/blob/main/data/processor-trends.csv#L31; https://github.com/cornell-brg/processor-trends,"Second-pass vector match using 5 corroborating fields (cores, frequency, specint, transistors, watts); mean log error 0.003."
series-specint-point-020,1997.59615385,specint,single_thread_performance,827.882590628,SPECint_rate_x1000,50yrs/specint.dat,20,cornell-amd-k6-1997-04-01,K6,AMD,1997,04,0.462618,Cornell normalized performance,832.7124,digitized_source_match,high,original_author_dataset,https://github.com/cornell-brg/processor-trends/blob/main/data/processor-trends.csv#L31; https://github.com/cornell-brg/processor-trends,"Second-pass vector match using 5 corroborating fields (cores, frequency, specint, transistors, watts); mean log error 0.003."
series-frequency-point-028,1997.64423077,frequency,frequency,296.93148482,MHz,50yrs/frequency.dat,28,cornell-intel-pentium-ii-klamath-1997-05-01,Pentium II (klamath),Intel,1997,05,300,MHz,300,digitized_source_match,high,original_author_dataset,https://github.com/cornell-brg/processor-trends/blob/main/data/processor-trends.csv#L32; https://github.com/cornell-brg/processor-trends,"Second-pass vector match using 5 corroborating fields (cores, frequency, specint, transistors, watts); mean log error 0.010."
series-specint-point-021,1997.64423077,specint,single_thread_performance,1459.02421563,SPECint_rate_x1000,50yrs/specint.dat,21,cornell-intel-pentium-ii-klamath-1997-05-01,Pentium II (klamath),Intel,1997,05,0.795974,Cornell normalized performance,1432.7532,digitized_source_match,high,original_author_dataset,https://github.com/cornell-brg/processor-trends/blob/main/data/processor-trends.csv#L32; https://github.com/cornell-brg/processor-trends,"Second-pass vector match using 5 corroborating fields (cores, frequency, specint, transistors, watts); mean log error 0.010."
series-transistors-point-029,1997.64423077,transistors,transistors,7566.6953714,thousand_transistors,50yrs/transistors.dat,29,cornell-intel-pentium-ii-klamath-1997-05-01,Pentium II (klamath),Intel,1997,05,7.5,million transistors,7500,digitized_source_match,high,original_author_dataset,https://github.com/cornell-brg/processor-trends/blob/main/data/processor-trends.csv#L32; https://github.com/cornell-brg/processor-trends,"Second-pass vector match using 5 corroborating fields (cores, frequency, specint, transistors, watts); mean log error 0.010."
series-watts-point-028,1997.64423077,watts,typical_power_tdp,32.4876838337,W,50yrs/watts.dat,28,cornell-intel-pentium-ii-klamath-1997-05-01,Pentium II (klamath),Intel,1997,05,32,W,32,digitized_source_match,high,original_author_dataset,https://github.com/cornell-brg/processor-trends/blob/main/data/processor-trends.csv#L32; https://github.com/cornell-brg/processor-trends,"Second-pass vector match using 5 corroborating fields (cores, frequency, specint, transistors, watts); mean log error 0.010."
series-cores-point-024,1998.84615385,cores,logical_threads_or_compute_units,1,count,50yrs/cores.dat,24,cornell-dec-alpha-21264-1998-07-01,Alpha 21264,DEC,1998,07,1,cores,1,digitized_source_match,high,original_author_dataset,https://github.com/cornell-brg/processor-trends/blob/main/data/processor-trends.csv#L33; https://github.com/cornell-brg/processor-trends,"Second-pass vector match using 5 corroborating fields (cores, frequency, specint, transistors, watts); mean log error 0.005."
series-frequency-point-029,1998.84615385,frequency,frequency,495.806824168,MHz,50yrs/frequency.dat,29,cornell-dec-alpha-21264-1998-07-01,Alpha 21264,DEC,1998,07,500,MHz,500,digitized_source_match,high,original_author_dataset,https://github.com/cornell-brg/processor-trends/blob/main/data/processor-trends.csv#L33; https://github.com/cornell-brg/processor-trends,"Second-pass vector match using 5 corroborating fields (cores, frequency, specint, transistors, watts); mean log error 0.005."
series-specint-point-022,1998.89423077,specint,single_thread_performance,3554.52235561,SPECint_rate_x1000,50yrs/specint.dat,22,cornell-dec-alpha-21264-1998-07-01,Alpha 21264,DEC,1998,07,1.9904,Cornell normalized performance,3582.72,digitized_source_match,high,original_author_dataset,https://github.com/cornell-brg/processor-trends/blob/main/data/processor-trends.csv#L33; https://github.com/cornell-brg/processor-trends,"Second-pass vector match using 5 corroborating fields (cores, frequency, specint, transistors, watts); mean log error 0.005."
series-transistors-point-030,1998.89423077,transistors,transistors,15261.3780258,thousand_transistors,50yrs/transistors.dat,30,cornell-dec-alpha-21264-1998-07-01,Alpha 21264,DEC,1998,07,15.2,million transistors,15200,digitized_source_match,high,original_author_dataset,https://github.com/cornell-brg/processor-trends/blob/main/data/processor-trends.csv#L33; https://github.com/cornell-brg/processor-trends,"Second-pass vector match using 5 corroborating fields (cores, frequency, specint, transistors, watts); mean log error 0.005."
series-watts-point-029,1998.89423077,watts,typical_power_tdp,90.5797775943,W,50yrs/watts.dat,29,cornell-dec-alpha-21264-1998-07-01,Alpha 21264,DEC,1998,07,91,W,91,digitized_source_match,high,original_author_dataset,https://github.com/cornell-brg/processor-trends/blob/main/data/processor-trends.csv#L33; https://github.com/cornell-brg/processor-trends,"Second-pass vector match using 5 corroborating fields (cores, frequency, specint, transistors, watts); mean log error 0.005."
series-frequency-point-030,1999.13461538,frequency,frequency,296.93148482,MHz,50yrs/frequency.dat,30,cornell-mips-r12000-1998-11-01,R12000,Mips,1998,11,300,MHz,300,digitized_source_match,high,original_author_dataset,https://github.com/cornell-brg/processor-trends/blob/main/data/processor-trends.csv#L34; https://github.com/cornell-brg/processor-trends,"Second-pass vector match using 5 corroborating fields (cores, frequency, specint, transistors, watts); mean log error 0.009."
series-transistors-point-031,1999.13461538,transistors,transistors,9389.79801048,thousand_transistors,50yrs/transistors.dat,31,cornell-amd-k6-2-1998-11-01,K6-2,AMD,1998,11,9.3,million transistors,9300,digitized_source_match,high,original_author_dataset,https://github.com/cornell-brg/processor-trends/blob/main/data/processor-trends.csv#L35; https://github.com/cornell-brg/processor-trends,"Second-pass vector match using 5 corroborating fields (cores, frequency, specint, transistors, watts); mean log error 0.006."
series-frequency-point-031,1999.18269231,frequency,frequency,399.542055895,MHz,50yrs/frequency.dat,31,cornell-amd-k6-2-1998-11-01,K6-2,AMD,1998,11,400,MHz,400,digitized_source_match,high,original_author_dataset,https://github.com/cornell-brg/processor-trends/blob/main/data/processor-trends.csv#L35; https://github.com/cornell-brg/processor-trends,"Second-pass vector match using 5 corroborating fields (cores, frequency, specint, transistors, watts); mean log error 0.006."
series-specint-point-023,1999.18269231,specint,single_thread_performance,2308.24152676,SPECint_rate_x1000,50yrs/specint.dat,23,cornell-mips-r12000-1998-11-01,R12000,Mips,1998,11,1.251789,Cornell normalized performance,2253.2202,digitized_source_match,high,original_author_dataset,https://github.com/cornell-brg/processor-trends/blob/main/data/processor-trends.csv#L34; https://github.com/cornell-brg/processor-trends,"Second-pass vector match using 5 corroborating fields (cores, frequency, specint, transistors, watts); mean log error 0.009."
series-specint-point-024,1999.18269231,specint,single_thread_performance,1144.4419008,SPECint_rate_x1000,50yrs/specint.dat,24,cornell-amd-k6-2-1998-11-01,K6-2,AMD,1998,11,0.646304,Cornell normalized performance,1163.3472,digitized_source_match,high,original_author_dataset,https://github.com/cornell-brg/processor-trends/blob/main/data/processor-trends.csv#L35; https://github.com/cornell-brg/processor-trends,"Second-pass vector match using 5 corroborating fields (cores, frequency, specint, transistors, watts); mean log error 0.006."
series-transistors-point-032,1999.18269231,transistors,transistors,6978.3058486,thousand_transistors,50yrs/transistors.dat,32,cornell-mips-r12000-1998-11-01,R12000,Mips,1998,11,6.9,million transistors,6900,digitized_source_match,high,original_author_dataset,https://github.com/cornell-brg/processor-trends/blob/main/data/processor-trends.csv#L34; https://github.com/cornell-brg/processor-trends,"Second-pass vector match using 5 corroborating fields (cores, frequency, specint, transistors, watts); mean log error 0.009."
series-watts-point-030,1999.18269231,watts,typical_power_tdp,29.96142741,W,50yrs/watts.dat,30,cornell-mips-r12000-1998-11-01,R12000,Mips,1998,11,30,W,30,digitized_source_match,high,original_author_dataset,https://github.com/cornell-brg/processor-trends/blob/main/data/processor-trends.csv#L34; https://github.com/cornell-brg/processor-trends,"Second-pass vector match using 5 corroborating fields (cores, frequency, specint, transistors, watts); mean log error 0.009."
series-watts-point-031,1999.18269231,watts,typical_power_tdp,14.0746466334,W,50yrs/watts.dat,31,cornell-amd-k6-2-1998-11-01,K6-2,AMD,1998,11,14,W,14,digitized_source_match,high,original_author_dataset,https://github.com/cornell-brg/processor-trends/blob/main/data/processor-trends.csv#L35; https://github.com/cornell-brg/processor-trends,"Second-pass vector match using 5 corroborating fields (cores, frequency, specint, transistors, watts); mean log error 0.006."
series-frequency-point-032,1999.47115385,frequency,frequency,457.252669897,MHz,50yrs/frequency.dat,32,cornell-amd-k6-iii-1999-02-01,K6-III,AMD,1999,02,450,MHz,450,digitized_source_match,high,original_author_dataset,https://github.com/cornell-brg/processor-trends/blob/main/data/processor-trends.csv#L37; https://github.com/cornell-brg/processor-trends,"Second-pass vector match using 5 corroborating fields (cores, frequency, specint, transistors, watts); mean log error 0.008."
series-frequency-point-033,1999.47115385,frequency,frequency,509.367521678,MHz,50yrs/frequency.dat,33,cornell-intel-pentium-iii-katmai-1999-02-01,Pentium III (katmai),Intel,1999,02,500,MHz,500,digitized_source_match,high,original_author_dataset,https://github.com/cornell-brg/processor-trends/blob/main/data/processor-trends.csv#L36; https://github.com/cornell-brg/processor-trends,"Second-pass vector match using 5 corroborating fields (cores, frequency, specint, transistors, watts); mean log error 0.009."
series-specint-point-025,1999.47115385,specint,single_thread_performance,2713.89943121,SPECint_rate_x1000,50yrs/specint.dat,25,cornell-intel-pentium-iii-katmai-1999-02-01,Pentium III (katmai),Intel,1999,02,1.4912,Cornell normalized performance,2684.16,digitized_source_match,high,original_author_dataset,https://github.com/cornell-brg/processor-trends/blob/main/data/processor-trends.csv#L36; https://github.com/cornell-brg/processor-trends,"Second-pass vector match using 5 corroborating fields (cores, frequency, specint, transistors, watts); mean log error 0.009."
series-transistors-point-033,1999.47115385,transistors,transistors,9389.79801048,thousand_transistors,50yrs/transistors.dat,33,cornell-intel-pentium-iii-katmai-1999-02-01,Pentium III (katmai),Intel,1999,02,9.5,million transistors,9500,digitized_source_match,high,original_author_dataset,https://github.com/cornell-brg/processor-trends/blob/main/data/processor-trends.csv#L36; https://github.com/cornell-brg/processor-trends,"Second-pass vector match using 5 corroborating fields (cores, frequency, specint, transistors, watts); mean log error 0.009."
series-transistors-point-034,1999.47115385,transistors,transistors,21673.9216957,thousand_transistors,50yrs/transistors.dat,34,cornell-amd-k6-iii-1999-02-01,K6-III,AMD,1999,02,21.3,million transistors,21300,digitized_source_match,high,original_author_dataset,https://github.com/cornell-brg/processor-trends/blob/main/data/processor-trends.csv#L37; https://github.com/cornell-brg/processor-trends,"Second-pass vector match using 5 corroborating fields (cores, frequency, specint, transistors, watts); mean log error 0.008."
series-watts-point-032,1999.47115385,watts,typical_power_tdp,17.0007761882,W,50yrs/watts.dat,32,cornell-amd-k6-iii-1999-02-01,K6-III,AMD,1999,02,17,W,17,digitized_source_match,high,original_author_dataset,https://github.com/cornell-brg/processor-trends/blob/main/data/processor-trends.csv#L37; https://github.com/cornell-brg/processor-trends,"Second-pass vector match using 5 corroborating fields (cores, frequency, specint, transistors, watts); mean log error 0.008."
series-watts-point-033,1999.47115385,watts,typical_power_tdp,21.0969051341,W,50yrs/watts.dat,33,cornell-intel-pentium-iii-katmai-1999-02-01,Pentium III (katmai),Intel,1999,02,21,W,21,digitized_source_match,high,original_author_dataset,https://github.com/cornell-brg/processor-trends/blob/main/data/processor-trends.csv#L36; https://github.com/cornell-brg/processor-trends,"Second-pass vector match using 5 corroborating fields (cores, frequency, specint, transistors, watts); mean log error 0.009."
series-specint-point-026,1999.51923077,specint,single_thread_performance,1860.07840181,SPECint_rate_x1000,50yrs/specint.dat,26,cornell-amd-k6-iii-1999-02-01,K6-III,AMD,1999,02,1.04089,Cornell normalized performance,1873.602,digitized_source_match,high,original_author_dataset,https://github.com/cornell-brg/processor-trends/blob/main/data/processor-trends.csv#L37; https://github.com/cornell-brg/processor-trends,"Second-pass vector match using 5 corroborating fields (cores, frequency, specint, transistors, watts); mean log error 0.008."
series-cores-point-027,2000.19230769,cores,logical_threads_or_compute_units,1,count,50yrs/cores.dat,27,cornell-amd-k7-1999-11-01,K7,AMD,1999,11,1,cores,1,digitized_source_match,high,original_author_dataset,https://github.com/cornell-brg/processor-trends/blob/main/data/processor-trends.csv#L38; https://github.com/cornell-brg/processor-trends,"Second-pass vector match using 5 corroborating fields (cores, frequency, specint, transistors, watts); mean log error 0.011."
series-frequency-point-034,2000.19230769,frequency,frequency,743.179548784,MHz,50yrs/frequency.dat,34,cornell-amd-k7-1999-11-01,K7,AMD,1999,11,750,MHz,750,digitized_source_match,high,original_author_dataset,https://github.com/cornell-brg/processor-trends/blob/main/data/processor-trends.csv#L38; https://github.com/cornell-brg/processor-trends,"Second-pass vector match using 5 corroborating fields (cores, frequency, specint, transistors, watts); mean log error 0.011."
series-specint-point-027,2000.19230769,specint,single_thread_performance,3367.78028307,SPECint_rate_x1000,50yrs/specint.dat,27,cornell-amd-k7-1999-11-01,K7,AMD,1999,11,1.87088,Cornell normalized performance,3367.584,digitized_source_match,high,original_author_dataset,https://github.com/cornell-brg/processor-trends/blob/main/data/processor-trends.csv#L38; https://github.com/cornell-brg/processor-trends,"Second-pass vector match using 5 corroborating fields (cores, frequency, specint, transistors, watts); mean log error 0.011."
series-transistors-point-035,2000.19230769,transistors,transistors,22266.7201035,thousand_transistors,50yrs/transistors.dat,35,cornell-amd-k7-1999-11-01,K7,AMD,1999,11,22,million transistors,22000,digitized_source_match,high,original_author_dataset,https://github.com/cornell-brg/processor-trends/blob/main/data/processor-trends.csv#L38; https://github.com/cornell-brg/processor-trends,"Second-pass vector match using 5 corroborating fields (cores, frequency, specint, transistors, watts); mean log error 0.011."
series-watts-point-034,2000.19230769,watts,typical_power_tdp,36.1904305625,W,50yrs/watts.dat,34,cornell-amd-k7-1999-11-01,K7,AMD,1999,11,35,W,35,digitized_source_match,high,original_author_dataset,https://github.com/cornell-brg/processor-trends/blob/main/data/processor-trends.csv#L38; https://github.com/cornell-brg/processor-trends,"Second-pass vector match using 5 corroborating fields (cores, frequency, specint, transistors, watts); mean log error 0.011."
series-transistors-point-036,2000.67307692,transistors,transistors,28387.3596476,thousand_transistors,50yrs/transistors.dat,36,cornell-intel-pentium-iii-coppermine-2000-05-01,Pentium III (coppermine),Intel,2000,05,28,million transistors,28000,digitized_source_match,high,original_author_dataset,https://github.com/cornell-brg/processor-trends/blob/main/data/processor-trends.csv#L39; https://github.com/cornell-brg/processor-trends,"Second-pass vector match using 5 corroborating fields (cores, frequency, specint, transistors, watts); mean log error 0.005."
series-transistors-point-037,2000.67307692,transistors,transistors,37180.2666391,thousand_transistors,50yrs/transistors.dat,37,cornell-amd-athlon-tbird-2000-05-01,Athlon Tbird,AMD,2000,05,37,million transistors,37000,digitized_source_match,high,original_author_dataset,https://github.com/cornell-brg/processor-trends/blob/main/data/processor-trends.csv#L40; https://github.com/cornell-brg/processor-trends,"Second-pass vector match using 5 corroborating fields (cores, frequency, specint, transistors, watts); mean log error 0.004."
series-watts-point-035,2000.67307692,watts,typical_power_tdp,48.6967525166,W,50yrs/watts.dat,35,cornell-amd-athlon-tbird-2000-05-01,Athlon Tbird,AMD,2000,05,49,W,49,digitized_source_match,high,original_author_dataset,https://github.com/cornell-brg/processor-trends/blob/main/data/processor-trends.csv#L40; https://github.com/cornell-brg/processor-trends,"Second-pass vector match using 5 corroborating fields (cores, frequency, specint, transistors, watts); mean log error 0.004."
series-watts-point-036,2000.67307692,watts,typical_power_tdp,19.9885481187,W,50yrs/watts.dat,36,cornell-intel-pentium-iii-coppermine-2000-05-01,Pentium III (coppermine),Intel,2000,05,20,W,20,digitized_source_match,high,original_author_dataset,https://github.com/cornell-brg/processor-trends/blob/main/data/processor-trends.csv#L39; https://github.com/cornell-brg/processor-trends,"Second-pass vector match using 5 corroborating fields (cores, frequency, specint, transistors, watts); mean log error 0.005."
series-frequency-point-036,2001.10576923,frequency,frequency,897.687132447,MHz,50yrs/frequency.dat,36,cornell-sun-ultrasparc-iii-2000-09-01,UltraSparc III,Sun,2000,09,900,MHz,900,digitized_source_match,high,original_author_dataset,https://github.com/cornell-brg/processor-trends/blob/main/data/processor-trends.csv#L41; https://github.com/cornell-brg/processor-trends,"Second-pass vector match using 5 corroborating fields (cores, frequency, specint, transistors, watts); mean log error 0.008."
series-specint-point-029,2001.10576923,specint,single_thread_performance,5473.70326288,SPECint_rate_x1000,50yrs/specint.dat,29,cornell-sun-ultrasparc-iii-2000-09-01,UltraSparc III,Sun,2000,09,2.9888,Cornell normalized performance,5379.84,digitized_source_match,high,original_author_dataset,https://github.com/cornell-brg/processor-trends/blob/main/data/processor-trends.csv#L41; https://github.com/cornell-brg/processor-trends,"Second-pass vector match using 5 corroborating fields (cores, frequency, specint, transistors, watts); mean log error 0.008."
series-transistors-point-038,2001.10576923,transistors,transistors,29163.7757405,thousand_transistors,50yrs/transistors.dat,38,cornell-sun-ultrasparc-iii-2000-09-01,UltraSparc III,Sun,2000,09,29,million transistors,29000,digitized_source_match,high,original_author_dataset,https://github.com/cornell-brg/processor-trends/blob/main/data/processor-trends.csv#L41; https://github.com/cornell-brg/processor-trends,"Second-pass vector match using 5 corroborating fields (cores, frequency, specint, transistors, watts); mean log error 0.008."
series-watts-point-037,2001.10576923,watts,typical_power_tdp,71.0497411443,W,50yrs/watts.dat,37,cornell-sun-ultrasparc-iii-2000-09-01,UltraSparc III,Sun,2000,09,70,W,70,digitized_source_match,high,original_author_dataset,https://github.com/cornell-brg/processor-trends/blob/main/data/processor-trends.csv#L41; https://github.com/cornell-brg/processor-trends,Curated second-pass match using source order and at least three corroborating neighboring metric fields.
series-frequency-point-037,2001.20192308,frequency,frequency,2016.91455473,MHz,50yrs/frequency.dat,37,cornell-intel-pentium-4-willamette-2000-11-01,Pentium 4 (willamette),Intel,2000,11,2000,MHz,2000,digitized_source_match,high,original_author_dataset,https://github.com/cornell-brg/processor-trends/blob/main/data/processor-trends.csv#L42; https://github.com/cornell-brg/processor-trends,"Second-pass vector match using 5 corroborating fields (cores, frequency, specint, transistors, watts); mean log error 0.010."
series-specint-point-030,2001.20192308,specint,single_thread_performance,6264.33536657,SPECint_rate_x1000,50yrs/specint.dat,30,cornell-intel-pentium-4-willamette-2000-11-01,Pentium 4 (willamette),Intel,2000,11,3.4304,Cornell normalized performance,6174.72,digitized_source_match,high,original_author_dataset,https://github.com/cornell-brg/processor-trends/blob/main/data/processor-trends.csv#L42; https://github.com/cornell-brg/processor-trends,"Second-pass vector match using 5 corroborating fields (cores, frequency, specint, transistors, watts); mean log error 0.010."
series-transistors-point-039,2001.20192308,transistors,transistors,42550.6550247,thousand_transistors,50yrs/transistors.dat,39,cornell-intel-pentium-4-willamette-2000-11-01,Pentium 4 (willamette),Intel,2000,11,42,million transistors,42000,digitized_source_match,high,original_author_dataset,https://github.com/cornell-brg/processor-trends/blob/main/data/processor-trends.csv#L42; https://github.com/cornell-brg/processor-trends,"Second-pass vector match using 5 corroborating fields (cores, frequency, specint, transistors, watts); mean log error 0.010."
series-watts-point-038,2001.20192308,watts,typical_power_tdp,72.9930061435,W,50yrs/watts.dat,38,cornell-intel-pentium-4-willamette-2000-11-01,Pentium 4 (willamette),Intel,2000,11,72,W,72,digitized_source_match,high,original_author_dataset,https://github.com/cornell-brg/processor-trends/blob/main/data/processor-trends.csv#L42; https://github.com/cornell-brg/processor-trends,Curated second-pass match using source order and at least three corroborating neighboring metric fields.
series-cores-point-030,2001.63461538,cores,logical_threads_or_compute_units,1,count,50yrs/cores.dat,30,cornell-intel-itanium-2001-05-01,Itanium,Intel,2001,05,1,cores,1,digitized_source_match,high,original_author_dataset,https://github.com/cornell-brg/processor-trends/blob/main/data/processor-trends.csv#L43; https://github.com/cornell-brg/processor-trends,Curated second-pass match using source order and at least three corroborating neighboring metric fields.
series-frequency-point-038,2001.68269231,frequency,frequency,805.842187761,MHz,50yrs/frequency.dat,38,cornell-intel-itanium-2001-05-01,Itanium,Intel,2001,05,800,MHz,800,digitized_source_match,high,original_author_dataset,https://github.com/cornell-brg/processor-trends/blob/main/data/processor-trends.csv#L43; https://github.com/cornell-brg/processor-trends,"Second-pass vector match using 5 corroborating fields (cores, frequency, specint, transistors, watts); mean log error 0.007."
series-specint-point-031,2001.68269231,specint,single_thread_performance,4293.51021008,SPECint_rate_x1000,50yrs/specint.dat,31,cornell-intel-itanium-2001-05-01,Itanium,Intel,2001,05,2.368,Cornell normalized performance,4262.4,digitized_source_match,high,original_author_dataset,https://github.com/cornell-brg/processor-trends/blob/main/data/processor-trends.csv#L43; https://github.com/cornell-brg/processor-trends,"Second-pass vector match using 5 corroborating fields (cores, frequency, specint, transistors, watts); mean log error 0.007."
series-transistors-point-040,2001.68269231,transistors,transistors,25482.9674798,thousand_transistors,50yrs/transistors.dat,40,cornell-intel-itanium-2001-05-01,Itanium,Intel,2001,05,25,million transistors,25000,digitized_source_match,high,original_author_dataset,https://github.com/cornell-brg/processor-trends/blob/main/data/processor-trends.csv#L43; https://github.com/cornell-brg/processor-trends,"Second-pass vector match using 5 corroborating fields (cores, frequency, specint, transistors, watts); mean log error 0.007."
series-watts-point-039,2001.68269231,watts,typical_power_tdp,98.2171889188,W,50yrs/watts.dat,39,cornell-intel-itanium-2001-05-01,Itanium,Intel,2001,05,98,W,98,digitized_source_match,high,original_author_dataset,https://github.com/cornell-brg/processor-trends/blob/main/data/processor-trends.csv#L43; https://github.com/cornell-brg/processor-trends,"Second-pass vector match using 5 corroborating fields (cores, frequency, specint, transistors, watts); mean log error 0.007."
series-cores-point-031,2001.77884615,cores,logical_threads_or_compute_units,1,count,50yrs/cores.dat,31,cornell-amd-k6-2-2001-06-01,K6-2,AMD,2001,06,1,cores,1,digitized_source_match,high,original_author_dataset,https://github.com/cornell-brg/processor-trends/blob/main/data/processor-trends.csv#L44; https://github.com/cornell-brg/processor-trends,Curated second-pass match using source order and at least three corroborating neighboring metric fields.
series-frequency-point-039,2001.77884615,frequency,frequency,1420.18116969,MHz,50yrs/frequency.dat,39,cornell-amd-k6-2-2001-06-01,K6-2,AMD,2001,06,1400,MHz,1400,digitized_source_match,high,original_author_dataset,https://github.com/cornell-brg/processor-trends/blob/main/data/processor-trends.csv#L44; https://github.com/cornell-brg/processor-trends,"Second-pass vector match using 5 corroborating fields (cores, frequency, specint, transistors, watts); mean log error 0.012."
series-specint-point-032,2001.77884615,specint,single_thread_performance,6264.33536657,SPECint_rate_x1000,50yrs/specint.dat,32,cornell-amd-k6-2-2001-06-01,K6-2,AMD,2001,06,3.5456,Cornell normalized performance,6382.08,digitized_source_match,high,original_author_dataset,https://github.com/cornell-brg/processor-trends/blob/main/data/processor-trends.csv#L44; https://github.com/cornell-brg/processor-trends,"Second-pass vector match using 5 corroborating fields (cores, frequency, specint, transistors, watts); mean log error 0.012."
series-transistors-point-041,2001.82692308,transistors,transistors,37180.2666391,thousand_transistors,50yrs/transistors.dat,41,cornell-amd-k6-2-2001-06-01,K6-2,AMD,2001,06,37,million transistors,37000,digitized_source_match,high,original_author_dataset,https://github.com/cornell-brg/processor-trends/blob/main/data/processor-trends.csv#L44; https://github.com/cornell-brg/processor-trends,"Second-pass vector match using 5 corroborating fields (cores, frequency, specint, transistors, watts); mean log error 0.012."
series-watts-point-040,2001.82692308,watts,typical_power_tdp,57.2548788436,W,50yrs/watts.dat,40,cornell-amd-k6-2-2001-06-01,K6-2,AMD,2001,06,56,W,56,digitized_source_match,high,original_author_dataset,https://github.com/cornell-brg/processor-trends/blob/main/data/processor-trends.csv#L44; https://github.com/cornell-brg/processor-trends,"Second-pass vector match using 5 corroborating fields (cores, frequency, specint, transistors, watts); mean log error 0.012."
series-cores-point-032,2002.35576923,cores,logical_threads_or_compute_units,1,count,50yrs/cores.dat,32,cornell-intel-pentium-4-northwood-2002-01-01,Pentium 4 (northwood),Intel,2002,01,1,cores,1,digitized_source_match,high,original_author_dataset,https://github.com/cornell-brg/processor-trends/blob/main/data/processor-trends.csv#L45; https://github.com/cornell-brg/processor-trends,"Second-pass vector match using 5 corroborating fields (cores, frequency, specint, transistors, watts); mean log error 0.011."
series-frequency-point-040,2002.40384615,frequency,frequency,2246.79009181,MHz,50yrs/frequency.dat,40,cornell-intel-pentium-4-northwood-2002-01-01,Pentium 4 (northwood),Intel,2002,01,2200,MHz,2200,digitized_source_match,high,original_author_dataset,https://github.com/cornell-brg/processor-trends/blob/main/data/processor-trends.csv#L45; https://github.com/cornell-brg/processor-trends,"Second-pass vector match using 5 corroborating fields (cores, frequency, specint, transistors, watts); mean log error 0.011."
series-specint-point-033,2002.40384615,specint,single_thread_performance,9389.79801048,SPECint_rate_x1000,50yrs/specint.dat,33,cornell-intel-pentium-4-northwood-2002-01-01,Pentium 4 (northwood),Intel,2002,01,5.1904,Cornell normalized performance,9342.72,digitized_source_match,high,original_author_dataset,https://github.com/cornell-brg/processor-trends/blob/main/data/processor-trends.csv#L45; https://github.com/cornell-brg/processor-trends,"Second-pass vector match using 5 corroborating fields (cores, frequency, specint, transistors, watts); mean log error 0.011."
series-transistors-point-042,2002.40384615,transistors,transistors,55730.6040127,thousand_transistors,50yrs/transistors.dat,42,cornell-intel-pentium-4-northwood-2002-01-01,Pentium 4 (northwood),Intel,2002,01,55,million transistors,55000,digitized_source_match,high,original_author_dataset,https://github.com/cornell-brg/processor-trends/blob/main/data/processor-trends.csv#L45; https://github.com/cornell-brg/processor-trends,"Second-pass vector match using 5 corroborating fields (cores, frequency, specint, transistors, watts); mean log error 0.011."
series-watts-point-041,2002.40384615,watts,typical_power_tdp,48.6967525166,W,50yrs/watts.dat,41,cornell-intel-pentium-4-northwood-2002-01-01,Pentium 4 (northwood),Intel,2002,01,48,W,48,digitized_source_match,high,original_author_dataset,https://github.com/cornell-brg/processor-trends/blob/main/data/processor-trends.csv#L45; https://github.com/cornell-brg/processor-trends,"Second-pass vector match using 5 corroborating fields (cores, frequency, specint, transistors, watts); mean log error 0.011."
series-cores-point-033,2002.74038462,cores,logical_threads_or_compute_units,1,count,50yrs/cores.dat,33,cornell-amd-athlon-xp-tbred-2002-06-01,Athlon XP Tbred,AMD,2002,06,1,cores,1,digitized_source_match,high,original_author_dataset,https://github.com/cornell-brg/processor-trends/blob/main/data/processor-trends.csv#L46; https://github.com/cornell-brg/processor-trends,Curated second-pass match using source order and at least three corroborating neighboring metric fields.
series-frequency-point-041,2002.78846154,frequency,frequency,1810.55824303,MHz,50yrs/frequency.dat,41,cornell-amd-athlon-xp-tbred-2002-06-01,Athlon XP Tbred,AMD,2002,06,1800,MHz,1800,digitized_source_match,high,original_author_dataset,https://github.com/cornell-brg/processor-trends/blob/main/data/processor-trends.csv#L46; https://github.com/cornell-brg/processor-trends,"Second-pass vector match using 5 corroborating fields (cores, frequency, specint, transistors, watts); mean log error 0.010."
series-transistors-point-043,2002.78846154,transistors,transistors,38197.1754928,thousand_transistors,50yrs/transistors.dat,43,cornell-amd-athlon-xp-tbred-2002-06-01,Athlon XP Tbred,AMD,2002,06,37.2,million transistors,37200,digitized_source_match,high,original_author_dataset,https://github.com/cornell-brg/processor-trends/blob/main/data/processor-trends.csv#L46; https://github.com/cornell-brg/processor-trends,"Second-pass vector match using 5 corroborating fields (cores, frequency, specint, transistors, watts); mean log error 0.010."
series-specint-point-034,2002.83653846,specint,single_thread_performance,8659.6432336,SPECint_rate_x1000,50yrs/specint.dat,34,cornell-amd-athlon-xp-tbred-2002-06-01,Athlon XP Tbred,AMD,2002,06,4.7232,Cornell normalized performance,8501.76,digitized_source_match,high,original_author_dataset,https://github.com/cornell-brg/processor-trends/blob/main/data/processor-trends.csv#L46; https://github.com/cornell-brg/processor-trends,Curated second-pass match using source order and at least three corroborating neighboring metric fields.
series-watts-point-042,2002.83653846,watts,typical_power_tdp,62.0824360719,W,50yrs/watts.dat,42,cornell-amd-athlon-xp-tbred-2002-06-01,Athlon XP Tbred,AMD,2002,06,62,W,62,digitized_source_match,high,original_author_dataset,https://github.com/cornell-brg/processor-trends/blob/main/data/processor-trends.csv#L46; https://github.com/cornell-brg/processor-trends,"Second-pass vector match using 5 corroborating fields (cores, frequency, specint, transistors, watts); mean log error 0.010."
series-frequency-point-042,2002.88461538,frequency,frequency,1000,MHz,50yrs/frequency.dat,42,cornell-intel-itanium-2-2002-07-01,Itanium 2,Intel,2002,07,1000,MHz,1000,digitized_source_match,high,original_author_dataset,https://github.com/cornell-brg/processor-trends/blob/main/data/processor-trends.csv#L47; https://github.com/cornell-brg/processor-trends,"Second-pass vector match using 5 corroborating fields (cores, frequency, specint, transistors, watts); mean log error 0.002."
series-specint-point-035,2002.88461538,specint,single_thread_performance,9389.79801048,SPECint_rate_x1000,50yrs/specint.dat,35,cornell-intel-itanium-2-2002-07-01,Itanium 2,Intel,2002,07,5.184,Cornell normalized performance,9331.2,digitized_source_match,high,original_author_dataset,https://github.com/cornell-brg/processor-trends/blob/main/data/processor-trends.csv#L47; https://github.com/cornell-brg/processor-trends,"Second-pass vector match using 5 corroborating fields (cores, frequency, specint, transistors, watts); mean log error 0.002."
series-transistors-point-044,2002.88461538,transistors,transistors,220673.406908,thousand_transistors,50yrs/transistors.dat,44,cornell-intel-itanium-2-2002-07-01,Itanium 2,Intel,2002,07,221,million transistors,221000,digitized_source_match,high,original_author_dataset,https://github.com/cornell-brg/processor-trends/blob/main/data/processor-trends.csv#L47; https://github.com/cornell-brg/processor-trends,"Second-pass vector match using 5 corroborating fields (cores, frequency, specint, transistors, watts); mean log error 0.002."
series-watts-point-043,2002.88461538,watts,typical_power_tdp,98.2171889188,W,50yrs/watts.dat,43,cornell-intel-itanium-2-2002-07-01,Itanium 2,Intel,2002,07,98,W,98,digitized_source_match,high,original_author_dataset,https://github.com/cornell-brg/processor-trends/blob/main/data/processor-trends.csv#L47; https://github.com/cornell-brg/processor-trends,"Second-pass vector match using 5 corroborating fields (cores, frequency, specint, transistors, watts); mean log error 0.002."
series-cores-point-034,2002.93269231,cores,logical_threads_or_compute_units,1,count,50yrs/cores.dat,34,cornell-intel-itanium-2-2002-07-01,Itanium 2,Intel,2002,07,1,cores,1,digitized_source_match,high,original_author_dataset,https://github.com/cornell-brg/processor-trends/blob/main/data/processor-trends.csv#L47; https://github.com/cornell-brg/processor-trends,Curated second-pass match using source order and at least three corroborating neighboring metric fields.
series-cores-point-035,2003.31730769,cores,logical_threads_or_compute_units,1,count,50yrs/cores.dat,35,cornell-dec-alpha-21364-2003-01-01,Alpha 21364,DEC,2003,01,1,cores,1,digitized_source_match,high,original_author_dataset,https://github.com/cornell-brg/processor-trends/blob/main/data/processor-trends.csv#L48; https://github.com/cornell-brg/processor-trends,"Second-pass vector match using 5 corroborating fields (cores, frequency, specint, transistors, watts); mean log error 0.007."
series-frequency-point-043,2003.41346154,frequency,frequency,1175.74326592,MHz,50yrs/frequency.dat,43,cornell-dec-alpha-21364-2003-01-01,Alpha 21364,DEC,2003,01,1150,MHz,1150,digitized_source_match,high,original_author_dataset,https://github.com/cornell-brg/processor-trends/blob/main/data/processor-trends.csv#L48; https://github.com/cornell-brg/processor-trends,"Second-pass vector match using 5 corroborating fields (cores, frequency, specint, transistors, watts); mean log error 0.007."
series-specint-point-036,2003.41346154,specint,single_thread_performance,10181.5172172,SPECint_rate_x1000,50yrs/specint.dat,36,cornell-dec-alpha-21364-2003-01-01,Alpha 21364,DEC,2003,01,5.6128,Cornell normalized performance,10103.04,digitized_source_match,high,original_author_dataset,https://github.com/cornell-brg/processor-trends/blob/main/data/processor-trends.csv#L48; https://github.com/cornell-brg/processor-trends,"Second-pass vector match using 5 corroborating fields (cores, frequency, specint, transistors, watts); mean log error 0.007."
series-transistors-point-045,2003.41346154,transistors,transistors,151247.254531,thousand_transistors,50yrs/transistors.dat,45,cornell-dec-alpha-21364-2003-01-01,Alpha 21364,DEC,2003,01,152,million transistors,152000,digitized_source_match,high,original_author_dataset,https://github.com/cornell-brg/processor-trends/blob/main/data/processor-trends.csv#L48; https://github.com/cornell-brg/processor-trends,"Second-pass vector match using 5 corroborating fields (cores, frequency, specint, transistors, watts); mean log error 0.007."
series-watts-point-044,2003.41346154,watts,typical_power_tdp,155.383983127,W,50yrs/watts.dat,44,cornell-dec-alpha-21364-2003-01-01,Alpha 21364,DEC,2003,01,155,W,155,digitized_source_match,high,original_author_dataset,https://github.com/cornell-brg/processor-trends/blob/main/data/processor-trends.csv#L48; https://github.com/cornell-brg/processor-trends,"Second-pass vector match using 5 corroborating fields (cores, frequency, specint, transistors, watts); mean log error 0.007."
series-cores-point-036,2003.50961538,cores,logical_threads_or_compute_units,1,count,50yrs/cores.dat,36,cornell-amd-athlon-xp-barton-2003-02-01,Athlon XP Barton,AMD,2003,02,1,cores,1,digitized_source_match,high,original_author_dataset,https://github.com/cornell-brg/processor-trends/blob/main/data/processor-trends.csv#L49; https://github.com/cornell-brg/processor-trends,Curated second-pass match using source order and at least three corroborating neighboring metric fields.
series-frequency-point-044,2003.50961538,frequency,frequency,2186.97465501,MHz,50yrs/frequency.dat,44,cornell-amd-athlon-xp-barton-2003-02-01,Athlon XP Barton,AMD,2003,02,2160,MHz,2160,digitized_source_match,high,original_author_dataset,https://github.com/cornell-brg/processor-trends/blob/main/data/processor-trends.csv#L49; https://github.com/cornell-brg/processor-trends,"Second-pass vector match using 5 corroborating fields (cores, frequency, specint, transistors, watts); mean log error 0.007."
series-specint-point-037,2003.50961538,specint,single_thread_performance,11341.944035,SPECint_rate_x1000,50yrs/specint.dat,37,cornell-amd-athlon-xp-barton-2003-02-01,Athlon XP Barton,AMD,2003,02,6.368,Cornell normalized performance,11462.4,digitized_source_match,high,original_author_dataset,https://github.com/cornell-brg/processor-trends/blob/main/data/processor-trends.csv#L49; https://github.com/cornell-brg/processor-trends,"Second-pass vector match using 5 corroborating fields (cores, frequency, specint, transistors, watts); mean log error 0.007."
series-transistors-point-046,2003.50961538,transistors,transistors,54246.9093701,thousand_transistors,50yrs/transistors.dat,46,cornell-amd-athlon-xp-barton-2003-02-01,Athlon XP Barton,AMD,2003,02,54.3,million transistors,54300,digitized_source_match,high,original_author_dataset,https://github.com/cornell-brg/processor-trends/blob/main/data/processor-trends.csv#L49; https://github.com/cornell-brg/processor-trends,"Second-pass vector match using 5 corroborating fields (cores, frequency, specint, transistors, watts); mean log error 0.007."
series-watts-point-045,2003.50961538,watts,typical_power_tdp,74.9894209332,W,50yrs/watts.dat,45,cornell-amd-athlon-xp-barton-2003-02-01,Athlon XP Barton,AMD,2003,02,74,W,74,digitized_source_match,high,original_author_dataset,https://github.com/cornell-brg/processor-trends/blob/main/data/processor-trends.csv#L49; https://github.com/cornell-brg/processor-trends,"Second-pass vector match using 5 corroborating fields (cores, frequency, specint, transistors, watts); mean log error 0.007."
series-frequency-point-045,2003.60576923,frequency,frequency,1810.55824303,MHz,50yrs/frequency.dat,45,cornell-amd-opteron-2003-04-01,Opteron,AMD,2003,04,1800,MHz,1800,digitized_source_match,high,original_author_dataset,https://github.com/cornell-brg/processor-trends/blob/main/data/processor-trends.csv#L50; https://github.com/cornell-brg/processor-trends,"Second-pass vector match using 5 corroborating fields (cores, frequency, specint, transistors, watts); mean log error 0.006."
series-specint-point-038,2003.65384615,specint,single_thread_performance,13335.2143216,SPECint_rate_x1000,50yrs/specint.dat,38,cornell-amd-opteron-2003-04-01,Opteron,AMD,2003,04,7.488,Cornell normalized performance,13478.4,digitized_source_match,high,original_author_dataset,https://github.com/cornell-brg/processor-trends/blob/main/data/processor-trends.csv#L50; https://github.com/cornell-brg/processor-trends,"Second-pass vector match using 5 corroborating fields (cores, frequency, specint, transistors, watts); mean log error 0.006."
series-transistors-point-047,2003.65384615,transistors,transistors,106498.563535,thousand_transistors,50yrs/transistors.dat,47,cornell-amd-opteron-2003-04-01,Opteron,AMD,2003,04,106,million transistors,106000,digitized_source_match,high,original_author_dataset,https://github.com/cornell-brg/processor-trends/blob/main/data/processor-trends.csv#L50; https://github.com/cornell-brg/processor-trends,"Second-pass vector match using 5 corroborating fields (cores, frequency, specint, transistors, watts); mean log error 0.006."
series-watts-point-046,2003.65384615,watts,typical_power_tdp,88.1683066776,W,50yrs/watts.dat,46,cornell-amd-opteron-2003-04-01,Opteron,AMD,2003,04,89,W,89,digitized_source_match,high,original_author_dataset,https://github.com/cornell-brg/processor-trends/blob/main/data/processor-trends.csv#L50; https://github.com/cornell-brg/processor-trends,"Second-pass vector match using 5 corroborating fields (cores, frequency, specint, transistors, watts); mean log error 0.006."
series-cores-point-037,2003.70192308,cores,logical_threads_or_compute_units,1,count,50yrs/cores.dat,37,cornell-amd-opteron-2003-04-01,Opteron,AMD,2003,04,1,cores,1,digitized_source_match,high,original_author_dataset,https://github.com/cornell-brg/processor-trends/blob/main/data/processor-trends.csv#L50; https://github.com/cornell-brg/processor-trends,"Second-pass vector match using 5 corroborating fields (cores, frequency, specint, transistors, watts); mean log error 0.006."
series-cores-point-038,2004.80769231,cores,logical_threads_or_compute_units,2,count,50yrs/cores.dat,38,cornell-ibm-power5-2004-06-01,Power5,IBM,2004,06,2,cores,2,digitized_source_match,high,original_author_dataset,https://github.com/cornell-brg/processor-trends/blob/main/data/processor-trends.csv#L53; https://github.com/cornell-brg/processor-trends,"Second-pass vector match using 5 corroborating fields (cores, frequency, specint, transistors, watts); mean log error 0.010."
series-frequency-point-046,2004.80769231,frequency,frequency,2641.64832039,MHz,50yrs/frequency.dat,46,cornell-amd-athlon-64-fx-55-2004-06-01,Athlon 64 FX-55,AMD,2004,06,2600,MHz,2600,digitized_source_match,high,original_author_dataset,https://github.com/cornell-brg/processor-trends/blob/main/data/processor-trends.csv#L51; https://github.com/cornell-brg/processor-trends,"Second-pass vector match using 5 corroborating fields (cores, frequency, specint, transistors, watts); mean log error 0.008."
series-frequency-point-047,2004.80769231,frequency,frequency,1910.95297497,MHz,50yrs/frequency.dat,47,cornell-ibm-power5-2004-06-01,Power5,IBM,2004,06,1900,MHz,1900,digitized_source_match,high,original_author_dataset,https://github.com/cornell-brg/processor-trends/blob/main/data/processor-trends.csv#L53; https://github.com/cornell-brg/processor-trends,"Second-pass vector match using 5 corroborating fields (cores, frequency, specint, transistors, watts); mean log error 0.010."
series-specint-point-039,2004.80769231,specint,single_thread_performance,18938.4202733,SPECint_rate_x1000,50yrs/specint.dat,39,cornell-intel-pentium-4-prescott-2004-06-01,Pentium 4 (prescott),Intel,2004,06,10.08,Cornell normalized performance,18144,digitized_source_match,high,original_author_dataset,https://github.com/cornell-brg/processor-trends/blob/main/data/processor-trends.csv#L52; https://github.com/cornell-brg/processor-trends,"Second-pass vector match using 5 corroborating fields (cores, frequency, specint, transistors, watts); mean log error 0.013."
series-specint-point-040,2004.80769231,specint,single_thread_performance,16548.1709994,SPECint_rate_x1000,50yrs/specint.dat,40,cornell-ibm-power5-2004-06-01,Power5,IBM,2004,06,8.9472,Cornell normalized performance,16104.96,digitized_source_match,high,original_author_dataset,https://github.com/cornell-brg/processor-trends/blob/main/data/processor-trends.csv#L53; https://github.com/cornell-brg/processor-trends,"Second-pass vector match using 5 corroborating fields (cores, frequency, specint, transistors, watts); mean log error 0.010."
series-specint-point-041,2004.80769231,specint,single_thread_performance,21096.9051341,SPECint_rate_x1000,50yrs/specint.dat,41,cornell-amd-athlon-64-fx-55-2004-06-01,Athlon 64 FX-55,AMD,2004,06,11.8656,Cornell normalized performance,21358.08,digitized_source_match,high,original_author_dataset,https://github.com/cornell-brg/processor-trends/blob/main/data/processor-trends.csv#L51; https://github.com/cornell-brg/processor-trends,"Second-pass vector match using 5 corroborating fields (cores, frequency, specint, transistors, watts); mean log error 0.008."
series-transistors-point-048,2004.80769231,transistors,transistors,125214.968907,thousand_transistors,50yrs/transistors.dat,48,cornell-intel-pentium-4-prescott-2004-06-01,Pentium 4 (prescott),Intel,2004,06,125,million transistors,125000,digitized_source_match,high,original_author_dataset,https://github.com/cornell-brg/processor-trends/blob/main/data/processor-trends.csv#L52; https://github.com/cornell-brg/processor-trends,"Second-pass vector match using 5 corroborating fields (cores, frequency, specint, transistors, watts); mean log error 0.013."
series-transistors-point-049,2004.80769231,transistors,transistors,106498.563535,thousand_transistors,50yrs/transistors.dat,49,cornell-amd-athlon-64-fx-55-2004-06-01,Athlon 64 FX-55,AMD,2004,06,106,million transistors,106000,digitized_source_match,high,original_author_dataset,https://github.com/cornell-brg/processor-trends/blob/main/data/processor-trends.csv#L51; https://github.com/cornell-brg/processor-trends,"Second-pass vector match using 5 corroborating fields (cores, frequency, specint, transistors, watts); mean log error 0.008."
series-transistors-point-050,2004.80769231,transistors,transistors,273841.963426,thousand_transistors,50yrs/transistors.dat,50,cornell-ibm-power5-2004-06-01,Power5,IBM,2004,06,276,million transistors,276000,digitized_source_match,high,original_author_dataset,https://github.com/cornell-brg/processor-trends/blob/main/data/processor-trends.csv#L53; https://github.com/cornell-brg/processor-trends,"Second-pass vector match using 5 corroborating fields (cores, frequency, specint, transistors, watts); mean log error 0.010."
series-watts-point-047,2004.80769231,watts,typical_power_tdp,88.1683066776,W,50yrs/watts.dat,47,cornell-amd-athlon-64-fx-55-2004-06-01,Athlon 64 FX-55,AMD,2004,06,89,W,89,digitized_source_match,high,original_author_dataset,https://github.com/cornell-brg/processor-trends/blob/main/data/processor-trends.csv#L51; https://github.com/cornell-brg/processor-trends,"Second-pass vector match using 5 corroborating fields (cores, frequency, specint, transistors, watts); mean log error 0.008."
series-watts-point-048,2004.80769231,watts,typical_power_tdp,115.478198469,W,50yrs/watts.dat,48,cornell-intel-pentium-4-prescott-2004-06-01,Pentium 4 (prescott),Intel,2004,06,115,W,115,digitized_source_match,high,original_author_dataset,https://github.com/cornell-brg/processor-trends/blob/main/data/processor-trends.csv#L52; https://github.com/cornell-brg/processor-trends,"Second-pass vector match using 5 corroborating fields (cores, frequency, specint, transistors, watts); mean log error 0.013."
series-frequency-point-048,2004.85576923,frequency,frequency,3651.74127255,MHz,50yrs/frequency.dat,48,cornell-intel-pentium-4-prescott-2004-06-01,Pentium 4 (prescott),Intel,2004,06,3600,MHz,3600,digitized_source_match,high,original_author_dataset,https://github.com/cornell-brg/processor-trends/blob/main/data/processor-trends.csv#L52; https://github.com/cornell-brg/processor-trends,"Second-pass vector match using 5 corroborating fields (cores, frequency, specint, transistors, watts); mean log error 0.013."
series-watts-point-049,2004.85576923,watts,typical_power_tdp,100.903504484,W,50yrs/watts.dat,49,cornell-ibm-power5-2004-06-01,Power5,IBM,2004,06,100,W,100,digitized_source_match,high,original_author_dataset,https://github.com/cornell-brg/processor-trends/blob/main/data/processor-trends.csv#L53; https://github.com/cornell-brg/processor-trends,"Second-pass vector match using 5 corroborating fields (cores, frequency, specint, transistors, watts); mean log error 0.010."
series-cores-point-040,2005.72115385,cores,logical_threads_or_compute_units,2,count,50yrs/cores.dat,40,cornell-intel-pentium-d-840-2005-05-01,Pentium D (840),Intel,2005,05,2,cores,2,digitized_source_match,high,original_author_dataset,https://github.com/cornell-brg/processor-trends/blob/main/data/processor-trends.csv#L54; https://github.com/cornell-brg/processor-trends,"Second-pass vector match using 5 corroborating fields (cores, frequency, specint, transistors, watts); mean log error 0.007."
series-frequency-point-049,2005.72115385,frequency,frequency,3190.84898063,MHz,50yrs/frequency.dat,49,cornell-intel-pentium-d-840-2005-05-01,Pentium D (840),Intel,2005,05,3200,MHz,3200,digitized_source_match,high,original_author_dataset,https://github.com/cornell-brg/processor-trends/blob/main/data/processor-trends.csv#L54; https://github.com/cornell-brg/processor-trends,"Second-pass vector match using 5 corroborating fields (cores, frequency, specint, transistors, watts); mean log error 0.007."
series-transistors-point-051,2005.72115385,transistors,transistors,232909.659246,thousand_transistors,50yrs/transistors.dat,51,cornell-intel-pentium-d-840-2005-05-01,Pentium D (840),Intel,2005,05,230,million transistors,230000,digitized_source_match,high,original_author_dataset,https://github.com/cornell-brg/processor-trends/blob/main/data/processor-trends.csv#L54; https://github.com/cornell-brg/processor-trends,"Second-pass vector match using 5 corroborating fields (cores, frequency, specint, transistors, watts); mean log error 0.007."
series-watts-point-050,2005.72115385,watts,typical_power_tdp,128.639694494,W,50yrs/watts.dat,50,cornell-intel-pentium-d-840-2005-05-01,Pentium D (840),Intel,2005,05,130,W,130,digitized_source_match,high,original_author_dataset,https://github.com/cornell-brg/processor-trends/blob/main/data/processor-trends.csv#L54; https://github.com/cornell-brg/processor-trends,"Second-pass vector match using 5 corroborating fields (cores, frequency, specint, transistors, watts); mean log error 0.007."
series-specint-point-042,2005.76923077,specint,single_thread_performance,17000.7761882,SPECint_rate_x1000,50yrs/specint.dat,42,cornell-intel-pentium-d-840-2005-05-01,Pentium D (840),Intel,2005,05,9.5104,Cornell normalized performance,17118.72,digitized_source_match,high,original_author_dataset,https://github.com/cornell-brg/processor-trends/blob/main/data/processor-trends.csv#L54; https://github.com/cornell-brg/processor-trends,"Second-pass vector match using 5 corroborating fields (cores, frequency, specint, transistors, watts); mean log error 0.007."
series-cores-point-041,2005.81730769,cores,logical_threads_or_compute_units,1,count,50yrs/cores.dat,41,cornell-amd-athlon-64-fx-57-2005-06-01,Athlon 64 FX-57,AMD,2005,06,1,cores,1,digitized_source_match,high,original_author_dataset,https://github.com/cornell-brg/processor-trends/blob/main/data/processor-trends.csv#L55; https://github.com/cornell-brg/processor-trends,"Second-pass vector match using 5 corroborating fields (cores, frequency, specint, transistors, watts); mean log error 0.009."
series-transistors-point-052,2005.81730769,transistors,transistors,112403.866377,thousand_transistors,50yrs/transistors.dat,52,cornell-amd-athlon-64-fx-57-2005-06-01,Athlon 64 FX-57,AMD,2005,06,114,million transistors,114000,digitized_source_match,high,original_author_dataset,https://github.com/cornell-brg/processor-trends/blob/main/data/processor-trends.csv#L55; https://github.com/cornell-brg/processor-trends,"Second-pass vector match using 5 corroborating fields (cores, frequency, specint, transistors, watts); mean log error 0.009."
series-watts-point-051,2005.81730769,watts,typical_power_tdp,85.8210354325,W,50yrs/watts.dat,51,cornell-amd-athlon-64-fx-57-2005-06-01,Athlon 64 FX-57,AMD,2005,06,85,W,85,digitized_source_match,high,original_author_dataset,https://github.com/cornell-brg/processor-trends/blob/main/data/processor-trends.csv#L55; https://github.com/cornell-brg/processor-trends,"Second-pass vector match using 5 corroborating fields (cores, frequency, specint, transistors, watts); mean log error 0.009."
series-frequency-point-050,2005.86538462,frequency,frequency,2788.12666541,MHz,50yrs/frequency.dat,50,cornell-amd-athlon-64-fx-57-2005-06-01,Athlon 64 FX-57,AMD,2005,06,2800,MHz,2800,digitized_source_match,high,original_author_dataset,https://github.com/cornell-brg/processor-trends/blob/main/data/processor-trends.csv#L55; https://github.com/cornell-brg/processor-trends,"Second-pass vector match using 5 corroborating fields (cores, frequency, specint, transistors, watts); mean log error 0.009."
series-specint-point-043,2005.86538462,specint,single_thread_performance,21096.9051341,SPECint_rate_x1000,50yrs/specint.dat,43,cornell-amd-athlon-64-fx-57-2005-06-01,Athlon 64 FX-57,AMD,2005,06,11.9168,Cornell normalized performance,21450.24,digitized_source_match,high,original_author_dataset,https://github.com/cornell-brg/processor-trends/blob/main/data/processor-trends.csv#L55; https://github.com/cornell-brg/processor-trends,"Second-pass vector match using 5 corroborating fields (cores, frequency, specint, transistors, watts); mean log error 0.009."
series-cores-point-042,2005.96153846,cores,logical_threads_or_compute_units,8,count,50yrs/cores.dat,42,cornell-sun-ultrasparc-t1-niagara-2005-07-01,UltraSparc T1 (Niagara),Sun,2005,07,8,cores,8,digitized_source_match,high,original_author_dataset,https://github.com/cornell-brg/processor-trends/blob/main/data/processor-trends.csv#L56; https://github.com/cornell-brg/processor-trends; https://www.oracle.com/docs/tech/2008-oct-opensparc-slide-cast-04-ds.pdf; https://www.oracle.com/servers/technologies/opensparc-t1-page.html,"Second-pass vector match using 4 corroborating fields (cores, frequency, transistors, watts); mean log error 0.009."
series-frequency-point-051,2005.96153846,frequency,frequency,1207.90074743,MHz,50yrs/frequency.dat,51,cornell-sun-ultrasparc-t1-niagara-2005-07-01,UltraSparc T1 (Niagara),Sun,2005,07,1200,MHz,1200,digitized_source_match,high,original_author_dataset,https://github.com/cornell-brg/processor-trends/blob/main/data/processor-trends.csv#L56; https://github.com/cornell-brg/processor-trends; https://www.oracle.com/docs/tech/2008-oct-opensparc-slide-cast-04-ds.pdf; https://www.oracle.com/servers/technologies/opensparc-t1-page.html,"Second-pass vector match using 4 corroborating fields (cores, frequency, transistors, watts); mean log error 0.009."
series-transistors-point-053,2005.96153846,transistors,transistors,305052.789027,thousand_transistors,50yrs/transistors.dat,53,cornell-sun-ultrasparc-t1-niagara-2005-07-01,UltraSparc T1 (Niagara),Sun,2005,07,300,million transistors,300000,digitized_source_match,high,original_author_dataset,https://github.com/cornell-brg/processor-trends/blob/main/data/processor-trends.csv#L56; https://github.com/cornell-brg/processor-trends; https://www.oracle.com/docs/tech/2008-oct-opensparc-slide-cast-04-ds.pdf; https://www.oracle.com/servers/technologies/opensparc-t1-page.html,Curated second-pass match using source order and at least three corroborating neighboring metric fields.
series-watts-point-052,2005.96153846,watts,typical_power_tdp,72.9930061435,W,50yrs/watts.dat,52,cornell-sun-ultrasparc-t1-niagara-2005-07-01,UltraSparc T1 (Niagara),Sun,2005,07,72,W,72,digitized_source_match,high,original_author_dataset,https://github.com/cornell-brg/processor-trends/blob/main/data/processor-trends.csv#L56; https://github.com/cornell-brg/processor-trends; https://www.oracle.com/docs/tech/2008-oct-opensparc-slide-cast-04-ds.pdf; https://www.oracle.com/servers/technologies/opensparc-t1-page.html,Curated second-pass match using source order and at least three corroborating neighboring metric fields.
series-frequency-point-052,2006.00961538,frequency,frequency,2246.79009181,MHz,50yrs/frequency.dat,52,cornell-amd-turion-64-x2-mt-40-lancaster-2005-08-01,Turion 64 X2 MT-40 (Lancaster),AMD,2005,08,2200,MHz,2200,digitized_source_match,high,original_author_dataset,https://github.com/cornell-brg/processor-trends/blob/main/data/processor-trends.csv#L57; https://github.com/cornell-brg/processor-trends,"Second-pass vector match using 4 corroborating fields (cores, frequency, transistors, watts); mean log error 0.010."
series-cores-point-043,2006.05769231,cores,logical_threads_or_compute_units,2,count,50yrs/cores.dat,43,cornell-amd-turion-64-x2-mt-40-lancaster-2005-08-01,Turion 64 X2 MT-40 (Lancaster),AMD,2005,08,2,cores,2,digitized_source_match,high,original_author_dataset,https://github.com/cornell-brg/processor-trends/blob/main/data/processor-trends.csv#L57; https://github.com/cornell-brg/processor-trends,Curated second-pass match using source order and at least three corroborating neighboring metric fields.
series-transistors-point-054,2006.05769231,transistors,transistors,115478.198469,thousand_transistors,50yrs/transistors.dat,54,cornell-amd-turion-64-x2-mt-40-lancaster-2005-08-01,Turion 64 X2 MT-40 (Lancaster),AMD,2005,08,114,million transistors,114000,digitized_source_match,high,original_author_dataset,https://github.com/cornell-brg/processor-trends/blob/main/data/processor-trends.csv#L57; https://github.com/cornell-brg/processor-trends,"Second-pass vector match using 4 corroborating fields (cores, frequency, transistors, watts); mean log error 0.010."
series-watts-point-053,2006.05769231,watts,typical_power_tdp,24.8045441431,W,50yrs/watts.dat,53,cornell-amd-turion-64-x2-mt-40-lancaster-2005-08-01,Turion 64 X2 MT-40 (Lancaster),AMD,2005,08,25,W,25,digitized_source_match,high,original_author_dataset,https://github.com/cornell-brg/processor-trends/blob/main/data/processor-trends.csv#L57; https://github.com/cornell-brg/processor-trends,"Second-pass vector match using 4 corroborating fields (cores, frequency, transistors, watts); mean log error 0.010."
series-frequency-point-053,2006.875,frequency,frequency,3651.74127255,MHz,50yrs/frequency.dat,53,cornell-intel-pentium-d-950-2006-06-01,Pentium D (950),Intel,2006,06,3600,MHz,3600,digitized_source_match,high,original_author_dataset,https://github.com/cornell-brg/processor-trends/blob/main/data/processor-trends.csv#L59; https://github.com/cornell-brg/processor-trends,"Second-pass vector match using 5 corroborating fields (cores, frequency, specint, transistors, watts); mean log error 0.008."
series-frequency-point-054,2006.875,frequency,frequency,2641.64832039,MHz,50yrs/frequency.dat,54,cornell-amd-athlon-64-5000-brisbane-2006-06-01,Athlon 64 5000+ (Brisbane),AMD,2006,06,2600,MHz,2600,digitized_source_match,high,original_author_dataset,https://github.com/cornell-brg/processor-trends/blob/main/data/processor-trends.csv#L58; https://github.com/cornell-brg/processor-trends,Curated second-pass match using source order and at least three corroborating neighboring metric fields.
series-specint-point-044,2006.875,specint,single_thread_performance,18938.4202733,SPECint_rate_x1000,50yrs/specint.dat,44,cornell-amd-athlon-64-5000-brisbane-2006-06-01,Athlon 64 5000+ (Brisbane),AMD,2006,06,10.4,Cornell normalized performance,18720,digitized_source_match,high,original_author_dataset,https://github.com/cornell-brg/processor-trends/blob/main/data/processor-trends.csv#L58; https://github.com/cornell-brg/processor-trends,"Second-pass vector match using 5 corroborating fields (cores, frequency, specint, transistors, watts); mean log error 0.009."
series-transistors-point-055,2006.875,transistors,transistors,378551.524926,thousand_transistors,50yrs/transistors.dat,55,cornell-intel-pentium-d-950-2006-06-01,Pentium D (950),Intel,2006,06,376,million transistors,376000,digitized_source_match,high,original_author_dataset,https://github.com/cornell-brg/processor-trends/blob/main/data/processor-trends.csv#L59; https://github.com/cornell-brg/processor-trends,"Second-pass vector match using 5 corroborating fields (cores, frequency, specint, transistors, watts); mean log error 0.008."
series-transistors-point-056,2006.875,transistors,transistors,155383.983127,thousand_transistors,50yrs/transistors.dat,56,cornell-amd-athlon-64-5000-brisbane-2006-06-01,Athlon 64 5000+ (Brisbane),AMD,2006,06,154,million transistors,154000,digitized_source_match,high,original_author_dataset,https://github.com/cornell-brg/processor-trends/blob/main/data/processor-trends.csv#L58; https://github.com/cornell-brg/processor-trends,"Second-pass vector match using 5 corroborating fields (cores, frequency, specint, transistors, watts); mean log error 0.009."
series-watts-point-054,2006.875,watts,typical_power_tdp,128.639694494,W,50yrs/watts.dat,54,cornell-intel-pentium-d-950-2006-06-01,Pentium D (950),Intel,2006,06,130,W,130,digitized_source_match,high,original_author_dataset,https://github.com/cornell-brg/processor-trends/blob/main/data/processor-trends.csv#L59; https://github.com/cornell-brg/processor-trends,Curated second-pass match using source order and at least three corroborating neighboring metric fields.
series-specint-point-045,2006.92307692,specint,single_thread_performance,21096.9051341,SPECint_rate_x1000,50yrs/specint.dat,45,cornell-amd-athlon-64-fx-62-windsor-2006-07-01,Athlon 64 FX-62 (Windsor),AMD,2006,07,11.4,Cornell normalized performance,20520,digitized_source_match,high,original_author_dataset,https://github.com/cornell-brg/processor-trends/blob/main/data/processor-trends.csv#L60; https://github.com/cornell-brg/processor-trends,Curated second-pass match using source order and at least three corroborating neighboring metric fields.
series-transistors-point-057,2006.92307692,transistors,transistors,245824.406892,thousand_transistors,50yrs/transistors.dat,57,cornell-amd-athlon-64-fx-62-windsor-2006-07-01,Athlon 64 FX-62 (Windsor),AMD,2006,07,243,million transistors,243000,digitized_source_match,high,original_author_dataset,https://github.com/cornell-brg/processor-trends/blob/main/data/processor-trends.csv#L60; https://github.com/cornell-brg/processor-trends,"Second-pass vector match using 5 corroborating fields (cores, frequency, specint, transistors, watts); mean log error 0.014."
series-watts-point-056,2006.92307692,watts,typical_power_tdp,125.214968907,W,50yrs/watts.dat,56,cornell-amd-athlon-64-fx-62-windsor-2006-07-01,Athlon 64 FX-62 (Windsor),AMD,2006,07,125,W,125,digitized_source_match,high,original_author_dataset,https://github.com/cornell-brg/processor-trends/blob/main/data/processor-trends.csv#L60; https://github.com/cornell-brg/processor-trends,Curated second-pass match using source order and at least three corroborating neighboring metric fields.
series-specint-point-046,2006.97115385,specint,single_thread_performance,35226.9465147,SPECint_rate_x1000,50yrs/specint.dat,46,cornell-intel-core-2-duo-e6700-2006-07-01,Core 2 Duo (E6700),Intel,2006,07,19.8,Cornell normalized performance,35640,digitized_source_match,high,original_author_dataset,https://github.com/cornell-brg/processor-trends/blob/main/data/processor-trends.csv#L62; https://github.com/cornell-brg/processor-trends,"Second-pass vector match using 5 corroborating fields (cores, frequency, specint, transistors, watts); mean log error 0.006."
series-transistors-point-058,2006.97115385,transistors,transistors,296931.48482,thousand_transistors,50yrs/transistors.dat,58,cornell-intel-core-2-ex-x6800-2006-07-01,Core 2 Ex (X6800),Intel,2006,07,291,million transistors,291000,digitized_source_match,high,original_author_dataset,https://github.com/cornell-brg/processor-trends/blob/main/data/processor-trends.csv#L61; https://github.com/cornell-brg/processor-trends,"Second-pass vector match using 5 corroborating fields (cores, frequency, specint, transistors, watts); mean log error 0.024."
series-transistors-point-059,2006.97115385,transistors,transistors,582941.534714,thousand_transistors,50yrs/transistors.dat,59,cornell-intel-core-2-duo-e6700-2006-07-01,Core 2 Duo (E6700),Intel,2006,07,582,million transistors,582000,digitized_source_match,high,original_author_dataset,https://github.com/cornell-brg/processor-trends/blob/main/data/processor-trends.csv#L62; https://github.com/cornell-brg/processor-trends,"Second-pass vector match using 5 corroborating fields (cores, frequency, specint, transistors, watts); mean log error 0.006."
series-watts-point-057,2006.97115385,watts,typical_power_tdp,74.9894209332,W,50yrs/watts.dat,57,cornell-intel-core-2-ex-x6800-2006-07-01,Core 2 Ex (X6800),Intel,2006,07,75,W,75,digitized_source_match,high,original_author_dataset,https://github.com/cornell-brg/processor-trends/blob/main/data/processor-trends.csv#L61; https://github.com/cornell-brg/processor-trends,"Second-pass vector match using 5 corroborating fields (cores, frequency, specint, transistors, watts); mean log error 0.024."
series-cores-point-045,2007.06730769,cores,logical_threads_or_compute_units,2,count,50yrs/cores.dat,45,cornell-intel-core-duo-t2700-2006-08-01,Core Duo (T2700),Intel,2006,08,2,cores,2,digitized_source_match,high,original_author_dataset,https://github.com/cornell-brg/processor-trends/blob/main/data/processor-trends.csv#L63; https://github.com/cornell-brg/processor-trends,Curated second-pass match using source order and at least three corroborating neighboring metric fields.
series-frequency-point-056,2007.06730769,frequency,frequency,2308.24152676,MHz,50yrs/frequency.dat,56,cornell-intel-core-duo-t2700-2006-08-01,Core Duo (T2700),Intel,2006,08,2330,MHz,2330,digitized_source_match,high,original_author_dataset,https://github.com/cornell-brg/processor-trends/blob/main/data/processor-trends.csv#L63; https://github.com/cornell-brg/processor-trends,"Second-pass vector match using 5 corroborating fields (cores, frequency, specint, transistors, watts); mean log error 0.008."
series-specint-point-047,2007.06730769,specint,single_thread_performance,23501.4008461,SPECint_rate_x1000,50yrs/specint.dat,47,cornell-intel-core-duo-t2700-2006-08-01,Core Duo (T2700),Intel,2006,08,13.1,Cornell normalized performance,23580,digitized_source_match,high,original_author_dataset,https://github.com/cornell-brg/processor-trends/blob/main/data/processor-trends.csv#L63; https://github.com/cornell-brg/processor-trends,"Second-pass vector match using 5 corroborating fields (cores, frequency, specint, transistors, watts); mean log error 0.008."
series-transistors-point-060,2007.06730769,transistors,transistors,151247.254531,thousand_transistors,50yrs/transistors.dat,60,cornell-intel-core-duo-t2700-2006-08-01,Core Duo (T2700),Intel,2006,08,152,million transistors,152000,digitized_source_match,high,original_author_dataset,https://github.com/cornell-brg/processor-trends/blob/main/data/processor-trends.csv#L63; https://github.com/cornell-brg/processor-trends,"Second-pass vector match using 5 corroborating fields (cores, frequency, specint, transistors, watts); mean log error 0.008."
series-watts-point-058,2007.06730769,watts,typical_power_tdp,31.6227766017,W,50yrs/watts.dat,58,cornell-intel-core-duo-t2700-2006-08-01,Core Duo (T2700),Intel,2006,08,31,W,31,digitized_source_match,high,original_author_dataset,https://github.com/cornell-brg/processor-trends/blob/main/data/processor-trends.csv#L63; https://github.com/cornell-brg/processor-trends,"Second-pass vector match using 5 corroborating fields (cores, frequency, specint, transistors, watts); mean log error 0.008."
series-cores-point-046,2007.64423077,cores,logical_threads_or_compute_units,4,count,50yrs/cores.dat,46,cornell-intel-core-2-ex-qx6800-2007-04-01,Core 2 Ex (QX6800),Intel,2007,04,4,cores,4,digitized_source_match,high,original_author_dataset,https://github.com/cornell-brg/processor-trends/blob/main/data/processor-trends.csv#L64; https://github.com/cornell-brg/processor-trends; https://www.intel.com/pressroom/archive/releases/2007/20070409comp.htm; https://www.intel.com/pressroom/kits/quickreffam.htm,"Second-pass vector match using 4 corroborating fields (cores, frequency, transistors, watts); mean log error 0.006."
series-frequency-point-057,2007.64423077,frequency,frequency,2942.72717621,MHz,50yrs/frequency.dat,57,cornell-intel-core-2-ex-qx6800-2007-04-01,Core 2 Ex (QX6800),Intel,2007,04,2930,MHz,2930,digitized_source_match,high,original_author_dataset,https://github.com/cornell-brg/processor-trends/blob/main/data/processor-trends.csv#L64; https://github.com/cornell-brg/processor-trends; https://www.intel.com/pressroom/archive/releases/2007/20070409comp.htm; https://www.intel.com/pressroom/kits/quickreffam.htm,"Second-pass vector match using 4 corroborating fields (cores, frequency, transistors, watts); mean log error 0.006."
series-transistors-point-061,2007.64423077,transistors,transistors,582941.534714,thousand_transistors,50yrs/transistors.dat,61,cornell-intel-core-2-ex-qx6800-2007-04-01,Core 2 Ex (QX6800),Intel,2007,04,582,million transistors,582000,digitized_source_match,high,original_author_dataset,https://github.com/cornell-brg/processor-trends/blob/main/data/processor-trends.csv#L64; https://github.com/cornell-brg/processor-trends; https://www.intel.com/pressroom/archive/releases/2007/20070409comp.htm; https://www.intel.com/pressroom/kits/quickreffam.htm,"Second-pass vector match using 4 corroborating fields (cores, frequency, transistors, watts); mean log error 0.006."
series-watts-point-059,2007.64423077,watts,typical_power_tdp,132.158088956,W,50yrs/watts.dat,59,cornell-intel-core-2-ex-qx6800-2007-04-01,Core 2 Ex (QX6800),Intel,2007,04,130,W,130,digitized_source_match,high,original_author_dataset,https://github.com/cornell-brg/processor-trends/blob/main/data/processor-trends.csv#L64; https://github.com/cornell-brg/processor-trends; https://www.intel.com/pressroom/archive/releases/2007/20070409comp.htm; https://www.intel.com/pressroom/kits/quickreffam.htm,"Second-pass vector match using 4 corroborating fields (cores, frequency, transistors, watts); mean log error 0.006."
series-cores-point-047,2007.74038462,cores,logical_threads_or_compute_units,9,count,50yrs/cores.dat,47,cornell-ibm-cell-2007-05-05,Cell,IBM,2007,05,9,cores,9,digitized_source_match,high,original_author_dataset,https://github.com/cornell-brg/processor-trends/blob/main/data/processor-trends.csv#L65; https://github.com/cornell-brg/processor-trends,"Second-pass vector match using 4 corroborating fields (cores, frequency, transistors, watts); mean log error 0.008."
series-cores-point-048,2007.74038462,cores,logical_threads_or_compute_units,2,count,50yrs/cores.dat,48,cornell-ibm-power6-2007-05-01,Power6,IBM,2007,05,2,cores,2,digitized_source_match,high,original_author_dataset,https://github.com/cornell-brg/processor-trends/blob/main/data/processor-trends.csv#L66; https://github.com/cornell-brg/processor-trends; https://research.ibm.com/publications/ibm-power6-microprocessor-physical-design-and-design-methodology; https://public.dhe.ibm.com/solutions/DFO_IBM_Presentation/DFO-IBM-Power6.pdf,Curated second-pass match using source order and at least three corroborating neighboring metric fields.
series-frequency-point-058,2007.74038462,frequency,frequency,4655.52593116,MHz,50yrs/frequency.dat,58,cornell-ibm-power6-2007-05-01,Power6,IBM,2007,05,4700,MHz,4700,digitized_source_match,high,original_author_dataset,https://github.com/cornell-brg/processor-trends/blob/main/data/processor-trends.csv#L66; https://github.com/cornell-brg/processor-trends; https://research.ibm.com/publications/ibm-power6-microprocessor-physical-design-and-design-methodology; https://public.dhe.ibm.com/solutions/DFO_IBM_Presentation/DFO-IBM-Power6.pdf,"Second-pass vector match using 5 corroborating fields (cores, frequency, specint, transistors, watts); mean log error 0.010."
series-frequency-point-059,2007.74038462,frequency,frequency,4067.94432108,MHz,50yrs/frequency.dat,59,cornell-ibm-cell-2007-05-05,Cell,IBM,2007,05,4000,MHz,4000,digitized_source_match,high,original_author_dataset,https://github.com/cornell-brg/processor-trends/blob/main/data/processor-trends.csv#L65; https://github.com/cornell-brg/processor-trends,"Second-pass vector match using 4 corroborating fields (cores, frequency, transistors, watts); mean log error 0.008."
series-transistors-point-062,2007.74038462,transistors,transistors,232909.659246,thousand_transistors,50yrs/transistors.dat,62,cornell-ibm-cell-2007-05-05,Cell,IBM,2007,05,234,million transistors,234000,digitized_source_match,high,original_author_dataset,https://github.com/cornell-brg/processor-trends/blob/main/data/processor-trends.csv#L65; https://github.com/cornell-brg/processor-trends,"Second-pass vector match using 4 corroborating fields (cores, frequency, transistors, watts); mean log error 0.008."
series-specint-point-048,2007.78846154,specint,single_thread_performance,31622.7766017,SPECint_rate_x1000,50yrs/specint.dat,48,cornell-ibm-power6-2007-05-01,Power6,IBM,2007,05,17.8,Cornell normalized performance,32040,digitized_source_match,high,original_author_dataset,https://github.com/cornell-brg/processor-trends/blob/main/data/processor-trends.csv#L66; https://github.com/cornell-brg/processor-trends; https://research.ibm.com/publications/ibm-power6-microprocessor-physical-design-and-design-methodology; https://public.dhe.ibm.com/solutions/DFO_IBM_Presentation/DFO-IBM-Power6.pdf,"Second-pass vector match using 5 corroborating fields (cores, frequency, specint, transistors, watts); mean log error 0.010."
series-transistors-point-063,2007.78846154,transistors,transistors,805842.187761,thousand_transistors,50yrs/transistors.dat,63,cornell-ibm-power6-2007-05-01,Power6,IBM,2007,05,790,million transistors,790000,digitized_source_match,high,original_author_dataset,https://github.com/cornell-brg/processor-trends/blob/main/data/processor-trends.csv#L66; https://github.com/cornell-brg/processor-trends; https://research.ibm.com/publications/ibm-power6-microprocessor-physical-design-and-design-methodology; https://public.dhe.ibm.com/solutions/DFO_IBM_Presentation/DFO-IBM-Power6.pdf,"Second-pass vector match using 5 corroborating fields (cores, frequency, specint, transistors, watts); mean log error 0.010."
series-watts-point-060,2007.78846154,watts,typical_power_tdp,100.903504484,W,50yrs/watts.dat,60,cornell-ibm-power6-2007-05-01,Power6,IBM,2007,05,100,W,100,digitized_source_match,high,original_author_dataset,https://github.com/cornell-brg/processor-trends/blob/main/data/processor-trends.csv#L66; https://github.com/cornell-brg/processor-trends; https://research.ibm.com/publications/ibm-power6-microprocessor-physical-design-and-design-methodology; https://public.dhe.ibm.com/solutions/DFO_IBM_Presentation/DFO-IBM-Power6.pdf,"Second-pass vector match using 5 corroborating fields (cores, frequency, specint, transistors, watts); mean log error 0.010."
series-frequency-point-060,2007.83653846,frequency,frequency,2016.91455473,MHz,50yrs/frequency.dat,60,cornell-amd-turion-64-x2-tl-60-tyler-2007-06-01,Turion 64 X2 TL-60 (Tyler),AMD,2007,06,2000,MHz,2000,digitized_source_match,high,original_author_dataset,https://github.com/cornell-brg/processor-trends/blob/main/data/processor-trends.csv#L67; https://github.com/cornell-brg/processor-trends,"Second-pass vector match using 5 corroborating fields (cores, frequency, specint, transistors, watts); mean log error 0.011."
series-specint-point-049,2007.83653846,specint,single_thread_performance,14074.6466334,SPECint_rate_x1000,50yrs/specint.dat,49,cornell-amd-turion-64-x2-tl-60-tyler-2007-06-01,Turion 64 X2 TL-60 (Tyler),AMD,2007,06,7.7,Cornell normalized performance,13860,digitized_source_match,high,original_author_dataset,https://github.com/cornell-brg/processor-trends/blob/main/data/processor-trends.csv#L67; https://github.com/cornell-brg/processor-trends,"Second-pass vector match using 5 corroborating fields (cores, frequency, specint, transistors, watts); mean log error 0.011."
series-transistors-point-064,2007.83653846,transistors,transistors,115478.198469,thousand_transistors,50yrs/transistors.dat,64,cornell-amd-turion-64-x2-tl-60-tyler-2007-06-01,Turion 64 X2 TL-60 (Tyler),AMD,2007,06,114,million transistors,114000,digitized_source_match,high,original_author_dataset,https://github.com/cornell-brg/processor-trends/blob/main/data/processor-trends.csv#L67; https://github.com/cornell-brg/processor-trends,"Second-pass vector match using 5 corroborating fields (cores, frequency, specint, transistors, watts); mean log error 0.011."
series-cores-point-049,2007.88461538,cores,logical_threads_or_compute_units,2,count,50yrs/cores.dat,49,cornell-amd-turion-64-x2-tl-60-tyler-2007-06-01,Turion 64 X2 TL-60 (Tyler),AMD,2007,06,2,cores,2,digitized_source_match,high,original_author_dataset,https://github.com/cornell-brg/processor-trends/blob/main/data/processor-trends.csv#L67; https://github.com/cornell-brg/processor-trends,Curated second-pass match using source order and at least three corroborating neighboring metric fields.
series-watts-point-061,2007.88461538,watts,typical_power_tdp,31.6227766017,W,50yrs/watts.dat,61,cornell-amd-turion-64-x2-tl-60-tyler-2007-06-01,Turion 64 X2 TL-60 (Tyler),AMD,2007,06,31,W,31,digitized_source_match,high,original_author_dataset,https://github.com/cornell-brg/processor-trends/blob/main/data/processor-trends.csv#L67; https://github.com/cornell-brg/processor-trends,"Second-pass vector match using 5 corroborating fields (cores, frequency, specint, transistors, watts); mean log error 0.011."
series-cores-point-050,2007.98076923,cores,logical_threads_or_compute_units,8,count,50yrs/cores.dat,50,cornell-sun-ultrasparc-t2-niagara-2-2007-07-01,UltraSparc T2 (Niagara 2),Sun,2007,07,8,cores,8,digitized_source_match,high,original_author_dataset,https://github.com/cornell-brg/processor-trends/blob/main/data/processor-trends.csv#L68; https://github.com/cornell-brg/processor-trends; https://www.oracle.com/docs/tech/systems/02-t2-a-sscc2007.pdf; https://www.oracle.com/servers/technologies/opensparc-t2-page.html,"Second-pass vector match using 4 corroborating fields (cores, frequency, transistors, watts); mean log error 0.012."
series-frequency-point-061,2007.98076923,frequency,frequency,1420.18116969,MHz,50yrs/frequency.dat,61,cornell-sun-ultrasparc-t2-niagara-2-2007-07-01,UltraSparc T2 (Niagara 2),Sun,2007,07,1400,MHz,1400,digitized_source_match,high,original_author_dataset,https://github.com/cornell-brg/processor-trends/blob/main/data/processor-trends.csv#L68; https://github.com/cornell-brg/processor-trends; https://www.oracle.com/docs/tech/systems/02-t2-a-sscc2007.pdf; https://www.oracle.com/servers/technologies/opensparc-t2-page.html,"Second-pass vector match using 4 corroborating fields (cores, frequency, transistors, watts); mean log error 0.012."
series-transistors-point-065,2007.98076923,transistors,transistors,509367.521678,thousand_transistors,50yrs/transistors.dat,65,cornell-sun-ultrasparc-t2-niagara-2-2007-07-01,UltraSparc T2 (Niagara 2),Sun,2007,07,503,million transistors,503000,digitized_source_match,high,original_author_dataset,https://github.com/cornell-brg/processor-trends/blob/main/data/processor-trends.csv#L68; https://github.com/cornell-brg/processor-trends; https://www.oracle.com/docs/tech/systems/02-t2-a-sscc2007.pdf; https://www.oracle.com/servers/technologies/opensparc-t2-page.html,"Second-pass vector match using 4 corroborating fields (cores, frequency, transistors, watts); mean log error 0.012."
series-watts-point-062,2007.98076923,watts,typical_power_tdp,85.8210354325,W,50yrs/watts.dat,62,cornell-sun-ultrasparc-t2-niagara-2-2007-07-01,UltraSparc T2 (Niagara 2),Sun,2007,07,84,W,84,digitized_source_match,high,original_author_dataset,https://github.com/cornell-brg/processor-trends/blob/main/data/processor-trends.csv#L68; https://github.com/cornell-brg/processor-trends; https://www.oracle.com/docs/tech/systems/02-t2-a-sscc2007.pdf; https://www.oracle.com/servers/technologies/opensparc-t2-page.html,"Second-pass vector match using 4 corroborating fields (cores, frequency, transistors, watts); mean log error 0.012."
series-frequency-point-062,2008.17307692,frequency,frequency,2016.91455473,MHz,50yrs/frequency.dat,62,cornell-amd-opteron-8350-2007-09-01,Opteron 8350,AMD,2007,09,2000,MHz,2000,digitized_source_match,high,original_author_dataset,https://github.com/cornell-brg/processor-trends/blob/main/data/processor-trends.csv#L70; https://github.com/cornell-brg/processor-trends,"Second-pass vector match using 5 corroborating fields (cores, frequency, specint, transistors, watts); mean log error 0.019."
series-frequency-point-063,2008.17307692,frequency,frequency,2308.24152676,MHz,50yrs/frequency.dat,63,cornell-amd-phenom-9600-2007-09-01,Phenom 9600,AMD,2007,09,2300,MHz,2300,digitized_source_match,high,original_author_dataset,https://github.com/cornell-brg/processor-trends/blob/main/data/processor-trends.csv#L69; https://github.com/cornell-brg/processor-trends; https://ir.amd.com/news-events/press-releases/detail/272/amd-introduces-worlds-first-comprehensive-cutting-edge-pc-platform,"Second-pass vector match using 4 corroborating fields (cores, frequency, transistors, watts); mean log error 0.005."
series-specint-point-050,2008.17307692,specint,single_thread_performance,20535.2502646,SPECint_rate_x1000,50yrs/specint.dat,50,cornell-amd-opteron-8350-2007-09-01,Opteron 8350,AMD,2007,09,11.2,Cornell normalized performance,20160,digitized_source_match,high,original_author_dataset,https://github.com/cornell-brg/processor-trends/blob/main/data/processor-trends.csv#L70; https://github.com/cornell-brg/processor-trends,"Second-pass vector match using 5 corroborating fields (cores, frequency, specint, transistors, watts); mean log error 0.019."
series-watts-point-063,2008.17307692,watts,typical_power_tdp,77.0404392011,W,50yrs/watts.dat,63,cornell-amd-opteron-8350-2007-09-01,Opteron 8350,AMD,2007,09,75,W,75,digitized_source_match,high,original_author_dataset,https://github.com/cornell-brg/processor-trends/blob/main/data/processor-trends.csv#L70; https://github.com/cornell-brg/processor-trends,"Second-pass vector match using 5 corroborating fields (cores, frequency, specint, transistors, watts); mean log error 0.019."
series-transistors-point-066,2008.22115385,transistors,transistors,445079.406236,thousand_transistors,50yrs/transistors.dat,66,cornell-amd-opteron-8350-2007-09-01,Opteron 8350,AMD,2007,09,463,million transistors,463000,digitized_source_match,high,original_author_dataset,https://github.com/cornell-brg/processor-trends/blob/main/data/processor-trends.csv#L70; https://github.com/cornell-brg/processor-trends,"Second-pass vector match using 5 corroborating fields (cores, frequency, specint, transistors, watts); mean log error 0.019."
series-watts-point-064,2008.22115385,watts,typical_power_tdp,95.6023901095,W,50yrs/watts.dat,64,cornell-amd-phenom-9600-2007-09-01,Phenom 9600,AMD,2007,09,95,W,95,digitized_source_match,high,original_author_dataset,https://github.com/cornell-brg/processor-trends/blob/main/data/processor-trends.csv#L69; https://github.com/cornell-brg/processor-trends; https://ir.amd.com/news-events/press-releases/detail/272/amd-introduces-worlds-first-comprehensive-cutting-edge-pc-platform,"Second-pass vector match using 4 corroborating fields (cores, frequency, transistors, watts); mean log error 0.005."
series-cores-point-052,2008.46153846,cores,logical_threads_or_compute_units,2,count,50yrs/cores.dat,52,cornell-intel-core-2-duo-e8400-2008-01-01,Core 2 Duo (E8400),Intel,2008,01,2,cores,2,digitized_source_match,high,original_author_dataset,https://github.com/cornell-brg/processor-trends/blob/main/data/processor-trends.csv#L71; https://github.com/cornell-brg/processor-trends; https://www.intel.com/pressroom/kits/quickreffam.htm; https://www.intel.com/content/www/us/en/content-details/841070/intel-core-2-duo-processor-e8000-and-e7000-series-and-intel-pentium-dual-core-processor-e5000-series-thermal-and-mechanical-design-guidelines.html,"Second-pass vector match using 4 corroborating fields (cores, frequency, transistors, watts); mean log error 0.004."
series-frequency-point-064,2008.46153846,frequency,frequency,3023.21302502,MHz,50yrs/frequency.dat,64,cornell-intel-core-2-duo-e8400-2008-01-01,Core 2 Duo (E8400),Intel,2008,01,3000,MHz,3000,digitized_source_match,high,original_author_dataset,https://github.com/cornell-brg/processor-trends/blob/main/data/processor-trends.csv#L71; https://github.com/cornell-brg/processor-trends; https://www.intel.com/pressroom/kits/quickreffam.htm; https://www.intel.com/content/www/us/en/content-details/841070/intel-core-2-duo-processor-e8000-and-e7000-series-and-intel-pentium-dual-core-processor-e5000-series-thermal-and-mechanical-design-guidelines.html,"Second-pass vector match using 4 corroborating fields (cores, frequency, transistors, watts); mean log error 0.004."
series-transistors-point-067,2008.46153846,transistors,transistors,410469.838044,thousand_transistors,50yrs/transistors.dat,67,cornell-intel-core-2-duo-e8400-2008-01-01,Core 2 Duo (E8400),Intel,2008,01,410,million transistors,410000,digitized_source_match,high,original_author_dataset,https://github.com/cornell-brg/processor-trends/blob/main/data/processor-trends.csv#L71; https://github.com/cornell-brg/processor-trends; https://www.intel.com/pressroom/kits/quickreffam.htm; https://www.intel.com/content/www/us/en/content-details/841070/intel-core-2-duo-processor-e8000-and-e7000-series-and-intel-pentium-dual-core-processor-e5000-series-thermal-and-mechanical-design-guidelines.html,"Second-pass vector match using 4 corroborating fields (cores, frequency, transistors, watts); mean log error 0.004."
series-watts-point-065,2008.46153846,watts,typical_power_tdp,65.5248823737,W,50yrs/watts.dat,65,cornell-intel-core-2-duo-e8400-2008-01-01,Core 2 Duo (E8400),Intel,2008,01,65,W,65,digitized_source_match,high,original_author_dataset,https://github.com/cornell-brg/processor-trends/blob/main/data/processor-trends.csv#L71; https://github.com/cornell-brg/processor-trends; https://www.intel.com/pressroom/kits/quickreffam.htm; https://www.intel.com/content/www/us/en/content-details/841070/intel-core-2-duo-processor-e8000-and-e7000-series-and-intel-pentium-dual-core-processor-e5000-series-thermal-and-mechanical-design-guidelines.html,"Second-pass vector match using 4 corroborating fields (cores, frequency, transistors, watts); mean log error 0.004."
series-cores-point-053,2009.18269231,cores,logical_threads_or_compute_units,3,count,50yrs/cores.dat,53,cornell-amd-phenom-x3-8850-2008-10-01,Phenom X3 8850,AMD,2008,10,3,cores,3,digitized_source_match,high,original_author_dataset,https://github.com/cornell-brg/processor-trends/blob/main/data/processor-trends.csv#L72; https://github.com/cornell-brg/processor-trends,"Second-pass vector match using 4 corroborating fields (cores, frequency, transistors, watts); mean log error 0.006."
series-frequency-point-065,2009.18269231,frequency,frequency,2502.86543117,MHz,50yrs/frequency.dat,65,cornell-amd-phenom-x3-8850-2008-10-01,Phenom X3 8850,AMD,2008,10,2500,MHz,2500,digitized_source_match,high,original_author_dataset,https://github.com/cornell-brg/processor-trends/blob/main/data/processor-trends.csv#L72; https://github.com/cornell-brg/processor-trends,"Second-pass vector match using 4 corroborating fields (cores, frequency, transistors, watts); mean log error 0.006."
series-transistors-point-068,2009.18269231,transistors,transistors,457252.669897,thousand_transistors,50yrs/transistors.dat,68,cornell-amd-phenom-x3-8850-2008-10-01,Phenom X3 8850,AMD,2008,10,450,million transistors,450000,digitized_source_match,high,original_author_dataset,https://github.com/cornell-brg/processor-trends/blob/main/data/processor-trends.csv#L72; https://github.com/cornell-brg/processor-trends,"Second-pass vector match using 4 corroborating fields (cores, frequency, transistors, watts); mean log error 0.006."
series-watts-point-066,2009.18269231,watts,typical_power_tdp,95.6023901095,W,50yrs/watts.dat,66,cornell-amd-phenom-x3-8850-2008-10-01,Phenom X3 8850,AMD,2008,10,95,W,95,digitized_source_match,high,original_author_dataset,https://github.com/cornell-brg/processor-trends/blob/main/data/processor-trends.csv#L72; https://github.com/cornell-brg/processor-trends,"Second-pass vector match using 4 corroborating fields (cores, frequency, transistors, watts); mean log error 0.006."
series-cores-point-054,2009.23076923,cores,logical_threads_or_compute_units,4,count,50yrs/cores.dat,54,cornell-intel-core-i7-965-2008-11-01,Core i7-965,Intel,2008,11,4,cores,4,digitized_source_match,high,original_author_dataset,https://github.com/cornell-brg/processor-trends/blob/main/data/processor-trends.csv#L73; https://github.com/cornell-brg/processor-trends; https://www.intel.com/pressroom/archive/releases/2008/20081117comp_sm.htm; https://www.intel.com/pressroom/kits/quickreffam.htm,Curated second-pass match using source order and at least three corroborating neighboring metric fields.
series-frequency-point-066,2009.27884615,frequency,frequency,3278.12115139,MHz,50yrs/frequency.dat,66,cornell-intel-core-i7-965-2008-11-01,Core i7-965,Intel,2008,11,3200,MHz,3200,digitized_source_match,high,original_author_dataset,https://github.com/cornell-brg/processor-trends/blob/main/data/processor-trends.csv#L73; https://github.com/cornell-brg/processor-trends; https://www.intel.com/pressroom/archive/releases/2008/20081117comp_sm.htm; https://www.intel.com/pressroom/kits/quickreffam.htm,"Second-pass vector match using 4 corroborating fields (cores, frequency, transistors, watts); mean log error 0.011."
series-transistors-point-069,2009.27884615,transistors,transistors,784388.558145,thousand_transistors,50yrs/transistors.dat,69,cornell-intel-core-i7-965-2008-11-01,Core i7-965,Intel,2008,11,781,million transistors,781000,digitized_source_match,high,original_author_dataset,https://github.com/cornell-brg/processor-trends/blob/main/data/processor-trends.csv#L73; https://github.com/cornell-brg/processor-trends; https://www.intel.com/pressroom/archive/releases/2008/20081117comp_sm.htm; https://www.intel.com/pressroom/kits/quickreffam.htm,Curated second-pass match using source order and at least three corroborating neighboring metric fields.
series-watts-point-067,2009.27884615,watts,typical_power_tdp,132.158088956,W,50yrs/watts.dat,67,cornell-intel-core-i7-965-2008-11-01,Core i7-965,Intel,2008,11,130,W,130,digitized_source_match,high,original_author_dataset,https://github.com/cornell-brg/processor-trends/blob/main/data/processor-trends.csv#L73; https://github.com/cornell-brg/processor-trends; https://www.intel.com/pressroom/archive/releases/2008/20081117comp_sm.htm; https://www.intel.com/pressroom/kits/quickreffam.htm,"Second-pass vector match using 4 corroborating fields (cores, frequency, transistors, watts); mean log error 0.011."
series-specint-point-051,2009.3,specint,single_thread_performance,36600,SPECint_rate_x1000,50yrs/specint.dat,52,inline-xeon-w5580-2009-03,Xeon W5580,Intel,2009,03,36.7,SPECint2006,36700,digitized_source_match,direct,inline_name_plus_official_benchmark,https://github.com/karlrupp/microprocessor-trend-data/blob/master/50yrs/specint.dat#L52; https://www.spec.org/cpu2006/results/res2009q2/cpu2006-20090330-06862.pdf,Processor name is embedded in the original specint.dat comment. Source comment: Xeon W5580 The named graph point differs slightly from the cited official benchmark result; both values are preserved.
series-frequency-point-067,2009.42307692,frequency,frequency,2641.64832039,MHz,50yrs/frequency.dat,67,cornell-intel-dunnington-x7460-2009-04-01,Dunnington (X7460),Intel,2009,04,2660,MHz,2660,digitized_source_match,high,original_author_dataset,https://github.com/cornell-brg/processor-trends/blob/main/data/processor-trends.csv#L76; https://github.com/cornell-brg/processor-trends; https://www.intel.com/pressroom/kits/quickreffam.htm; https://www.intel.com/pressroom/archive/releases/2008/20080819comp.htm,Curated second-pass match using source order and at least three corroborating neighboring metric fields.
series-specint-point-052,2009.5,specint,single_thread_performance,21100,SPECint_rate_x1000,50yrs/specint.dat,53,inline-opteron-2435-2009-06,Opteron 2435,AMD,2009,06,21.1,SPECint2006,21100,inline_named_match,direct,inline_name_plus_official_benchmark,https://github.com/karlrupp/microprocessor-trend-data/blob/master/50yrs/specint.dat#L53; https://www.spec.org/cpu2006/results/res2009q2/cpu2006-20090608-07830.html,Processor name is embedded in the original specint.dat comment. Source comment: Opteron 2435
series-frequency-point-068,2009.66346154,frequency,frequency,2641.64832039,MHz,50yrs/frequency.dat,68,cornell-intel-i7-860-2009-09-01,i7-860,Intel,2009,09,2800,MHz,2800,digitized_source_match,high,original_author_dataset,https://github.com/cornell-brg/processor-trends/blob/main/data/processor-trends.csv#L80; https://github.com/cornell-brg/processor-trends,Curated second-pass match using source order and at least three corroborating neighboring metric fields.
series-transistors-point-070,2009.66346154,transistors,transistors,2308241.52676,thousand_transistors,50yrs/transistors.dat,70,cornell-intel-gainestown-w5580-2009-04-01,Gainestown (W5580),Intel,2009,04,2300,million transistors,2300000,digitized_source_match,high,original_author_dataset,https://github.com/cornell-brg/processor-trends/blob/main/data/processor-trends.csv#L77; https://github.com/cornell-brg/processor-trends; https://www.intel.com/content/dam/www/public/us/en/documents/datasheets/xeon-5500-vol-1-datasheet.pdf,"Second-pass vector match using 4 corroborating fields (cores, frequency, transistors, watts); mean log error 0.011."
series-specint-point-053,2009.7,specint,single_thread_performance,37700,SPECint_rate_x1000,50yrs/specint.dat,54,inline-xeon-w5590-2009-08,Xeon W5590,Intel,2009,08,37.7,SPECint2006,37700,inline_named_match,direct,inline_name_plus_official_benchmark,https://github.com/karlrupp/microprocessor-trend-data/blob/master/50yrs/specint.dat#L54; https://www.spec.org/cpu2006/results/res2009q4/cpu2006-20090924-08646.pdf,Processor name is embedded in the original specint.dat comment. Source comment: Xeon W5590
series-cores-point-057,2009.71153846,cores,logical_threads_or_compute_units,8,count,50yrs/cores.dat,57,cornell-intel-gainestown-w5580-2009-04-01,Gainestown (W5580),Intel,2009,04,8,cores,8,digitized_source_match,high,original_author_dataset,https://github.com/cornell-brg/processor-trends/blob/main/data/processor-trends.csv#L77; https://github.com/cornell-brg/processor-trends; https://www.intel.com/content/dam/www/public/us/en/documents/datasheets/xeon-5500-vol-1-datasheet.pdf,"Second-pass vector match using 4 corroborating fields (cores, frequency, transistors, watts); mean log error 0.011."
series-cores-point-058,2009.71153846,cores,logical_threads_or_compute_units,6,count,50yrs/cores.dat,58,cornell-intel-dunnington-x7460-2009-04-01,Dunnington (X7460),Intel,2009,04,6,cores,6,digitized_source_match,high,original_author_dataset,https://github.com/cornell-brg/processor-trends/blob/main/data/processor-trends.csv#L76; https://github.com/cornell-brg/processor-trends; https://www.intel.com/pressroom/kits/quickreffam.htm; https://www.intel.com/pressroom/archive/releases/2008/20080819comp.htm,Curated second-pass match using source order and at least three corroborating neighboring metric fields.
series-frequency-point-069,2009.71153846,frequency,frequency,3278.12115139,MHz,50yrs/frequency.dat,69,cornell-intel-gainestown-w5580-2009-04-01,Gainestown (W5580),Intel,2009,04,3200,MHz,3200,digitized_source_match,high,original_author_dataset,https://github.com/cornell-brg/processor-trends/blob/main/data/processor-trends.csv#L77; https://github.com/cornell-brg/processor-trends; https://www.intel.com/content/dam/www/public/us/en/documents/datasheets/xeon-5500-vol-1-datasheet.pdf,"Second-pass vector match using 4 corroborating fields (cores, frequency, transistors, watts); mean log error 0.011."
series-transistors-point-071,2009.71153846,transistors,transistors,1910952.97497,thousand_transistors,50yrs/transistors.dat,71,cornell-intel-dunnington-x7460-2009-04-01,Dunnington (X7460),Intel,2009,04,1900,million transistors,1900000,digitized_source_match,high,original_author_dataset,https://github.com/cornell-brg/processor-trends/blob/main/data/processor-trends.csv#L76; https://github.com/cornell-brg/processor-trends; https://www.intel.com/pressroom/kits/quickreffam.htm; https://www.intel.com/pressroom/archive/releases/2008/20080819comp.htm,"Second-pass vector match using 4 corroborating fields (cores, frequency, transistors, watts); mean log error 0.007."
series-cores-point-059,2010.19230769,cores,logical_threads_or_compute_units,16,count,50yrs/cores.dat,59,cornell-sun-rock-2009-09-01,Rock,Sun,2009,09,16,cores,16,digitized_source_match,high,original_author_dataset,https://github.com/cornell-brg/processor-trends/blob/main/data/processor-trends.csv#L79; https://github.com/cornell-brg/processor-trends,"Second-pass vector match using 3 corroborating fields (cores, frequency, transistors); mean log error 0.002."
series-frequency-point-070,2010.19230769,frequency,frequency,2308.24152676,MHz,50yrs/frequency.dat,70,cornell-sun-rock-2009-09-01,Rock,Sun,2009,09,2300,MHz,2300,digitized_source_match,high,original_author_dataset,https://github.com/cornell-brg/processor-trends/blob/main/data/processor-trends.csv#L79; https://github.com/cornell-brg/processor-trends,"Second-pass vector match using 3 corroborating fields (cores, frequency, transistors); mean log error 0.002."
series-transistors-point-072,2010.19230769,transistors,transistors,410469.838044,thousand_transistors,50yrs/transistors.dat,72,cornell-sun-rock-2009-09-01,Rock,Sun,2009,09,410,million transistors,410000,digitized_source_match,high,original_author_dataset,https://github.com/cornell-brg/processor-trends/blob/main/data/processor-trends.csv#L79; https://github.com/cornell-brg/processor-trends,"Second-pass vector match using 3 corroborating fields (cores, frequency, transistors); mean log error 0.002."
series-specint-point-054,2010.3,specint,single_thread_performance,42000,SPECint_rate_x1000,50yrs/specint.dat,55,inline-xeon-x5680-2010-03,Xeon X5680,Intel,2010,03,42,SPECint2006,42000,inline_named_match,direct,inline_name_plus_official_benchmark,https://github.com/karlrupp/microprocessor-trend-data/blob/master/50yrs/specint.dat#L55; https://www.spec.org/cpu2006/results/res2010q3/cpu2006-20100705-12175.pdf,Processor name is embedded in the original specint.dat comment. Source comment: Xeon X5680
series-specint-point-055,2010.5,specint,single_thread_performance,25800,SPECint_rate_x1000,50yrs/specint.dat,56,inline-opteron-4184-2010-11,Opteron 4184,AMD,2010,11,25.8,SPECint2006,25800,inline_named_match,direct,inline_name_plus_official_benchmark,https://github.com/karlrupp/microprocessor-trend-data/blob/master/50yrs/specint.dat#L56; https://www.spec.org/cpu2006/results/res2011q1/cpu2006-20110110-14087.pdf,Processor name is embedded in the original specint.dat comment. Source comment: Opteron 4184
series-cores-point-060,2011.16,cores,logical_threads_or_compute_units,12,count,50yrs/cores.dat,61,newdata-xeon-x5690-2011-02,Xeon X5690,Intel,2011,02,12,logical threads (SMT counted separately),12,unit_converted_match,direct,repository_source,https://github.com/karlrupp/microprocessor-trend-data/blob/master/newdata.txt#L12; https://www.spec.org/cpu2006/results/; http://www.anandtech.com/show/5553/the-xeon-e52600-dual-sandybridge-for-servers/2,Mapped by source order to the corresponding populated newdata.txt field. Graph x-coordinate 2011.16 is approximate; source date is 2011.02.
series-frequency-point-071,2011.16,frequency,frequency,3470,MHz,50yrs/frequency.dat,72,newdata-xeon-x5690-2011-02,Xeon X5690,Intel,2011,02,3.47,GHz,3470,unit_converted_match,direct,repository_source,https://github.com/karlrupp/microprocessor-trend-data/blob/master/newdata.txt#L12; https://www.spec.org/cpu2006/results/; http://www.anandtech.com/show/5553/the-xeon-e52600-dual-sandybridge-for-servers/2,Mapped by source order to the corresponding populated newdata.txt field. Graph x-coordinate 2011.16 is approximate; source date is 2011.02.
series-transistors-point-074,2011.16,transistors,transistors,1170000,thousand_transistors,50yrs/transistors.dat,75,newdata-xeon-x5690-2011-02,Xeon X5690,Intel,2011,02,1.17,billion transistors,1170000,unit_converted_match,direct,repository_source,https://github.com/karlrupp/microprocessor-trend-data/blob/master/newdata.txt#L12; https://www.spec.org/cpu2006/results/; http://www.anandtech.com/show/5553/the-xeon-e52600-dual-sandybridge-for-servers/2,Mapped by source order to the corresponding populated newdata.txt field. Graph x-coordinate 2011.16 is approximate; source date is 2011.02.
series-watts-point-072,2011.16,watts,typical_power_tdp,130,W,50yrs/watts.dat,73,newdata-xeon-x5690-2011-02,Xeon X5690,Intel,2011,02,130,W,130,unit_converted_match,direct,repository_source,https://github.com/karlrupp/microprocessor-trend-data/blob/master/newdata.txt#L12; https://www.spec.org/cpu2006/results/; http://www.anandtech.com/show/5553/the-xeon-e52600-dual-sandybridge-for-servers/2,Mapped by source order to the corresponding populated newdata.txt field. Graph x-coordinate 2011.16 is approximate; source date is 2011.02.
series-cores-point-061,2011.32,cores,logical_threads_or_compute_units,20,count,50yrs/cores.dat,62,newdata-xeon-e7-8870-2011-04,Xeon E7-8870,Intel,2011,04,20,logical threads (SMT counted separately),20,unit_converted_match,direct,repository_source,https://github.com/karlrupp/microprocessor-trend-data/blob/master/newdata.txt#L13; https://www.spec.org/cpu2006/results/,Mapped by source order to the corresponding populated newdata.txt field. Graph x-coordinate 2011.32 is approximate; source date is 2011.04.
series-frequency-point-072,2011.32,frequency,frequency,2400,MHz,50yrs/frequency.dat,73,newdata-xeon-e7-8870-2011-04,Xeon E7-8870,Intel,2011,04,2.4,GHz,2400,unit_converted_match,direct,repository_source,https://github.com/karlrupp/microprocessor-trend-data/blob/master/newdata.txt#L13; https://www.spec.org/cpu2006/results/,Mapped by source order to the corresponding populated newdata.txt field. Graph x-coordinate 2011.32 is approximate; source date is 2011.04.
series-transistors-point-075,2011.32,transistors,transistors,2600000,thousand_transistors,50yrs/transistors.dat,76,newdata-xeon-e7-8870-2011-04,Xeon E7-8870,Intel,2011,04,2.6,billion transistors,2600000,unit_converted_match,direct,repository_source,https://github.com/karlrupp/microprocessor-trend-data/blob/master/newdata.txt#L13; https://www.spec.org/cpu2006/results/,Mapped by source order to the corresponding populated newdata.txt field. Graph x-coordinate 2011.32 is approximate; source date is 2011.04.
series-watts-point-073,2011.32,watts,typical_power_tdp,130,W,50yrs/watts.dat,74,newdata-xeon-e7-8870-2011-04,Xeon E7-8870,Intel,2011,04,130,W,130,unit_converted_match,direct,repository_source,https://github.com/karlrupp/microprocessor-trend-data/blob/master/newdata.txt#L13; https://www.spec.org/cpu2006/results/,Mapped by source order to the corresponding populated newdata.txt field. Graph x-coordinate 2011.32 is approximate; source date is 2011.04.
series-cores-point-062,2011.9,cores,logical_threads_or_compute_units,8,count,50yrs/cores.dat,63,newdata-opteron-4284-2011-11,Opteron 4284,AMD,2011,11,8,logical threads (SMT counted separately),8,unit_converted_match,direct,repository_source,https://github.com/karlrupp/microprocessor-trend-data/blob/master/newdata.txt#L14; https://www.spec.org/cpu2006/results/,Mapped by source order to the corresponding populated newdata.txt field. Graph x-coordinate 2011.9 is approximate; source date is 2011.11.
series-frequency-point-073,2011.9,frequency,frequency,3000,MHz,50yrs/frequency.dat,74,newdata-opteron-4284-2011-11,Opteron 4284,AMD,2011,11,3,GHz,3000,unit_converted_match,direct,repository_source,https://github.com/karlrupp/microprocessor-trend-data/blob/master/newdata.txt#L14; https://www.spec.org/cpu2006/results/,Mapped by source order to the corresponding populated newdata.txt field. Graph x-coordinate 2011.9 is approximate; source date is 2011.11.
series-transistors-point-076,2011.9,transistors,transistors,1200000,thousand_transistors,50yrs/transistors.dat,77,newdata-opteron-4284-2011-11,Opteron 4284,AMD,2011,11,1.2,billion transistors,1200000,unit_converted_match,direct,repository_source,https://github.com/karlrupp/microprocessor-trend-data/blob/master/newdata.txt#L14; https://www.spec.org/cpu2006/results/,Mapped by source order to the corresponding populated newdata.txt field. Graph x-coordinate 2011.9 is approximate; source date is 2011.11.
series-watts-point-074,2011.9,watts,typical_power_tdp,95,W,50yrs/watts.dat,75,newdata-opteron-4284-2011-11,Opteron 4284,AMD,2011,11,95,W,95,unit_converted_match,direct,repository_source,https://github.com/karlrupp/microprocessor-trend-data/blob/master/newdata.txt#L14; https://www.spec.org/cpu2006/results/,Mapped by source order to the corresponding populated newdata.txt field. Graph x-coordinate 2011.9 is approximate; source date is 2011.11.
series-cores-point-063,2012.40,cores,logical_threads_or_compute_units,16,count,50yrs/cores.dat,64,newdata-opteron-6284se-2012-05,Opteron 6284SE,AMD,2012,05,16,logical threads (SMT counted separately),16,unit_converted_match,direct,repository_source,https://github.com/karlrupp/microprocessor-trend-data/blob/master/newdata.txt#L15; https://www.spec.org/cpu2006/results/,Mapped by source order to the corresponding populated newdata.txt field. Graph x-coordinate 2012.40 is approximate; source date is 2012.05.
series-frequency-point-074,2012.40,frequency,frequency,3100,MHz,50yrs/frequency.dat,75,newdata-opteron-6284se-2012-05,Opteron 6284SE,AMD,2012,05,3.1,GHz,3100,unit_converted_match,direct,repository_source,https://github.com/karlrupp/microprocessor-trend-data/blob/master/newdata.txt#L15; https://www.spec.org/cpu2006/results/,Mapped by source order to the corresponding populated newdata.txt field. Graph x-coordinate 2012.40 is approximate; source date is 2012.05.
series-transistors-point-077,2012.40,transistors,transistors,2400000,thousand_transistors,50yrs/transistors.dat,78,newdata-opteron-6284se-2012-05,Opteron 6284SE,AMD,2012,05,2.4,billion transistors,2400000,unit_converted_match,direct,repository_source,https://github.com/karlrupp/microprocessor-trend-data/blob/master/newdata.txt#L15; https://www.spec.org/cpu2006/results/,Mapped by source order to the corresponding populated newdata.txt field. Graph x-coordinate 2012.40 is approximate; source date is 2012.05.
series-watts-point-075,2012.40,watts,typical_power_tdp,140,W,50yrs/watts.dat,76,newdata-opteron-6284se-2012-05,Opteron 6284SE,AMD,2012,05,140,W,140,unit_converted_match,direct,repository_source,https://github.com/karlrupp/microprocessor-trend-data/blob/master/newdata.txt#L15; https://www.spec.org/cpu2006/results/,Mapped by source order to the corresponding populated newdata.txt field. Graph x-coordinate 2012.40 is approximate; source date is 2012.05.
series-cores-point-064,2012.41,cores,logical_threads_or_compute_units,16,count,50yrs/cores.dat,65,newdata-xeon-e5-2690-2012-05,Xeon E5-2690,Intel,2012,05,16,logical threads (SMT counted separately),16,unit_converted_match,direct,repository_source,https://github.com/karlrupp/microprocessor-trend-data/blob/master/newdata.txt#L16; https://www.spec.org/cpu2006/results/; http://www.anandtech.com/show/5553/the-xeon-e52600-dual-sandybridge-for-servers/2,Mapped by source order to the corresponding populated newdata.txt field. Graph x-coordinate 2012.41 is approximate; source date is 2012.05.
series-frequency-point-075,2012.41,frequency,frequency,2900,MHz,50yrs/frequency.dat,76,newdata-xeon-e5-2690-2012-05,Xeon E5-2690,Intel,2012,05,2.9,GHz,2900,unit_converted_match,direct,repository_source,https://github.com/karlrupp/microprocessor-trend-data/blob/master/newdata.txt#L16; https://www.spec.org/cpu2006/results/; http://www.anandtech.com/show/5553/the-xeon-e52600-dual-sandybridge-for-servers/2,Mapped by source order to the corresponding populated newdata.txt field. Graph x-coordinate 2012.41 is approximate; source date is 2012.05.
series-specint-point-060,2012.41,specint,single_thread_performance,59000.0,SPECint_rate_x1000,50yrs/specint.dat,62,newdata-xeon-e5-2690-2012-05,Xeon E5-2690,Intel,2012,05,59,SPECint rate,59000,unit_converted_match,direct,repository_source,https://github.com/karlrupp/microprocessor-trend-data/blob/master/newdata.txt#L16; https://www.spec.org/cpu2006/results/; http://www.anandtech.com/show/5553/the-xeon-e52600-dual-sandybridge-for-servers/2,Mapped by source order to the corresponding populated newdata.txt field. Graph x-coordinate 2012.41 is approximate; source date is 2012.05.
series-transistors-point-078,2012.41,transistors,transistors,2300000,thousand_transistors,50yrs/transistors.dat,79,newdata-xeon-e5-2690-2012-05,Xeon E5-2690,Intel,2012,05,2.3,billion transistors,2300000,unit_converted_match,direct,repository_source,https://github.com/karlrupp/microprocessor-trend-data/blob/master/newdata.txt#L16; https://www.spec.org/cpu2006/results/; http://www.anandtech.com/show/5553/the-xeon-e52600-dual-sandybridge-for-servers/2,Mapped by source order to the corresponding populated newdata.txt field. Graph x-coordinate 2012.41 is approximate; source date is 2012.05.
series-watts-point-076,2012.41,watts,typical_power_tdp,130,W,50yrs/watts.dat,77,newdata-xeon-e5-2690-2012-05,Xeon E5-2690,Intel,2012,05,130,W,130,unit_converted_match,direct,repository_source,https://github.com/karlrupp/microprocessor-trend-data/blob/master/newdata.txt#L16; https://www.spec.org/cpu2006/results/; http://www.anandtech.com/show/5553/the-xeon-e52600-dual-sandybridge-for-servers/2,Mapped by source order to the corresponding populated newdata.txt field. Graph x-coordinate 2012.41 is approximate; source date is 2012.05.
series-cores-point-065,2012.7,cores,logical_threads_or_compute_units,32,count,50yrs/cores.dat,66,newdata-power7-780-2012-08,Power7+ 780,IBM,2012,08,32,logical threads (SMT counted separately),32,unit_converted_match,direct,repository_source,https://github.com/karlrupp/microprocessor-trend-data/blob/master/newdata.txt#L17; http://arstechnica.com/civis/viewtopic.php?f=8&t=40992,Mapped by source order to the corresponding populated newdata.txt field. Graph x-coordinate 2012.7 is approximate; source date is 2012.08.
series-frequency-point-076,2012.7,frequency,frequency,3700,MHz,50yrs/frequency.dat,77,newdata-power7-780-2012-08,Power7+ 780,IBM,2012,08,3.7,GHz,3700,unit_converted_match,direct,repository_source,https://github.com/karlrupp/microprocessor-trend-data/blob/master/newdata.txt#L17; http://arstechnica.com/civis/viewtopic.php?f=8&t=40992,Mapped by source order to the corresponding populated newdata.txt field. Graph x-coordinate 2012.7 is approximate; source date is 2012.08.
series-transistors-point-079,2012.7,transistors,transistors,2100000,thousand_transistors,50yrs/transistors.dat,80,newdata-power7-780-2012-08,Power7+ 780,IBM,2012,08,2.1,billion transistors,2100000,unit_converted_match,direct,repository_source,https://github.com/karlrupp/microprocessor-trend-data/blob/master/newdata.txt#L17; http://arstechnica.com/civis/viewtopic.php?f=8&t=40992,Mapped by source order to the corresponding populated newdata.txt field. Graph x-coordinate 2012.7 is approximate; source date is 2012.08.
series-watts-point-077,2012.7,watts,typical_power_tdp,200,W,50yrs/watts.dat,78,newdata-power7-780-2012-08,Power7+ 780,IBM,2012,08,200,W,200,unit_converted_match,direct,repository_source,https://github.com/karlrupp/microprocessor-trend-data/blob/master/newdata.txt#L17; http://arstechnica.com/civis/viewtopic.php?f=8&t=40992,Mapped by source order to the corresponding populated newdata.txt field. Graph x-coordinate 2012.7 is approximate; source date is 2012.08.
series-cores-point-066,2012.9,cores,logical_threads_or_compute_units,16,count,50yrs/cores.dat,67,newdata-opteron-6380-2012-11,Opteron 6380,AMD,2012,11,16,logical threads (SMT counted separately),16,unit_converted_match,direct,repository_source,https://github.com/karlrupp/microprocessor-trend-data/blob/master/newdata.txt#L18; https://www.spec.org/cpu2006/results/,Mapped by source order to the corresponding populated newdata.txt field. Graph x-coordinate 2012.9 is approximate; source date is 2012.11.
series-frequency-point-077,2012.9,frequency,frequency,2500,MHz,50yrs/frequency.dat,78,newdata-opteron-6380-2012-11,Opteron 6380,AMD,2012,11,2.5,GHz,2500,unit_converted_match,direct,repository_source,https://github.com/karlrupp/microprocessor-trend-data/blob/master/newdata.txt#L18; https://www.spec.org/cpu2006/results/,Mapped by source order to the corresponding populated newdata.txt field. Graph x-coordinate 2012.9 is approximate; source date is 2012.11.
series-transistors-point-080,2012.9,transistors,transistors,1200000,thousand_transistors,50yrs/transistors.dat,81,newdata-opteron-6380-2012-11,Opteron 6380,AMD,2012,11,1.2,billion transistors,1200000,unit_converted_match,direct,repository_source,https://github.com/karlrupp/microprocessor-trend-data/blob/master/newdata.txt#L18; https://www.spec.org/cpu2006/results/,Mapped by source order to the corresponding populated newdata.txt field. Graph x-coordinate 2012.9 is approximate; source date is 2012.11.
series-watts-point-078,2012.9,watts,typical_power_tdp,115,W,50yrs/watts.dat,79,newdata-opteron-6380-2012-11,Opteron 6380,AMD,2012,11,115,W,115,unit_converted_match,direct,repository_source,https://github.com/karlrupp/microprocessor-trend-data/blob/master/newdata.txt#L18; https://www.spec.org/cpu2006/results/,Mapped by source order to the corresponding populated newdata.txt field. Graph x-coordinate 2012.9 is approximate; source date is 2012.11.
series-cores-point-067,2013.4,cores,logical_threads_or_compute_units,240,count,50yrs/cores.dat,68,newdata-xeon-phi-2013-05,Xeon Phi,Intel,2013,05,240,logical threads (SMT counted separately),240,unit_converted_match,direct,repository_source,https://github.com/karlrupp/microprocessor-trend-data/blob/master/newdata.txt#L19,Mapped by source order to the corresponding populated newdata.txt field. Graph x-coordinate 2013.4 is approximate; source date is 2013.05.
series-frequency-point-078,2013.4,frequency,frequency,1200,MHz,50yrs/frequency.dat,79,newdata-xeon-phi-2013-05,Xeon Phi,Intel,2013,05,1.2,GHz,1200,unit_converted_match,direct,repository_source,https://github.com/karlrupp/microprocessor-trend-data/blob/master/newdata.txt#L19,Mapped by source order to the corresponding populated newdata.txt field. Graph x-coordinate 2013.4 is approximate; source date is 2013.05.
series-transistors-point-081,2013.4,transistors,transistors,5000000,thousand_transistors,50yrs/transistors.dat,82,newdata-xeon-phi-2013-05,Xeon Phi,Intel,2013,05,5,billion transistors,5000000,unit_converted_match,direct,repository_source,https://github.com/karlrupp/microprocessor-trend-data/blob/master/newdata.txt#L19,Mapped by source order to the corresponding populated newdata.txt field. Graph x-coordinate 2013.4 is approximate; source date is 2013.05.
series-watts-point-079,2013.4,watts,typical_power_tdp,300,W,50yrs/watts.dat,80,newdata-xeon-phi-2013-05,Xeon Phi,Intel,2013,05,300,W,300,unit_converted_match,direct,repository_source,https://github.com/karlrupp/microprocessor-trend-data/blob/master/newdata.txt#L19,Mapped by source order to the corresponding populated newdata.txt field. Graph x-coordinate 2013.4 is approximate; source date is 2013.05.
series-cores-point-068,2013.8,cores,logical_threads_or_compute_units,24,count,50yrs/cores.dat,69,newdata-xeon-e5-2697v2-2013-09,Xeon E5-2697v2,Intel,2013,09,24,logical threads (SMT counted separately),24,unit_converted_match,direct,repository_source,https://github.com/karlrupp/microprocessor-trend-data/blob/master/newdata.txt#L20; https://www.spec.org/cpu2006/results/; http://wccftech.com/intel-announces-ivy-bridge-ep-xeon/,Mapped by source order to the corresponding populated newdata.txt field. Graph x-coordinate 2013.8 is approximate; source date is 2013.09.
series-frequency-point-079,2013.8,frequency,frequency,2700,MHz,50yrs/frequency.dat,80,newdata-xeon-e5-2697v2-2013-09,Xeon E5-2697v2,Intel,2013,09,2.7,GHz,2700,unit_converted_match,direct,repository_source,https://github.com/karlrupp/microprocessor-trend-data/blob/master/newdata.txt#L20; https://www.spec.org/cpu2006/results/; http://wccftech.com/intel-announces-ivy-bridge-ep-xeon/,Mapped by source order to the corresponding populated newdata.txt field. Graph x-coordinate 2013.8 is approximate; source date is 2013.09.
series-transistors-point-082,2013.8,transistors,transistors,4300000,thousand_transistors,50yrs/transistors.dat,83,newdata-xeon-e5-2697v2-2013-09,Xeon E5-2697v2,Intel,2013,09,4.3,billion transistors,4300000,unit_converted_match,direct,repository_source,https://github.com/karlrupp/microprocessor-trend-data/blob/master/newdata.txt#L20; https://www.spec.org/cpu2006/results/; http://wccftech.com/intel-announces-ivy-bridge-ep-xeon/,Mapped by source order to the corresponding populated newdata.txt field. Graph x-coordinate 2013.8 is approximate; source date is 2013.09.
series-watts-point-080,2013.8,watts,typical_power_tdp,130,W,50yrs/watts.dat,81,newdata-xeon-e5-2697v2-2013-09,Xeon E5-2697v2,Intel,2013,09,130,W,130,unit_converted_match,direct,repository_source,https://github.com/karlrupp/microprocessor-trend-data/blob/master/newdata.txt#L20; https://www.spec.org/cpu2006/results/; http://wccftech.com/intel-announces-ivy-bridge-ep-xeon/,Mapped by source order to the corresponding populated newdata.txt field. Graph x-coordinate 2013.8 is approximate; source date is 2013.09.
series-cores-point-069,2014.16,cores,logical_threads_or_compute_units,30,count,50yrs/cores.dat,70,newdata-xeon-e7-4890v2-2014-02,Xeon E7-4890v2,Intel,2014,02,30,logical threads (SMT counted separately),30,unit_converted_match,direct,repository_source,https://github.com/karlrupp/microprocessor-trend-data/blob/master/newdata.txt#L21; https://www.spec.org/cpu2006/results/,Mapped by source order to the corresponding populated newdata.txt field. Graph x-coordinate 2014.16 is approximate; source date is 2014.02.
series-frequency-point-080,2014.16,frequency,frequency,2800,MHz,50yrs/frequency.dat,81,newdata-xeon-e7-4890v2-2014-02,Xeon E7-4890v2,Intel,2014,02,2.8,GHz,2800,unit_converted_match,direct,repository_source,https://github.com/karlrupp/microprocessor-trend-data/blob/master/newdata.txt#L21; https://www.spec.org/cpu2006/results/,Mapped by source order to the corresponding populated newdata.txt field. Graph x-coordinate 2014.16 is approximate; source date is 2014.02.
series-transistors-point-083,2014.16,transistors,transistors,4300000,thousand_transistors,50yrs/transistors.dat,84,newdata-xeon-e7-4890v2-2014-02,Xeon E7-4890v2,Intel,2014,02,4.3,billion transistors,4300000,unit_converted_match,direct,repository_source,https://github.com/karlrupp/microprocessor-trend-data/blob/master/newdata.txt#L21; https://www.spec.org/cpu2006/results/,Mapped by source order to the corresponding populated newdata.txt field. Graph x-coordinate 2014.16 is approximate; source date is 2014.02.
series-watts-point-081,2014.16,watts,typical_power_tdp,155,W,50yrs/watts.dat,82,newdata-xeon-e7-4890v2-2014-02,Xeon E7-4890v2,Intel,2014,02,155,W,155,unit_converted_match,direct,repository_source,https://github.com/karlrupp/microprocessor-trend-data/blob/master/newdata.txt#L21; https://www.spec.org/cpu2006/results/,Mapped by source order to the corresponding populated newdata.txt field. Graph x-coordinate 2014.16 is approximate; source date is 2014.02.
series-cores-point-070,2014.5,cores,logical_threads_or_compute_units,64,count,50yrs/cores.dat,71,newdata-power8-s814-2014-06,Power8 S814,IBM,2014,06,64,logical threads (SMT counted separately),64,unit_converted_match,direct,repository_source,https://github.com/karlrupp/microprocessor-trend-data/blob/master/newdata.txt#L22,Mapped by source order to the corresponding populated newdata.txt field. Graph x-coordinate 2014.5 is approximate; source date is 2014.06.
series-frequency-point-081,2014.5,frequency,frequency,3700,MHz,50yrs/frequency.dat,82,newdata-power8-s814-2014-06,Power8 S814,IBM,2014,06,3.7,GHz,3700,unit_converted_match,direct,repository_source,https://github.com/karlrupp/microprocessor-trend-data/blob/master/newdata.txt#L22,Mapped by source order to the corresponding populated newdata.txt field. Graph x-coordinate 2014.5 is approximate; source date is 2014.06.
series-transistors-point-084,2014.5,transistors,transistors,4200000,thousand_transistors,50yrs/transistors.dat,85,newdata-power8-s814-2014-06,Power8 S814,IBM,2014,06,4.2,billion transistors,4200000,unit_converted_match,direct,repository_source,https://github.com/karlrupp/microprocessor-trend-data/blob/master/newdata.txt#L22,Mapped by source order to the corresponding populated newdata.txt field. Graph x-coordinate 2014.5 is approximate; source date is 2014.06.
series-watts-point-082,2014.5,watts,typical_power_tdp,200,W,50yrs/watts.dat,83,newdata-power8-s814-2014-06,Power8 S814,IBM,2014,06,200,W,200,unit_converted_match,direct,repository_source,https://github.com/karlrupp/microprocessor-trend-data/blob/master/newdata.txt#L22,Mapped by source order to the corresponding populated newdata.txt field. Graph x-coordinate 2014.5 is approximate; source date is 2014.06.
series-cores-point-071,2014.8,cores,logical_threads_or_compute_units,16,count,50yrs/cores.dat,72,newdata-xeon-e5-2667v3-2014-09,Xeon E5-2667v3,Intel,2014,09,16,logical threads (SMT counted separately),16,unit_converted_match,direct,repository_source,https://github.com/karlrupp/microprocessor-trend-data/blob/master/newdata.txt#L23; https://www.spec.org/cpu2006/results/,Mapped by source order to the corresponding populated newdata.txt field. Graph x-coordinate 2014.8 is approximate; source date is 2014.09.
series-frequency-point-082,2014.8,frequency,frequency,3200,MHz,50yrs/frequency.dat,83,newdata-xeon-e5-2667v3-2014-09,Xeon E5-2667v3,Intel,2014,09,3.2,GHz,3200,unit_converted_match,direct,repository_source,https://github.com/karlrupp/microprocessor-trend-data/blob/master/newdata.txt#L23; https://www.spec.org/cpu2006/results/,Mapped by source order to the corresponding populated newdata.txt field. Graph x-coordinate 2014.8 is approximate; source date is 2014.09.
series-transistors-point-085,2014.8,transistors,transistors,2600000,thousand_transistors,50yrs/transistors.dat,86,newdata-xeon-e5-2667v3-2014-09,Xeon E5-2667v3,Intel,2014,09,2.6,billion transistors,2600000,unit_converted_match,direct,repository_source,https://github.com/karlrupp/microprocessor-trend-data/blob/master/newdata.txt#L23; https://www.spec.org/cpu2006/results/,Mapped by source order to the corresponding populated newdata.txt field. Graph x-coordinate 2014.8 is approximate; source date is 2014.09.
series-watts-point-083,2014.8,watts,typical_power_tdp,135,W,50yrs/watts.dat,84,newdata-xeon-e5-2667v3-2014-09,Xeon E5-2667v3,Intel,2014,09,135,W,135,unit_converted_match,direct,repository_source,https://github.com/karlrupp/microprocessor-trend-data/blob/master/newdata.txt#L23; https://www.spec.org/cpu2006/results/,Mapped by source order to the corresponding populated newdata.txt field. Graph x-coordinate 2014.8 is approximate; source date is 2014.09.
series-cores-point-072,2014.81,cores,logical_threads_or_compute_units,24,count,50yrs/cores.dat,73,newdata-xeon-e5-2690v3-2014-09,Xeon E5-2690v3,Intel,2014,09,24,logical threads (SMT counted separately),24,unit_converted_match,direct,repository_source,https://github.com/karlrupp/microprocessor-trend-data/blob/master/newdata.txt#L24; https://www.spec.org/cpu2006/results/,Mapped by source order to the corresponding populated newdata.txt field. Graph x-coordinate 2014.81 is approximate; source date is 2014.09.
series-frequency-point-083,2014.81,frequency,frequency,2600,MHz,50yrs/frequency.dat,84,newdata-xeon-e5-2690v3-2014-09,Xeon E5-2690v3,Intel,2014,09,2.6,GHz,2600,unit_converted_match,direct,repository_source,https://github.com/karlrupp/microprocessor-trend-data/blob/master/newdata.txt#L24; https://www.spec.org/cpu2006/results/,Mapped by source order to the corresponding populated newdata.txt field. Graph x-coordinate 2014.81 is approximate; source date is 2014.09.
series-transistors-point-086,2014.81,transistors,transistors,3800000,thousand_transistors,50yrs/transistors.dat,87,newdata-xeon-e5-2690v3-2014-09,Xeon E5-2690v3,Intel,2014,09,3.8,billion transistors,3800000,unit_converted_match,direct,repository_source,https://github.com/karlrupp/microprocessor-trend-data/blob/master/newdata.txt#L24; https://www.spec.org/cpu2006/results/,Mapped by source order to the corresponding populated newdata.txt field. Graph x-coordinate 2014.81 is approximate; source date is 2014.09.
series-watts-point-084,2014.81,watts,typical_power_tdp,135,W,50yrs/watts.dat,85,newdata-xeon-e5-2690v3-2014-09,Xeon E5-2690v3,Intel,2014,09,135,W,135,unit_converted_match,direct,repository_source,https://github.com/karlrupp/microprocessor-trend-data/blob/master/newdata.txt#L24; https://www.spec.org/cpu2006/results/,Mapped by source order to the corresponding populated newdata.txt field. Graph x-coordinate 2014.81 is approximate; source date is 2014.09.
series-cores-point-073,2014.82,cores,logical_threads_or_compute_units,36,count,50yrs/cores.dat,74,newdata-xeon-e5-2699v3-2014-09,Xeon E5-2699v3,Intel,2014,09,36,logical threads (SMT counted separately),36,unit_converted_match,direct,repository_source,https://github.com/karlrupp/microprocessor-trend-data/blob/master/newdata.txt#L25; https://www.spec.org/cpu2006/results/; https://www.intel.com/content/www/us/en/products/sku/81061/intel-xeon-processor-e52699-v3-45m-cache-2-30-ghz/specifications.html,Mapped by source order to the corresponding populated newdata.txt field. Graph x-coordinate 2014.82 is approximate; source date is 2014.09.
series-frequency-point-084,2014.82,frequency,frequency,2300,MHz,50yrs/frequency.dat,85,newdata-xeon-e5-2699v3-2014-09,Xeon E5-2699v3,Intel,2014,09,2.3,GHz,2300,unit_converted_match,direct,repository_source,https://github.com/karlrupp/microprocessor-trend-data/blob/master/newdata.txt#L25; https://www.spec.org/cpu2006/results/; https://www.intel.com/content/www/us/en/products/sku/81061/intel-xeon-processor-e52699-v3-45m-cache-2-30-ghz/specifications.html,Mapped by source order to the corresponding populated newdata.txt field. Graph x-coordinate 2014.82 is approximate; source date is 2014.09.
series-transistors-point-087,2014.82,transistors,transistors,5700000,thousand_transistors,50yrs/transistors.dat,88,newdata-xeon-e5-2699v3-2014-09,Xeon E5-2699v3,Intel,2014,09,5.7,billion transistors,5700000,unit_converted_match,direct,repository_source,https://github.com/karlrupp/microprocessor-trend-data/blob/master/newdata.txt#L25; https://www.spec.org/cpu2006/results/; https://www.intel.com/content/www/us/en/products/sku/81061/intel-xeon-processor-e52699-v3-45m-cache-2-30-ghz/specifications.html,Mapped by source order to the corresponding populated newdata.txt field. Graph x-coordinate 2014.82 is approximate; source date is 2014.09.
series-cores-point-074,2016.33,cores,logical_threads_or_compute_units,44,count,50yrs/cores.dat,75,newdata-xeon-e5-2699v4-2016-04,Xeon E5-2699v4,Intel,2016,04,44,logical threads (SMT counted separately),44,unit_converted_match,direct,repository_source,https://github.com/karlrupp/microprocessor-trend-data/blob/master/newdata.txt#L26; https://www.spec.org/cpu2006/results/,Mapped by source order to the corresponding populated newdata.txt field. Graph x-coordinate 2016.33 is approximate; source date is 2016.04.
series-frequency-point-085,2016.33,frequency,frequency,2200,MHz,50yrs/frequency.dat,86,newdata-xeon-e5-2699v4-2016-04,Xeon E5-2699v4,Intel,2016,04,2.2,GHz,2200,unit_converted_match,direct,repository_source,https://github.com/karlrupp/microprocessor-trend-data/blob/master/newdata.txt#L26; https://www.spec.org/cpu2006/results/,Mapped by source order to the corresponding populated newdata.txt field. Graph x-coordinate 2016.33 is approximate; source date is 2016.04.
series-transistors-point-088,2016.33,transistors,transistors,7200000,thousand_transistors,50yrs/transistors.dat,89,newdata-xeon-e5-2699v4-2016-04,Xeon E5-2699v4,Intel,2016,04,7.2,billion transistors,7200000,unit_converted_match,direct,repository_source,https://github.com/karlrupp/microprocessor-trend-data/blob/master/newdata.txt#L26; https://www.spec.org/cpu2006/results/,Mapped by source order to the corresponding populated newdata.txt field. Graph x-coordinate 2016.33 is approximate; source date is 2016.04.
series-watts-point-086,2016.33,watts,typical_power_tdp,145,W,50yrs/watts.dat,87,newdata-xeon-e5-2699v4-2016-04,Xeon E5-2699v4,Intel,2016,04,145,W,145,unit_converted_match,direct,repository_source,https://github.com/karlrupp/microprocessor-trend-data/blob/master/newdata.txt#L26; https://www.spec.org/cpu2006/results/,Mapped by source order to the corresponding populated newdata.txt field. Graph x-coordinate 2016.33 is approximate; source date is 2016.04.
series-cores-point-075,2016.5,cores,logical_threads_or_compute_units,272,count,50yrs/cores.dat,76,newdata-xeon-phi-7290-2016-06,Xeon Phi 7290,Intel,2016,06,272,logical threads (SMT counted separately),272,unit_converted_match,direct,repository_source,https://github.com/karlrupp/microprocessor-trend-data/blob/master/newdata.txt#L27,Mapped by source order to the corresponding populated newdata.txt field. Graph x-coordinate 2016.5 is approximate; source date is 2016.06.
series-frequency-point-086,2016.5,frequency,frequency,1500,MHz,50yrs/frequency.dat,87,newdata-xeon-phi-7290-2016-06,Xeon Phi 7290,Intel,2016,06,1.5,GHz,1500,unit_converted_match,direct,repository_source,https://github.com/karlrupp/microprocessor-trend-data/blob/master/newdata.txt#L27,Mapped by source order to the corresponding populated newdata.txt field. Graph x-coordinate 2016.5 is approximate; source date is 2016.06.
series-watts-point-087,2016.5,watts,typical_power_tdp,245,W,50yrs/watts.dat,88,newdata-xeon-phi-7290-2016-06,Xeon Phi 7290,Intel,2016,06,245,W,245,unit_converted_match,direct,repository_source,https://github.com/karlrupp/microprocessor-trend-data/blob/master/newdata.txt#L27,Mapped by source order to the corresponding populated newdata.txt field. Graph x-coordinate 2016.5 is approximate; source date is 2016.06.
series-cores-point-076,2016.67,cores,logical_threads_or_compute_units,96,count,50yrs/cores.dat,77,newdata-power8-2016-08,Power8,IBM,2016,08,96,logical threads (SMT counted separately),96,unit_converted_match,direct,repository_source,https://github.com/karlrupp/microprocessor-trend-data/blob/master/newdata.txt#L28,Mapped by source order to the corresponding populated newdata.txt field. Graph x-coordinate 2016.67 is approximate; source date is 2016.08.
series-frequency-point-087,2016.67,frequency,frequency,4000,MHz,50yrs/frequency.dat,88,newdata-power8-2016-08,Power8,IBM,2016,08,4,GHz,4000,unit_converted_match,direct,repository_source,https://github.com/karlrupp/microprocessor-trend-data/blob/master/newdata.txt#L28,Mapped by source order to the corresponding populated newdata.txt field. Graph x-coordinate 2016.67 is approximate; source date is 2016.08.
series-transistors-point-089,2016.67,transistors,transistors,8000000,thousand_transistors,50yrs/transistors.dat,90,newdata-power8-2016-08,Power8,IBM,2016,08,8,billion transistors,8000000,unit_converted_match,direct,repository_source,https://github.com/karlrupp/microprocessor-trend-data/blob/master/newdata.txt#L28,Mapped by source order to the corresponding populated newdata.txt field. Graph x-coordinate 2016.67 is approximate; source date is 2016.08.
series-cores-point-077,2017.5,cores,logical_threads_or_compute_units,64,count,50yrs/cores.dat,78,newdata-epyc-7601-2017-06,Epyc 7601,AMD,2017,06,64,logical threads (SMT counted separately),64,unit_converted_match,direct,repository_source,https://github.com/karlrupp/microprocessor-trend-data/blob/master/newdata.txt#L29,Mapped by source order to the corresponding populated newdata.txt field. Graph x-coordinate 2017.5 is approximate; source date is 2017.06.
series-frequency-point-088,2017.5,frequency,frequency,2200,MHz,50yrs/frequency.dat,89,newdata-epyc-7601-2017-06,Epyc 7601,AMD,2017,06,2.2,GHz,2200,unit_converted_match,direct,repository_source,https://github.com/karlrupp/microprocessor-trend-data/blob/master/newdata.txt#L29,Mapped by source order to the corresponding populated newdata.txt field. Graph x-coordinate 2017.5 is approximate; source date is 2017.06.
series-transistors-point-090,2017.5,transistors,transistors,19200000,thousand_transistors,50yrs/transistors.dat,91,newdata-epyc-7601-2017-06,Epyc 7601,AMD,2017,06,19.2,billion transistors,19200000,unit_converted_match,direct,repository_source,https://github.com/karlrupp/microprocessor-trend-data/blob/master/newdata.txt#L29,Mapped by source order to the corresponding populated newdata.txt field. Graph x-coordinate 2017.5 is approximate; source date is 2017.06.
series-watts-point-088,2017.5,watts,typical_power_tdp,180,W,50yrs/watts.dat,89,newdata-epyc-7601-2017-06,Epyc 7601,AMD,2017,06,180,W,180,unit_converted_match,direct,repository_source,https://github.com/karlrupp/microprocessor-trend-data/blob/master/newdata.txt#L29,Mapped by source order to the corresponding populated newdata.txt field. Graph x-coordinate 2017.5 is approximate; source date is 2017.06.
series-cores-point-078,2017.58,cores,logical_threads_or_compute_units,44,count,50yrs/cores.dat,79,newdata-xeon-gold-6152-2017-07,Xeon Gold 6152,Intel,2017,07,44,logical threads (SMT counted separately),44,unit_converted_match,direct,repository_source,https://github.com/karlrupp/microprocessor-trend-data/blob/master/newdata.txt#L30; https://www.spec.org/cpu2017/results/,Mapped by source order to the corresponding populated newdata.txt field. Graph x-coordinate 2017.58 is approximate; source date is 2017.07.
series-frequency-point-089,2017.58,frequency,frequency,2100,MHz,50yrs/frequency.dat,90,newdata-xeon-gold-6152-2017-07,Xeon Gold 6152,Intel,2017,07,2.1,GHz,2100,unit_converted_match,direct,repository_source,https://github.com/karlrupp/microprocessor-trend-data/blob/master/newdata.txt#L30; https://www.spec.org/cpu2017/results/,Mapped by source order to the corresponding populated newdata.txt field. Graph x-coordinate 2017.58 is approximate; source date is 2017.07.
series-watts-point-089,2017.58,watts,typical_power_tdp,140,W,50yrs/watts.dat,90,newdata-xeon-gold-6152-2017-07,Xeon Gold 6152,Intel,2017,07,140,W,140,unit_converted_match,direct,repository_source,https://github.com/karlrupp/microprocessor-trend-data/blob/master/newdata.txt#L30; https://www.spec.org/cpu2017/results/,Mapped by source order to the corresponding populated newdata.txt field. Graph x-coordinate 2017.58 is approximate; source date is 2017.07.
series-cores-point-079,2017.59,cores,logical_threads_or_compute_units,56,count,50yrs/cores.dat,80,newdata-xeon-pl-8180-2017-07,Xeon Pl. 8180,Intel,2017,07,56,logical threads (SMT counted separately),56,unit_converted_match,direct,repository_source,https://github.com/karlrupp/microprocessor-trend-data/blob/master/newdata.txt#L31; https://www.spec.org/cpu2017/results/,Mapped by source order to the corresponding populated newdata.txt field. Graph x-coordinate 2017.59 is approximate; source date is 2017.07.
series-frequency-point-090,2017.59,frequency,frequency,2500,MHz,50yrs/frequency.dat,91,newdata-xeon-pl-8180-2017-07,Xeon Pl. 8180,Intel,2017,07,2.5,GHz,2500,unit_converted_match,direct,repository_source,https://github.com/karlrupp/microprocessor-trend-data/blob/master/newdata.txt#L31; https://www.spec.org/cpu2017/results/,Mapped by source order to the corresponding populated newdata.txt field. Graph x-coordinate 2017.59 is approximate; source date is 2017.07.
series-watts-point-090,2017.59,watts,typical_power_tdp,205,W,50yrs/watts.dat,91,newdata-xeon-pl-8180-2017-07,Xeon Pl. 8180,Intel,2017,07,205,W,205,unit_converted_match,direct,repository_source,https://github.com/karlrupp/microprocessor-trend-data/blob/master/newdata.txt#L31; https://www.spec.org/cpu2017/results/,Mapped by source order to the corresponding populated newdata.txt field. Graph x-coordinate 2017.59 is approximate; source date is 2017.07.
series-cores-point-080,2018.4,cores,logical_threads_or_compute_units,88,count,50yrs/cores.dat,81,newdata-power9-ac922-2018-04,Power9 AC922,IBM,2018,04,88,logical threads (SMT counted separately),88,unit_converted_match,direct,repository_source,https://github.com/karlrupp/microprocessor-trend-data/blob/master/newdata.txt#L32,Mapped by source order to the corresponding populated newdata.txt field. Graph x-coordinate 2018.4 is approximate; source date is 2018.04.
series-frequency-point-091,2018.4,frequency,frequency,3400,MHz,50yrs/frequency.dat,92,newdata-power9-ac922-2018-04,Power9 AC922,IBM,2018,04,3.4,GHz,3400,unit_converted_match,direct,repository_source,https://github.com/karlrupp/microprocessor-trend-data/blob/master/newdata.txt#L32,Mapped by source order to the corresponding populated newdata.txt field. Graph x-coordinate 2018.4 is approximate; source date is 2018.04.
series-transistors-point-091,2018.4,transistors,transistors,8000000,thousand_transistors,50yrs/transistors.dat,92,newdata-power9-ac922-2018-04,Power9 AC922,IBM,2018,04,8,billion transistors,8000000,unit_converted_match,direct,repository_source,https://github.com/karlrupp/microprocessor-trend-data/blob/master/newdata.txt#L32,Mapped by source order to the corresponding populated newdata.txt field. Graph x-coordinate 2018.4 is approximate; source date is 2018.04.
series-watts-point-091,2018.4,watts,typical_power_tdp,190,W,50yrs/watts.dat,92,newdata-power9-ac922-2018-04,Power9 AC922,IBM,2018,04,190,W,190,unit_converted_match,direct,repository_source,https://github.com/karlrupp/microprocessor-trend-data/blob/master/newdata.txt#L32,Mapped by source order to the corresponding populated newdata.txt field. Graph x-coordinate 2018.4 is approximate; source date is 2018.04.
series-cores-point-081,2018.5,cores,logical_threads_or_compute_units,80,count,50yrs/cores.dat,82,newdata-quadro-gv100-2018-05,Quadro GV100,NVIDIA,2018,05,80,SMs,80,unit_converted_match,direct,repository_source,https://github.com/karlrupp/microprocessor-trend-data/blob/master/newdata.txt#L33,Mapped by source order to the corresponding populated newdata.txt field. Graph x-coordinate 2018.5 is approximate; source date is 2018.05.
series-frequency-point-092,2018.5,frequency,frequency,1200,MHz,50yrs/frequency.dat,93,newdata-quadro-gv100-2018-05,Quadro GV100,NVIDIA,2018,05,1.2,GHz,1200,unit_converted_match,direct,repository_source,https://github.com/karlrupp/microprocessor-trend-data/blob/master/newdata.txt#L33,Mapped by source order to the corresponding populated newdata.txt field. Graph x-coordinate 2018.5 is approximate; source date is 2018.05.
series-transistors-point-092,2018.5,transistors,transistors,21100000,thousand_transistors,50yrs/transistors.dat,93,newdata-quadro-gv100-2018-05,Quadro GV100,NVIDIA,2018,05,21.1,billion transistors,21100000,unit_converted_match,direct,repository_source,https://github.com/karlrupp/microprocessor-trend-data/blob/master/newdata.txt#L33,Mapped by source order to the corresponding populated newdata.txt field. Graph x-coordinate 2018.5 is approximate; source date is 2018.05.
series-watts-point-092,2018.5,watts,typical_power_tdp,250,W,50yrs/watts.dat,93,newdata-quadro-gv100-2018-05,Quadro GV100,NVIDIA,2018,05,250,W,250,unit_converted_match,direct,repository_source,https://github.com/karlrupp/microprocessor-trend-data/blob/master/newdata.txt#L33,Mapped by source order to the corresponding populated newdata.txt field. Graph x-coordinate 2018.5 is approximate; source date is 2018.05.
series-cores-point-082,2019.3,cores,logical_threads_or_compute_units,56,count,50yrs/cores.dat,83,newdata-xeon-pl-8280-2019-03,Xeon Pl. 8280,Intel,2019,03,56,logical threads (SMT counted separately),56,unit_converted_match,direct,repository_source,https://github.com/karlrupp/microprocessor-trend-data/blob/master/newdata.txt#L34; https://www.spec.org/cpu2017/results/,Mapped by source order to the corresponding populated newdata.txt field. Graph x-coordinate 2019.3 is approximate; source date is 2019.03.
series-frequency-point-093,2019.3,frequency,frequency,2700,MHz,50yrs/frequency.dat,94,newdata-xeon-pl-8280-2019-03,Xeon Pl. 8280,Intel,2019,03,2.7,GHz,2700,unit_converted_match,direct,repository_source,https://github.com/karlrupp/microprocessor-trend-data/blob/master/newdata.txt#L34; https://www.spec.org/cpu2017/results/,Mapped by source order to the corresponding populated newdata.txt field. Graph x-coordinate 2019.3 is approximate; source date is 2019.03.
series-transistors-point-093,2019.3,transistors,transistors,8000000,thousand_transistors,50yrs/transistors.dat,94,newdata-xeon-pl-8280-2019-03,Xeon Pl. 8280,Intel,2019,03,8,billion transistors,8000000,unit_converted_match,direct,repository_source,https://github.com/karlrupp/microprocessor-trend-data/blob/master/newdata.txt#L34; https://www.spec.org/cpu2017/results/,Mapped by source order to the corresponding populated newdata.txt field. Graph x-coordinate 2019.3 is approximate; source date is 2019.03.
series-watts-point-093,2019.3,watts,typical_power_tdp,205,W,50yrs/watts.dat,94,newdata-xeon-pl-8280-2019-03,Xeon Pl. 8280,Intel,2019,03,205,W,205,unit_converted_match,direct,repository_source,https://github.com/karlrupp/microprocessor-trend-data/blob/master/newdata.txt#L34; https://www.spec.org/cpu2017/results/,Mapped by source order to the corresponding populated newdata.txt field. Graph x-coordinate 2019.3 is approximate; source date is 2019.03.
series-cores-point-083,2019.8,cores,logical_threads_or_compute_units,128,count,50yrs/cores.dat,84,newdata-epyc-7742-2019-08,Epyc 7742,AMD,2019,08,128,logical threads (SMT counted separately),128,unit_converted_match,direct,repository_source,https://github.com/karlrupp/microprocessor-trend-data/blob/master/newdata.txt#L35; https://www.spec.org/cpu2017/results/,Mapped by source order to the corresponding populated newdata.txt field. Graph x-coordinate 2019.8 is approximate; source date is 2019.08.
series-frequency-point-094,2019.8,frequency,frequency,2250,MHz,50yrs/frequency.dat,95,newdata-epyc-7742-2019-08,Epyc 7742,AMD,2019,08,2.25,GHz,2250,unit_converted_match,direct,repository_source,https://github.com/karlrupp/microprocessor-trend-data/blob/master/newdata.txt#L35; https://www.spec.org/cpu2017/results/,Mapped by source order to the corresponding populated newdata.txt field. Graph x-coordinate 2019.8 is approximate; source date is 2019.08.
series-transistors-point-094,2019.8,transistors,transistors,39500000,thousand_transistors,50yrs/transistors.dat,95,newdata-epyc-7742-2019-08,Epyc 7742,AMD,2019,08,39.5,billion transistors,39500000,unit_converted_match,direct,repository_source,https://github.com/karlrupp/microprocessor-trend-data/blob/master/newdata.txt#L35; https://www.spec.org/cpu2017/results/,Mapped by source order to the corresponding populated newdata.txt field. Graph x-coordinate 2019.8 is approximate; source date is 2019.08.
series-watts-point-094,2019.8,watts,typical_power_tdp,225,W,50yrs/watts.dat,95,newdata-epyc-7742-2019-08,Epyc 7742,AMD,2019,08,225,W,225,unit_converted_match,direct,repository_source,https://github.com/karlrupp/microprocessor-trend-data/blob/master/newdata.txt#L35; https://www.spec.org/cpu2017/results/,Mapped by source order to the corresponding populated newdata.txt field. Graph x-coordinate 2019.8 is approximate; source date is 2019.08.
series-cores-point-084,2020.1,cores,logical_threads_or_compute_units,128,count,50yrs/cores.dat,85,newdata-ryzen-3990x-2020-01,Ryzen 3990X,AMD,2020,01,128,logical threads (SMT counted separately),128,unit_converted_match,direct,repository_source,https://github.com/karlrupp/microprocessor-trend-data/blob/master/newdata.txt#L36; https://www.spec.org/cpu2017/results/,Mapped by source order to the corresponding populated newdata.txt field. Graph x-coordinate 2020.1 is approximate; source date is 2020.01.
series-frequency-point-095,2020.1,frequency,frequency,2900,MHz,50yrs/frequency.dat,96,newdata-ryzen-3990x-2020-01,Ryzen 3990X,AMD,2020,01,2.9,GHz,2900,unit_converted_match,direct,repository_source,https://github.com/karlrupp/microprocessor-trend-data/blob/master/newdata.txt#L36; https://www.spec.org/cpu2017/results/,Mapped by source order to the corresponding populated newdata.txt field. Graph x-coordinate 2020.1 is approximate; source date is 2020.01.
series-specint-point-072,2020.1,specint,single_thread_performance,99000,SPECint_rate_x1000,50yrs/specint.dat,74,newdata-ryzen-3990x-2020-01,Ryzen 3990X,AMD,2020,01,99,SPECint rate,99000,unit_converted_match,direct,repository_source,https://github.com/karlrupp/microprocessor-trend-data/blob/master/newdata.txt#L36; https://www.spec.org/cpu2017/results/,Mapped by source order to the corresponding populated newdata.txt field. Graph x-coordinate 2020.1 is approximate; source date is 2020.01.
series-transistors-point-095,2020.1,transistors,transistors,30400000,thousand_transistors,50yrs/transistors.dat,96,newdata-ryzen-3990x-2020-01,Ryzen 3990X,AMD,2020,01,30.4,billion transistors,30400000,unit_converted_match,direct,repository_source,https://github.com/karlrupp/microprocessor-trend-data/blob/master/newdata.txt#L36; https://www.spec.org/cpu2017/results/,Mapped by source order to the corresponding populated newdata.txt field. Graph x-coordinate 2020.1 is approximate; source date is 2020.01.
series-watts-point-095,2020.1,watts,typical_power_tdp,280,W,50yrs/watts.dat,96,newdata-ryzen-3990x-2020-01,Ryzen 3990X,AMD,2020,01,280,W,280,unit_converted_match,direct,repository_source,https://github.com/karlrupp/microprocessor-trend-data/blob/master/newdata.txt#L36; https://www.spec.org/cpu2017/results/,Mapped by source order to the corresponding populated newdata.txt field. Graph x-coordinate 2020.1 is approximate; source date is 2020.01.
series-cores-point-085,2020.2,cores,logical_threads_or_compute_units,56,count,50yrs/cores.dat,86,newdata-xeon-gold-6258-2020-02,Xeon Gold 6258,Intel,2020,02,56,logical threads (SMT counted separately),56,unit_converted_match,direct,repository_source,https://github.com/karlrupp/microprocessor-trend-data/blob/master/newdata.txt#L37; https://www.spec.org/cpu2017/results/,Mapped by source order to the corresponding populated newdata.txt field. Graph x-coordinate 2020.2 is approximate; source date is 2020.02.
series-frequency-point-096,2020.2,frequency,frequency,2700,MHz,50yrs/frequency.dat,97,newdata-xeon-gold-6258-2020-02,Xeon Gold 6258,Intel,2020,02,2.7,GHz,2700,unit_converted_match,direct,repository_source,https://github.com/karlrupp/microprocessor-trend-data/blob/master/newdata.txt#L37; https://www.spec.org/cpu2017/results/,Mapped by source order to the corresponding populated newdata.txt field. Graph x-coordinate 2020.2 is approximate; source date is 2020.02.
series-specint-point-073,2020.2,specint,single_thread_performance,97200,SPECint_rate_x1000,50yrs/specint.dat,75,newdata-xeon-gold-6258-2020-02,Xeon Gold 6258,Intel,2020,02,97.2,SPECint rate,97200,unit_converted_match,direct,repository_source,https://github.com/karlrupp/microprocessor-trend-data/blob/master/newdata.txt#L37; https://www.spec.org/cpu2017/results/,Mapped by source order to the corresponding populated newdata.txt field. Graph x-coordinate 2020.2 is approximate; source date is 2020.02.
series-watts-point-096,2020.2,watts,typical_power_tdp,205,W,50yrs/watts.dat,97,newdata-xeon-gold-6258-2020-02,Xeon Gold 6258,Intel,2020,02,205,W,205,unit_converted_match,direct,repository_source,https://github.com/karlrupp/microprocessor-trend-data/blob/master/newdata.txt#L37; https://www.spec.org/cpu2017/results/,Mapped by source order to the corresponding populated newdata.txt field. Graph x-coordinate 2020.2 is approximate; source date is 2020.02.
series-cores-point-086,2020.9,cores,logical_threads_or_compute_units,8,count,50yrs/cores.dat,87,newdata-m1-2020-09,M1,Apple,2020,09,8,logical threads (SMT counted separately),8,unit_converted_match,direct,repository_source,https://github.com/karlrupp/microprocessor-trend-data/blob/master/newdata.txt#L38,Mapped by source order to the corresponding populated newdata.txt field. Graph x-coordinate 2020.9 is approximate; source date is 2020.09.
series-frequency-point-097,2020.9,frequency,frequency,3200,MHz,50yrs/frequency.dat,98,newdata-m1-2020-09,M1,Apple,2020,09,3.2,GHz,3200,unit_converted_match,direct,repository_source,https://github.com/karlrupp/microprocessor-trend-data/blob/master/newdata.txt#L38,Mapped by source order to the corresponding populated newdata.txt field. Graph x-coordinate 2020.9 is approximate; source date is 2020.09.
series-transistors-point-096,2020.9,transistors,transistors,16000000,thousand_transistors,50yrs/transistors.dat,97,newdata-m1-2020-09,M1,Apple,2020,09,16,billion transistors,16000000,unit_converted_match,direct,repository_source,https://github.com/karlrupp/microprocessor-trend-data/blob/master/newdata.txt#L38,Mapped by source order to the corresponding populated newdata.txt field. Graph x-coordinate 2020.9 is approximate; source date is 2020.09.
series-watts-point-097,2020.9,watts,typical_power_tdp,28,W,50yrs/watts.dat,98,newdata-m1-2020-09,M1,Apple,2020,09,28,W,28,unit_converted_match,direct,repository_source,https://github.com/karlrupp/microprocessor-trend-data/blob/master/newdata.txt#L38,Mapped by source order to the corresponding populated newdata.txt field. Graph x-coordinate 2020.9 is approximate; source date is 2020.09.
series-cores-point-087,2021.3,cores,logical_threads_or_compute_units,80,count,50yrs/cores.dat,88,newdata-xeon-pl-8380-2021-03,Xeon Pl. 8380,Intel,2021,03,80,logical threads (SMT counted separately),80,unit_converted_match,direct,repository_source,https://github.com/karlrupp/microprocessor-trend-data/blob/master/newdata.txt#L39; https://www.spec.org/cpu2017/results/,Mapped by source order to the corresponding populated newdata.txt field. Graph x-coordinate 2021.3 is approximate; source date is 2021.03.
series-frequency-point-098,2021.3,frequency,frequency,2300,MHz,50yrs/frequency.dat,99,newdata-xeon-pl-8380-2021-03,Xeon Pl. 8380,Intel,2021,03,2.3,GHz,2300,unit_converted_match,direct,repository_source,https://github.com/karlrupp/microprocessor-trend-data/blob/master/newdata.txt#L39; https://www.spec.org/cpu2017/results/,Mapped by source order to the corresponding populated newdata.txt field. Graph x-coordinate 2021.3 is approximate; source date is 2021.03.
series-specint-point-074,2021.3,specint,single_thread_performance,105300,SPECint_rate_x1000,50yrs/specint.dat,76,newdata-xeon-pl-8380-2021-03,Xeon Pl. 8380,Intel,2021,03,105.3,SPECint rate,105300,unit_converted_match,direct,repository_source,https://github.com/karlrupp/microprocessor-trend-data/blob/master/newdata.txt#L39; https://www.spec.org/cpu2017/results/,Mapped by source order to the corresponding populated newdata.txt field. Graph x-coordinate 2021.3 is approximate; source date is 2021.03.
series-watts-point-098,2021.3,watts,typical_power_tdp,290,W,50yrs/watts.dat,99,newdata-xeon-pl-8380-2021-03,Xeon Pl. 8380,Intel,2021,03,290,W,290,unit_converted_match,direct,repository_source,https://github.com/karlrupp/microprocessor-trend-data/blob/master/newdata.txt#L39; https://www.spec.org/cpu2017/results/,Mapped by source order to the corresponding populated newdata.txt field. Graph x-coordinate 2021.3 is approximate; source date is 2021.03.
series-cores-point-088,2021.8,cores,logical_threads_or_compute_units,10,count,50yrs/cores.dat,89,newdata-m1-max-2021-08,M1 Max,Apple,2021,08,10,logical threads (SMT counted separately),10,unit_converted_match,direct,repository_source,https://github.com/karlrupp/microprocessor-trend-data/blob/master/newdata.txt#L40,Mapped by source order to the corresponding populated newdata.txt field. Graph x-coordinate 2021.8 is approximate; source date is 2021.08.
series-frequency-point-099,2021.8,frequency,frequency,3200,MHz,50yrs/frequency.dat,100,newdata-m1-max-2021-08,M1 Max,Apple,2021,08,3.2,GHz,3200,unit_converted_match,direct,repository_source,https://github.com/karlrupp/microprocessor-trend-data/blob/master/newdata.txt#L40,Mapped by source order to the corresponding populated newdata.txt field. Graph x-coordinate 2021.8 is approximate; source date is 2021.08.
series-transistors-point-097,2021.8,transistors,transistors,57000000,thousand_transistors,50yrs/transistors.dat,98,newdata-m1-max-2021-08,M1 Max,Apple,2021,08,57,billion transistors,57000000,unit_converted_match,direct,repository_source,https://github.com/karlrupp/microprocessor-trend-data/blob/master/newdata.txt#L40,Mapped by source order to the corresponding populated newdata.txt field. Graph x-coordinate 2021.8 is approximate; source date is 2021.08.
series-watts-point-099,2021.8,watts,typical_power_tdp,30,W,50yrs/watts.dat,100,newdata-m1-max-2021-08,M1 Max,Apple,2021,08,30,W,30,unit_converted_match,direct,repository_source,https://github.com/karlrupp/microprocessor-trend-data/blob/master/newdata.txt#L40,Mapped by source order to the corresponding populated newdata.txt field. Graph x-coordinate 2021.8 is approximate; source date is 2021.08.
series-cores-point-089,2021.9,cores,logical_threads_or_compute_units,208,count,50yrs/cores.dat,90,newdata-radeon-mi250-2021-09,Radeon MI250,AMD,2021,09,208,compute units,208,unit_converted_match,direct,repository_source,https://github.com/karlrupp/microprocessor-trend-data/blob/master/newdata.txt#L41,Mapped by source order to the corresponding populated newdata.txt field. Graph x-coordinate 2021.9 is approximate; source date is 2021.09.
series-cores-point-090,2021.9,cores,logical_threads_or_compute_units,64,count,50yrs/cores.dat,91,newdata-graviton-3-2021-09,Graviton 3,Amazon,2021,09,64,logical threads (SMT counted separately),64,unit_converted_match,direct,repository_source,https://github.com/karlrupp/microprocessor-trend-data/blob/master/newdata.txt#L42,Mapped by source order to the corresponding populated newdata.txt field. Graph x-coordinate 2021.9 is approximate; source date is 2021.09.
series-frequency-point-100,2021.9,frequency,frequency,1000,MHz,50yrs/frequency.dat,101,newdata-radeon-mi250-2021-09,Radeon MI250,AMD,2021,09,1,GHz,1000,unit_converted_match,direct,repository_source,https://github.com/karlrupp/microprocessor-trend-data/blob/master/newdata.txt#L41,Mapped by source order to the corresponding populated newdata.txt field. Graph x-coordinate 2021.9 is approximate; source date is 2021.09.
series-frequency-point-101,2021.9,frequency,frequency,2600,MHz,50yrs/frequency.dat,102,newdata-graviton-3-2021-09,Graviton 3,Amazon,2021,09,2.6,GHz,2600,unit_converted_match,direct,repository_source,https://github.com/karlrupp/microprocessor-trend-data/blob/master/newdata.txt#L42,Mapped by source order to the corresponding populated newdata.txt field. Graph x-coordinate 2021.9 is approximate; source date is 2021.09.
series-transistors-point-098,2021.9,transistors,transistors,58200000,thousand_transistors,50yrs/transistors.dat,99,newdata-radeon-mi250-2021-09,Radeon MI250,AMD,2021,09,58.2,billion transistors,58200000,unit_converted_match,direct,repository_source,https://github.com/karlrupp/microprocessor-trend-data/blob/master/newdata.txt#L41,Mapped by source order to the corresponding populated newdata.txt field. Graph x-coordinate 2021.9 is approximate; source date is 2021.09.
series-transistors-point-099,2021.9,transistors,transistors,55000000,thousand_transistors,50yrs/transistors.dat,100,newdata-graviton-3-2021-09,Graviton 3,Amazon,2021,09,55,billion transistors,55000000,unit_converted_match,direct,repository_source,https://github.com/karlrupp/microprocessor-trend-data/blob/master/newdata.txt#L42,Mapped by source order to the corresponding populated newdata.txt field. Graph x-coordinate 2021.9 is approximate; source date is 2021.09.
series-watts-point-100,2021.9,watts,typical_power_tdp,500,W,50yrs/watts.dat,101,newdata-radeon-mi250-2021-09,Radeon MI250,AMD,2021,09,500,W,500,unit_converted_match,direct,repository_source,https://github.com/karlrupp/microprocessor-trend-data/blob/master/newdata.txt#L41,Mapped by source order to the corresponding populated newdata.txt field. Graph x-coordinate 2021.9 is approximate; source date is 2021.09.
series-watts-point-101,2021.9,watts,typical_power_tdp,100,W,50yrs/watts.dat,102,newdata-graviton-3-2021-09,Graviton 3,Amazon,2021,09,100,W,100,unit_converted_match,direct,repository_source,https://github.com/karlrupp/microprocessor-trend-data/blob/master/newdata.txt#L42,Mapped by source order to the corresponding populated newdata.txt field. Graph x-coordinate 2021.9 is approximate; source date is 2021.09.
