observation_id,device_id,device_name,vendor,market,device_class,component_type,release_date,release_year,metric,value,unit,scope,value_kind,confidence,source_tier,raw_benchmark_suite,raw_benchmark_value,normalization,precision,clock_basis,calculation_operands,calculation_expression,validation_status,reference_urls,notes
obs-transistors-million-cornell-intel-4004-1971-11-01,cornell-intel-4004-1971-11-01,4004,Intel,historical processor dataset,cpu,cpu,1971-11-01,1971.833333,transistors_million,0.0023,million transistors,device or multi-die package transistor count,direct,high,primary,,,,,,{},,eligible,https://github.com/cornell-brg/processor-trends/blob/main/data/processor-trends.csv#L3; https://github.com/cornell-brg/processor-trends,Matched against the cleaned Cornell processor-trends source derived from and independently checked against the Stanford/Horowitz data. The original-author lineage flags pre-1990 values as performance proxies rather than true SPECint results.
obs-frequency-ghz-cornell-intel-4004-1971-11-01,cornell-intel-4004-1971-11-01,4004,Intel,historical processor dataset,cpu,cpu,1971-11-01,1971.833333,frequency_ghz,0.0007,GHz,nominal/base clock unless source states otherwise,direct,high,primary,,,,,,{},,eligible,https://github.com/cornell-brg/processor-trends/blob/main/data/processor-trends.csv#L3; https://github.com/cornell-brg/processor-trends,Matched against the cleaned Cornell processor-trends source derived from and independently checked against the Stanford/Horowitz data. The original-author lineage flags pre-1990 values as performance proxies rather than true SPECint results.
obs-power-w-cornell-intel-4004-1971-11-01,cornell-intel-4004-1971-11-01,4004,Intel,historical processor dataset,cpu,cpu,1971-11-01,1971.833333,power_w,0.45,W,CPU TDP,direct,high,primary,,,,,,{},,eligible,https://github.com/cornell-brg/processor-trends/blob/main/data/processor-trends.csv#L3; https://github.com/cornell-brg/processor-trends,Matched against the cleaned Cornell processor-trends source derived from and independently checked against the Stanford/Horowitz data. The original-author lineage flags pre-1990 values as performance proxies rather than true SPECint results.
obs-cpu-physical-cores-cornell-intel-4004-1971-11-01,cornell-intel-4004-1971-11-01,4004,Intel,historical processor dataset,cpu,cpu,1971-11-01,1971.833333,cpu_physical_cores,1,physical cores,physical CPU cores,direct,high,primary,,,,,,{},,eligible,https://github.com/cornell-brg/processor-trends/blob/main/data/processor-trends.csv#L3; https://github.com/cornell-brg/processor-trends,Matched against the cleaned Cornell processor-trends source derived from and independently checked against the Stanford/Horowitz data. The original-author lineage flags pre-1990 values as performance proxies rather than true SPECint results.
obs-gpu-compute-units-cornell-intel-4004-1971-11-01,cornell-intel-4004-1971-11-01,4004,Intel,historical processor dataset,cpu,cpu,1971-11-01,1971.833333,gpu_compute_units,,SMs / CUs / GPU cores,"vendor-native GPU unit count; SM, CU, or Apple GPU core",unresolved,unresolved,original_author_dataset,,,,,,,,not_applicable_cpu,,No supported value found; retained as an explicit blank.
obs-cpu-single-thread-normalized-cornell-intel-4004-1971-11-01,cornell-intel-4004-1971-11-01,4004,Intel,historical processor dataset,cpu,cpu,1971-11-01,1971.833333,cpu_single_thread_normalized,1.2e-05,normalized single-core index (legacy SPEC scale),one-copy benchmark normalized by the documented suite-specific continuity rule,normalized,medium,primary,,,Stanford/Cornell normalized SPECint2006-equivalent performance,,,{},,supporting_proxy_not_plotted,https://github.com/cornell-brg/processor-trends/blob/main/data/processor-trends.csv#L3; https://github.com/cornell-brg/processor-trends,Matched against the cleaned Cornell processor-trends source derived from and independently checked against the Stanford/Horowitz data. The original-author lineage flags pre-1990 values as performance proxies rather than true SPECint results.
obs-cpu-multicore-rate2000-int-base-cornell-intel-4004-1971-11-01,cornell-intel-4004-1971-11-01,4004,Intel,historical processor dataset,cpu,cpu,1971-11-01,1971.833333,cpu_multicore_rate2000_int_base,,SPECint_rate_base2000 (one chip),measured integer throughput of one CPU package in a published system,unresolved,unresolved,original_author_dataset,,,,,,,,unresolved,,No supported value found; retained as an explicit blank.
obs-cpu-multicore-rate2006-int-base-cornell-intel-4004-1971-11-01,cornell-intel-4004-1971-11-01,4004,Intel,historical processor dataset,cpu,cpu,1971-11-01,1971.833333,cpu_multicore_rate2006_int_base,,SPECint_rate_base2006 (one chip),measured integer throughput of one CPU package in a published system,unresolved,unresolved,original_author_dataset,,,,,,,,unresolved,,No supported value found; retained as an explicit blank.
obs-cpu-multicore-rate2017-int-base-cornell-intel-4004-1971-11-01,cornell-intel-4004-1971-11-01,4004,Intel,historical processor dataset,cpu,cpu,1971-11-01,1971.833333,cpu_multicore_rate2017_int_base,,SPECrate2017_int_base (one chip),measured integer throughput of one CPU package in a published system,unresolved,unresolved,original_author_dataset,,,,,,,,unresolved,,No supported value found; retained as an explicit blank.
obs-cpu-multicore-index-cornell-intel-4004-1971-11-01,cornell-intel-4004-1971-11-01,4004,Intel,historical processor dataset,cpu,cpu,1971-11-01,1971.833333,cpu_multicore_index,,estimated one-chip throughput index (2003=100),estimated integer-throughput index derived from a measured one-CPU-package SPEC rate,unresolved,unresolved,original_author_dataset,,,,,,,,unresolved,,No supported value found; retained as an explicit blank.
obs-fp32-dense-peak-gflops-cornell-intel-4004-1971-11-01,cornell-intel-4004-1971-11-01,4004,Intel,historical processor dataset,cpu,cpu,1971-11-01,1971.833333,fp32_dense_peak_gflops,,GFLOP/s,dense non-tensor non-sparse FP32 vector peak,unresolved,unresolved,original_author_dataset,,,,,,,,unresolved,,No supported value found; retained as an explicit blank.
obs-transistors-million-cornell-intel-8008-1972-04-01,cornell-intel-8008-1972-04-01,8008,Intel,historical processor dataset,cpu,cpu,1972-04-01,1972.250000,transistors_million,0.0035,million transistors,device or multi-die package transistor count,direct,high,primary,,,,,,{},,eligible,https://github.com/cornell-brg/processor-trends/blob/main/data/processor-trends.csv#L4; https://github.com/cornell-brg/processor-trends,Matched against the cleaned Cornell processor-trends source derived from and independently checked against the Stanford/Horowitz data. The original-author lineage flags pre-1990 values as performance proxies rather than true SPECint results.
obs-frequency-ghz-cornell-intel-8008-1972-04-01,cornell-intel-8008-1972-04-01,8008,Intel,historical processor dataset,cpu,cpu,1972-04-01,1972.250000,frequency_ghz,0.0005,GHz,nominal/base clock unless source states otherwise,direct,high,primary,,,,,,{},,eligible,https://github.com/cornell-brg/processor-trends/blob/main/data/processor-trends.csv#L4; https://github.com/cornell-brg/processor-trends,Matched against the cleaned Cornell processor-trends source derived from and independently checked against the Stanford/Horowitz data. The original-author lineage flags pre-1990 values as performance proxies rather than true SPECint results.
obs-power-w-cornell-intel-8008-1972-04-01,cornell-intel-8008-1972-04-01,8008,Intel,historical processor dataset,cpu,cpu,1972-04-01,1972.250000,power_w,0.42,W,CPU TDP,direct,high,primary,,,,,,{},,eligible,https://github.com/cornell-brg/processor-trends/blob/main/data/processor-trends.csv#L4; https://github.com/cornell-brg/processor-trends,Matched against the cleaned Cornell processor-trends source derived from and independently checked against the Stanford/Horowitz data. The original-author lineage flags pre-1990 values as performance proxies rather than true SPECint results.
obs-cpu-physical-cores-cornell-intel-8008-1972-04-01,cornell-intel-8008-1972-04-01,8008,Intel,historical processor dataset,cpu,cpu,1972-04-01,1972.250000,cpu_physical_cores,1,physical cores,physical CPU cores,direct,high,primary,,,,,,{},,eligible,https://github.com/cornell-brg/processor-trends/blob/main/data/processor-trends.csv#L4; https://github.com/cornell-brg/processor-trends,Matched against the cleaned Cornell processor-trends source derived from and independently checked against the Stanford/Horowitz data. The original-author lineage flags pre-1990 values as performance proxies rather than true SPECint results.
obs-gpu-compute-units-cornell-intel-8008-1972-04-01,cornell-intel-8008-1972-04-01,8008,Intel,historical processor dataset,cpu,cpu,1972-04-01,1972.250000,gpu_compute_units,,SMs / CUs / GPU cores,"vendor-native GPU unit count; SM, CU, or Apple GPU core",unresolved,unresolved,original_author_dataset,,,,,,,,not_applicable_cpu,,No supported value found; retained as an explicit blank.
obs-cpu-single-thread-normalized-cornell-intel-8008-1972-04-01,cornell-intel-8008-1972-04-01,8008,Intel,historical processor dataset,cpu,cpu,1972-04-01,1972.250000,cpu_single_thread_normalized,1.2e-05,normalized single-core index (legacy SPEC scale),one-copy benchmark normalized by the documented suite-specific continuity rule,normalized,medium,primary,,,Stanford/Cornell normalized SPECint2006-equivalent performance,,,{},,supporting_proxy_not_plotted,https://github.com/cornell-brg/processor-trends/blob/main/data/processor-trends.csv#L4; https://github.com/cornell-brg/processor-trends,Matched against the cleaned Cornell processor-trends source derived from and independently checked against the Stanford/Horowitz data. The original-author lineage flags pre-1990 values as performance proxies rather than true SPECint results.
obs-cpu-multicore-rate2000-int-base-cornell-intel-8008-1972-04-01,cornell-intel-8008-1972-04-01,8008,Intel,historical processor dataset,cpu,cpu,1972-04-01,1972.250000,cpu_multicore_rate2000_int_base,,SPECint_rate_base2000 (one chip),measured integer throughput of one CPU package in a published system,unresolved,unresolved,original_author_dataset,,,,,,,,unresolved,,No supported value found; retained as an explicit blank.
obs-cpu-multicore-rate2006-int-base-cornell-intel-8008-1972-04-01,cornell-intel-8008-1972-04-01,8008,Intel,historical processor dataset,cpu,cpu,1972-04-01,1972.250000,cpu_multicore_rate2006_int_base,,SPECint_rate_base2006 (one chip),measured integer throughput of one CPU package in a published system,unresolved,unresolved,original_author_dataset,,,,,,,,unresolved,,No supported value found; retained as an explicit blank.
obs-cpu-multicore-rate2017-int-base-cornell-intel-8008-1972-04-01,cornell-intel-8008-1972-04-01,8008,Intel,historical processor dataset,cpu,cpu,1972-04-01,1972.250000,cpu_multicore_rate2017_int_base,,SPECrate2017_int_base (one chip),measured integer throughput of one CPU package in a published system,unresolved,unresolved,original_author_dataset,,,,,,,,unresolved,,No supported value found; retained as an explicit blank.
obs-cpu-multicore-index-cornell-intel-8008-1972-04-01,cornell-intel-8008-1972-04-01,8008,Intel,historical processor dataset,cpu,cpu,1972-04-01,1972.250000,cpu_multicore_index,,estimated one-chip throughput index (2003=100),estimated integer-throughput index derived from a measured one-CPU-package SPEC rate,unresolved,unresolved,original_author_dataset,,,,,,,,unresolved,,No supported value found; retained as an explicit blank.
obs-fp32-dense-peak-gflops-cornell-intel-8008-1972-04-01,cornell-intel-8008-1972-04-01,8008,Intel,historical processor dataset,cpu,cpu,1972-04-01,1972.250000,fp32_dense_peak_gflops,,GFLOP/s,dense non-tensor non-sparse FP32 vector peak,unresolved,unresolved,original_author_dataset,,,,,,,,unresolved,,No supported value found; retained as an explicit blank.
obs-transistors-million-cornell-intel-8080-1974-04-01,cornell-intel-8080-1974-04-01,8080,Intel,historical processor dataset,cpu,cpu,1974-04-01,1974.250000,transistors_million,0.006,million transistors,device or multi-die package transistor count,direct,high,primary,,,,,,{},,eligible,https://github.com/cornell-brg/processor-trends/blob/main/data/processor-trends.csv#L5; https://github.com/cornell-brg/processor-trends,Matched against the cleaned Cornell processor-trends source derived from and independently checked against the Stanford/Horowitz data. The original-author lineage flags pre-1990 values as performance proxies rather than true SPECint results.
obs-frequency-ghz-cornell-intel-8080-1974-04-01,cornell-intel-8080-1974-04-01,8080,Intel,historical processor dataset,cpu,cpu,1974-04-01,1974.250000,frequency_ghz,0.002,GHz,nominal/base clock unless source states otherwise,direct,high,primary,,,,,,{},,eligible,https://github.com/cornell-brg/processor-trends/blob/main/data/processor-trends.csv#L5; https://github.com/cornell-brg/processor-trends,Matched against the cleaned Cornell processor-trends source derived from and independently checked against the Stanford/Horowitz data. The original-author lineage flags pre-1990 values as performance proxies rather than true SPECint results.
obs-power-w-cornell-intel-8080-1974-04-01,cornell-intel-8080-1974-04-01,8080,Intel,historical processor dataset,cpu,cpu,1974-04-01,1974.250000,power_w,0.92,W,CPU TDP,direct,high,primary,,,,,,{},,eligible,https://github.com/cornell-brg/processor-trends/blob/main/data/processor-trends.csv#L5; https://github.com/cornell-brg/processor-trends,Matched against the cleaned Cornell processor-trends source derived from and independently checked against the Stanford/Horowitz data. The original-author lineage flags pre-1990 values as performance proxies rather than true SPECint results.
obs-cpu-physical-cores-cornell-intel-8080-1974-04-01,cornell-intel-8080-1974-04-01,8080,Intel,historical processor dataset,cpu,cpu,1974-04-01,1974.250000,cpu_physical_cores,1,physical cores,physical CPU cores,direct,high,primary,,,,,,{},,eligible,https://github.com/cornell-brg/processor-trends/blob/main/data/processor-trends.csv#L5; https://github.com/cornell-brg/processor-trends,Matched against the cleaned Cornell processor-trends source derived from and independently checked against the Stanford/Horowitz data. The original-author lineage flags pre-1990 values as performance proxies rather than true SPECint results.
obs-gpu-compute-units-cornell-intel-8080-1974-04-01,cornell-intel-8080-1974-04-01,8080,Intel,historical processor dataset,cpu,cpu,1974-04-01,1974.250000,gpu_compute_units,,SMs / CUs / GPU cores,"vendor-native GPU unit count; SM, CU, or Apple GPU core",unresolved,unresolved,original_author_dataset,,,,,,,,not_applicable_cpu,,No supported value found; retained as an explicit blank.
obs-cpu-single-thread-normalized-cornell-intel-8080-1974-04-01,cornell-intel-8080-1974-04-01,8080,Intel,historical processor dataset,cpu,cpu,1974-04-01,1974.250000,cpu_single_thread_normalized,0.000149,normalized single-core index (legacy SPEC scale),one-copy benchmark normalized by the documented suite-specific continuity rule,normalized,medium,primary,,,Stanford/Cornell normalized SPECint2006-equivalent performance,,,{},,supporting_proxy_not_plotted,https://github.com/cornell-brg/processor-trends/blob/main/data/processor-trends.csv#L5; https://github.com/cornell-brg/processor-trends,Matched against the cleaned Cornell processor-trends source derived from and independently checked against the Stanford/Horowitz data. The original-author lineage flags pre-1990 values as performance proxies rather than true SPECint results.
obs-cpu-multicore-rate2000-int-base-cornell-intel-8080-1974-04-01,cornell-intel-8080-1974-04-01,8080,Intel,historical processor dataset,cpu,cpu,1974-04-01,1974.250000,cpu_multicore_rate2000_int_base,,SPECint_rate_base2000 (one chip),measured integer throughput of one CPU package in a published system,unresolved,unresolved,original_author_dataset,,,,,,,,unresolved,,No supported value found; retained as an explicit blank.
obs-cpu-multicore-rate2006-int-base-cornell-intel-8080-1974-04-01,cornell-intel-8080-1974-04-01,8080,Intel,historical processor dataset,cpu,cpu,1974-04-01,1974.250000,cpu_multicore_rate2006_int_base,,SPECint_rate_base2006 (one chip),measured integer throughput of one CPU package in a published system,unresolved,unresolved,original_author_dataset,,,,,,,,unresolved,,No supported value found; retained as an explicit blank.
obs-cpu-multicore-rate2017-int-base-cornell-intel-8080-1974-04-01,cornell-intel-8080-1974-04-01,8080,Intel,historical processor dataset,cpu,cpu,1974-04-01,1974.250000,cpu_multicore_rate2017_int_base,,SPECrate2017_int_base (one chip),measured integer throughput of one CPU package in a published system,unresolved,unresolved,original_author_dataset,,,,,,,,unresolved,,No supported value found; retained as an explicit blank.
obs-cpu-multicore-index-cornell-intel-8080-1974-04-01,cornell-intel-8080-1974-04-01,8080,Intel,historical processor dataset,cpu,cpu,1974-04-01,1974.250000,cpu_multicore_index,,estimated one-chip throughput index (2003=100),estimated integer-throughput index derived from a measured one-CPU-package SPEC rate,unresolved,unresolved,original_author_dataset,,,,,,,,unresolved,,No supported value found; retained as an explicit blank.
obs-fp32-dense-peak-gflops-cornell-intel-8080-1974-04-01,cornell-intel-8080-1974-04-01,8080,Intel,historical processor dataset,cpu,cpu,1974-04-01,1974.250000,fp32_dense_peak_gflops,,GFLOP/s,dense non-tensor non-sparse FP32 vector peak,unresolved,unresolved,original_author_dataset,,,,,,,,unresolved,,No supported value found; retained as an explicit blank.
obs-transistors-million-cornell-intel-8088-1979-06-01,cornell-intel-8088-1979-06-01,8088,Intel,historical processor dataset,cpu,cpu,1979-06-01,1979.416667,transistors_million,0.029,million transistors,device or multi-die package transistor count,direct,high,primary,,,,,,{},,eligible,https://github.com/cornell-brg/processor-trends/blob/main/data/processor-trends.csv#L6; https://github.com/cornell-brg/processor-trends,Matched against the cleaned Cornell processor-trends source derived from and independently checked against the Stanford/Horowitz data. The original-author lineage flags pre-1990 values as performance proxies rather than true SPECint results.
obs-frequency-ghz-cornell-intel-8088-1979-06-01,cornell-intel-8088-1979-06-01,8088,Intel,historical processor dataset,cpu,cpu,1979-06-01,1979.416667,frequency_ghz,0.005,GHz,nominal/base clock unless source states otherwise,direct,high,primary,,,,,,{},,eligible,https://github.com/cornell-brg/processor-trends/blob/main/data/processor-trends.csv#L6; https://github.com/cornell-brg/processor-trends,Matched against the cleaned Cornell processor-trends source derived from and independently checked against the Stanford/Horowitz data. The original-author lineage flags pre-1990 values as performance proxies rather than true SPECint results.
obs-power-w-cornell-intel-8088-1979-06-01,cornell-intel-8088-1979-06-01,8088,Intel,historical processor dataset,cpu,cpu,1979-06-01,1979.416667,power_w,1.7,W,CPU TDP,direct,high,primary,,,,,,{},,eligible,https://github.com/cornell-brg/processor-trends/blob/main/data/processor-trends.csv#L6; https://github.com/cornell-brg/processor-trends,Matched against the cleaned Cornell processor-trends source derived from and independently checked against the Stanford/Horowitz data. The original-author lineage flags pre-1990 values as performance proxies rather than true SPECint results.
obs-cpu-physical-cores-cornell-intel-8088-1979-06-01,cornell-intel-8088-1979-06-01,8088,Intel,historical processor dataset,cpu,cpu,1979-06-01,1979.416667,cpu_physical_cores,1,physical cores,physical CPU cores,direct,high,primary,,,,,,{},,eligible,https://github.com/cornell-brg/processor-trends/blob/main/data/processor-trends.csv#L6; https://github.com/cornell-brg/processor-trends,Matched against the cleaned Cornell processor-trends source derived from and independently checked against the Stanford/Horowitz data. The original-author lineage flags pre-1990 values as performance proxies rather than true SPECint results.
obs-gpu-compute-units-cornell-intel-8088-1979-06-01,cornell-intel-8088-1979-06-01,8088,Intel,historical processor dataset,cpu,cpu,1979-06-01,1979.416667,gpu_compute_units,,SMs / CUs / GPU cores,"vendor-native GPU unit count; SM, CU, or Apple GPU core",unresolved,unresolved,original_author_dataset,,,,,,,,not_applicable_cpu,,No supported value found; retained as an explicit blank.
obs-cpu-single-thread-normalized-cornell-intel-8088-1979-06-01,cornell-intel-8088-1979-06-01,8088,Intel,historical processor dataset,cpu,cpu,1979-06-01,1979.416667,cpu_single_thread_normalized,0.000212,normalized single-core index (legacy SPEC scale),one-copy benchmark normalized by the documented suite-specific continuity rule,normalized,medium,primary,,,Stanford/Cornell normalized SPECint2006-equivalent performance,,,{},,supporting_proxy_not_plotted,https://github.com/cornell-brg/processor-trends/blob/main/data/processor-trends.csv#L6; https://github.com/cornell-brg/processor-trends,Matched against the cleaned Cornell processor-trends source derived from and independently checked against the Stanford/Horowitz data. The original-author lineage flags pre-1990 values as performance proxies rather than true SPECint results.
obs-cpu-multicore-rate2000-int-base-cornell-intel-8088-1979-06-01,cornell-intel-8088-1979-06-01,8088,Intel,historical processor dataset,cpu,cpu,1979-06-01,1979.416667,cpu_multicore_rate2000_int_base,,SPECint_rate_base2000 (one chip),measured integer throughput of one CPU package in a published system,unresolved,unresolved,original_author_dataset,,,,,,,,unresolved,,No supported value found; retained as an explicit blank.
obs-cpu-multicore-rate2006-int-base-cornell-intel-8088-1979-06-01,cornell-intel-8088-1979-06-01,8088,Intel,historical processor dataset,cpu,cpu,1979-06-01,1979.416667,cpu_multicore_rate2006_int_base,,SPECint_rate_base2006 (one chip),measured integer throughput of one CPU package in a published system,unresolved,unresolved,original_author_dataset,,,,,,,,unresolved,,No supported value found; retained as an explicit blank.
obs-cpu-multicore-rate2017-int-base-cornell-intel-8088-1979-06-01,cornell-intel-8088-1979-06-01,8088,Intel,historical processor dataset,cpu,cpu,1979-06-01,1979.416667,cpu_multicore_rate2017_int_base,,SPECrate2017_int_base (one chip),measured integer throughput of one CPU package in a published system,unresolved,unresolved,original_author_dataset,,,,,,,,unresolved,,No supported value found; retained as an explicit blank.
obs-cpu-multicore-index-cornell-intel-8088-1979-06-01,cornell-intel-8088-1979-06-01,8088,Intel,historical processor dataset,cpu,cpu,1979-06-01,1979.416667,cpu_multicore_index,,estimated one-chip throughput index (2003=100),estimated integer-throughput index derived from a measured one-CPU-package SPEC rate,unresolved,unresolved,original_author_dataset,,,,,,,,unresolved,,No supported value found; retained as an explicit blank.
obs-fp32-dense-peak-gflops-cornell-intel-8088-1979-06-01,cornell-intel-8088-1979-06-01,8088,Intel,historical processor dataset,cpu,cpu,1979-06-01,1979.416667,fp32_dense_peak_gflops,,GFLOP/s,dense non-tensor non-sparse FP32 vector peak,unresolved,unresolved,original_author_dataset,,,,,,,,unresolved,,No supported value found; retained as an explicit blank.
obs-transistors-million-cornell-intel-286-1982-02-01,cornell-intel-286-1982-02-01,286,Intel,historical processor dataset,cpu,cpu,1982-02-01,1982.083333,transistors_million,0.134,million transistors,device or multi-die package transistor count,direct,high,primary,,,,,,{},,eligible,https://github.com/cornell-brg/processor-trends/blob/main/data/processor-trends.csv#L7; https://github.com/cornell-brg/processor-trends,Matched against the cleaned Cornell processor-trends source derived from and independently checked against the Stanford/Horowitz data. The original-author lineage flags pre-1990 values as performance proxies rather than true SPECint results.
obs-frequency-ghz-cornell-intel-286-1982-02-01,cornell-intel-286-1982-02-01,286,Intel,historical processor dataset,cpu,cpu,1982-02-01,1982.083333,frequency_ghz,0.006,GHz,nominal/base clock unless source states otherwise,direct,high,primary,,,,,,{},,eligible,https://github.com/cornell-brg/processor-trends/blob/main/data/processor-trends.csv#L7; https://github.com/cornell-brg/processor-trends,Matched against the cleaned Cornell processor-trends source derived from and independently checked against the Stanford/Horowitz data. The original-author lineage flags pre-1990 values as performance proxies rather than true SPECint results.
obs-power-w-cornell-intel-286-1982-02-01,cornell-intel-286-1982-02-01,286,Intel,historical processor dataset,cpu,cpu,1982-02-01,1982.083333,power_w,3,W,CPU TDP,direct,high,primary,,,,,,{},,eligible,https://github.com/cornell-brg/processor-trends/blob/main/data/processor-trends.csv#L7; https://github.com/cornell-brg/processor-trends,Matched against the cleaned Cornell processor-trends source derived from and independently checked against the Stanford/Horowitz data. The original-author lineage flags pre-1990 values as performance proxies rather than true SPECint results.
obs-cpu-physical-cores-cornell-intel-286-1982-02-01,cornell-intel-286-1982-02-01,286,Intel,historical processor dataset,cpu,cpu,1982-02-01,1982.083333,cpu_physical_cores,1,physical cores,physical CPU cores,direct,high,primary,,,,,,{},,eligible,https://github.com/cornell-brg/processor-trends/blob/main/data/processor-trends.csv#L7; https://github.com/cornell-brg/processor-trends,Matched against the cleaned Cornell processor-trends source derived from and independently checked against the Stanford/Horowitz data. The original-author lineage flags pre-1990 values as performance proxies rather than true SPECint results.
obs-gpu-compute-units-cornell-intel-286-1982-02-01,cornell-intel-286-1982-02-01,286,Intel,historical processor dataset,cpu,cpu,1982-02-01,1982.083333,gpu_compute_units,,SMs / CUs / GPU cores,"vendor-native GPU unit count; SM, CU, or Apple GPU core",unresolved,unresolved,original_author_dataset,,,,,,,,not_applicable_cpu,,No supported value found; retained as an explicit blank.
obs-cpu-single-thread-normalized-cornell-intel-286-1982-02-01,cornell-intel-286-1982-02-01,286,Intel,historical processor dataset,cpu,cpu,1982-02-01,1982.083333,cpu_single_thread_normalized,0.00056,normalized single-core index (legacy SPEC scale),one-copy benchmark normalized by the documented suite-specific continuity rule,normalized,medium,primary,,,Stanford/Cornell normalized SPECint2006-equivalent performance,,,{},,supporting_proxy_not_plotted,https://github.com/cornell-brg/processor-trends/blob/main/data/processor-trends.csv#L7; https://github.com/cornell-brg/processor-trends,Matched against the cleaned Cornell processor-trends source derived from and independently checked against the Stanford/Horowitz data. The original-author lineage flags pre-1990 values as performance proxies rather than true SPECint results.
obs-cpu-multicore-rate2000-int-base-cornell-intel-286-1982-02-01,cornell-intel-286-1982-02-01,286,Intel,historical processor dataset,cpu,cpu,1982-02-01,1982.083333,cpu_multicore_rate2000_int_base,,SPECint_rate_base2000 (one chip),measured integer throughput of one CPU package in a published system,unresolved,unresolved,original_author_dataset,,,,,,,,unresolved,,No supported value found; retained as an explicit blank.
obs-cpu-multicore-rate2006-int-base-cornell-intel-286-1982-02-01,cornell-intel-286-1982-02-01,286,Intel,historical processor dataset,cpu,cpu,1982-02-01,1982.083333,cpu_multicore_rate2006_int_base,,SPECint_rate_base2006 (one chip),measured integer throughput of one CPU package in a published system,unresolved,unresolved,original_author_dataset,,,,,,,,unresolved,,No supported value found; retained as an explicit blank.
obs-cpu-multicore-rate2017-int-base-cornell-intel-286-1982-02-01,cornell-intel-286-1982-02-01,286,Intel,historical processor dataset,cpu,cpu,1982-02-01,1982.083333,cpu_multicore_rate2017_int_base,,SPECrate2017_int_base (one chip),measured integer throughput of one CPU package in a published system,unresolved,unresolved,original_author_dataset,,,,,,,,unresolved,,No supported value found; retained as an explicit blank.
obs-cpu-multicore-index-cornell-intel-286-1982-02-01,cornell-intel-286-1982-02-01,286,Intel,historical processor dataset,cpu,cpu,1982-02-01,1982.083333,cpu_multicore_index,,estimated one-chip throughput index (2003=100),estimated integer-throughput index derived from a measured one-CPU-package SPEC rate,unresolved,unresolved,original_author_dataset,,,,,,,,unresolved,,No supported value found; retained as an explicit blank.
obs-fp32-dense-peak-gflops-cornell-intel-286-1982-02-01,cornell-intel-286-1982-02-01,286,Intel,historical processor dataset,cpu,cpu,1982-02-01,1982.083333,fp32_dense_peak_gflops,,GFLOP/s,dense non-tensor non-sparse FP32 vector peak,unresolved,unresolved,original_author_dataset,,,,,,,,unresolved,,No supported value found; retained as an explicit blank.
obs-transistors-million-cornell-intel-386-dx-1985-10-01,cornell-intel-386-dx-1985-10-01,386 DX,Intel,historical processor dataset,cpu,cpu,1985-10-01,1985.750000,transistors_million,0.275,million transistors,device or multi-die package transistor count,direct,high,primary,,,,,,{},,eligible,https://github.com/cornell-brg/processor-trends/blob/main/data/processor-trends.csv#L8; https://github.com/cornell-brg/processor-trends,Matched against the cleaned Cornell processor-trends source derived from and independently checked against the Stanford/Horowitz data. The original-author lineage flags pre-1990 values as performance proxies rather than true SPECint results.
obs-frequency-ghz-cornell-intel-386-dx-1985-10-01,cornell-intel-386-dx-1985-10-01,386 DX,Intel,historical processor dataset,cpu,cpu,1985-10-01,1985.750000,frequency_ghz,0.016,GHz,nominal/base clock unless source states otherwise,direct,high,primary,,,,,,{},,eligible,https://github.com/cornell-brg/processor-trends/blob/main/data/processor-trends.csv#L8; https://github.com/cornell-brg/processor-trends,Matched against the cleaned Cornell processor-trends source derived from and independently checked against the Stanford/Horowitz data. The original-author lineage flags pre-1990 values as performance proxies rather than true SPECint results.
obs-power-w-cornell-intel-386-dx-1985-10-01,cornell-intel-386-dx-1985-10-01,386 DX,Intel,historical processor dataset,cpu,cpu,1985-10-01,1985.750000,power_w,1.5,W,CPU TDP,direct,high,primary,,,,,,{},,eligible,https://github.com/cornell-brg/processor-trends/blob/main/data/processor-trends.csv#L8; https://github.com/cornell-brg/processor-trends,Matched against the cleaned Cornell processor-trends source derived from and independently checked against the Stanford/Horowitz data. The original-author lineage flags pre-1990 values as performance proxies rather than true SPECint results.
obs-cpu-physical-cores-cornell-intel-386-dx-1985-10-01,cornell-intel-386-dx-1985-10-01,386 DX,Intel,historical processor dataset,cpu,cpu,1985-10-01,1985.750000,cpu_physical_cores,1,physical cores,physical CPU cores,direct,high,primary,,,,,,{},,eligible,https://github.com/cornell-brg/processor-trends/blob/main/data/processor-trends.csv#L8; https://github.com/cornell-brg/processor-trends,Matched against the cleaned Cornell processor-trends source derived from and independently checked against the Stanford/Horowitz data. The original-author lineage flags pre-1990 values as performance proxies rather than true SPECint results.
obs-gpu-compute-units-cornell-intel-386-dx-1985-10-01,cornell-intel-386-dx-1985-10-01,386 DX,Intel,historical processor dataset,cpu,cpu,1985-10-01,1985.750000,gpu_compute_units,,SMs / CUs / GPU cores,"vendor-native GPU unit count; SM, CU, or Apple GPU core",unresolved,unresolved,original_author_dataset,,,,,,,,not_applicable_cpu,,No supported value found; retained as an explicit blank.
obs-cpu-single-thread-normalized-cornell-intel-386-dx-1985-10-01,cornell-intel-386-dx-1985-10-01,386 DX,Intel,historical processor dataset,cpu,cpu,1985-10-01,1985.750000,cpu_single_thread_normalized,0.006851,normalized single-core index (legacy SPEC scale),one-copy benchmark normalized by the documented suite-specific continuity rule,normalized,medium,primary,,,Stanford/Cornell normalized SPECint2006-equivalent performance,,,{},,supporting_proxy_not_plotted,https://github.com/cornell-brg/processor-trends/blob/main/data/processor-trends.csv#L8; https://github.com/cornell-brg/processor-trends,Matched against the cleaned Cornell processor-trends source derived from and independently checked against the Stanford/Horowitz data. The original-author lineage flags pre-1990 values as performance proxies rather than true SPECint results.
obs-cpu-multicore-rate2000-int-base-cornell-intel-386-dx-1985-10-01,cornell-intel-386-dx-1985-10-01,386 DX,Intel,historical processor dataset,cpu,cpu,1985-10-01,1985.750000,cpu_multicore_rate2000_int_base,,SPECint_rate_base2000 (one chip),measured integer throughput of one CPU package in a published system,unresolved,unresolved,original_author_dataset,,,,,,,,unresolved,,No supported value found; retained as an explicit blank.
obs-cpu-multicore-rate2006-int-base-cornell-intel-386-dx-1985-10-01,cornell-intel-386-dx-1985-10-01,386 DX,Intel,historical processor dataset,cpu,cpu,1985-10-01,1985.750000,cpu_multicore_rate2006_int_base,,SPECint_rate_base2006 (one chip),measured integer throughput of one CPU package in a published system,unresolved,unresolved,original_author_dataset,,,,,,,,unresolved,,No supported value found; retained as an explicit blank.
obs-cpu-multicore-rate2017-int-base-cornell-intel-386-dx-1985-10-01,cornell-intel-386-dx-1985-10-01,386 DX,Intel,historical processor dataset,cpu,cpu,1985-10-01,1985.750000,cpu_multicore_rate2017_int_base,,SPECrate2017_int_base (one chip),measured integer throughput of one CPU package in a published system,unresolved,unresolved,original_author_dataset,,,,,,,,unresolved,,No supported value found; retained as an explicit blank.
obs-cpu-multicore-index-cornell-intel-386-dx-1985-10-01,cornell-intel-386-dx-1985-10-01,386 DX,Intel,historical processor dataset,cpu,cpu,1985-10-01,1985.750000,cpu_multicore_index,,estimated one-chip throughput index (2003=100),estimated integer-throughput index derived from a measured one-CPU-package SPEC rate,unresolved,unresolved,original_author_dataset,,,,,,,,unresolved,,No supported value found; retained as an explicit blank.
obs-fp32-dense-peak-gflops-cornell-intel-386-dx-1985-10-01,cornell-intel-386-dx-1985-10-01,386 DX,Intel,historical processor dataset,cpu,cpu,1985-10-01,1985.750000,fp32_dense_peak_gflops,,GFLOP/s,dense non-tensor non-sparse FP32 vector peak,unresolved,unresolved,original_author_dataset,,,,,,,,unresolved,,No supported value found; retained as an explicit blank.
obs-transistors-million-cornell-mips-r2000-1986-01-01,cornell-mips-r2000-1986-01-01,R2000,Mips,historical processor dataset,cpu,cpu,1986-01-01,1986.000000,transistors_million,0.11,million transistors,device or multi-die package transistor count,direct,high,primary,,,,,,{},,eligible,https://github.com/cornell-brg/processor-trends/blob/main/data/processor-trends.csv#L9; https://github.com/cornell-brg/processor-trends; https://digicoll.lib.berkeley.edu/record/138275/files/CSD-93-767.pdf,"Matched against the cleaned Cornell processor-trends source derived from and independently checked against the Stanford/Horowitz data. A 16.67 MHz R2000 system has a published early SPEC integer result, but no defensible conversion from that pre-SPEC92 result to the chart's normalized SPECint2006-equivalent scale was found."
obs-frequency-ghz-cornell-mips-r2000-1986-01-01,cornell-mips-r2000-1986-01-01,R2000,Mips,historical processor dataset,cpu,cpu,1986-01-01,1986.000000,frequency_ghz,0.016,GHz,nominal/base clock unless source states otherwise,direct,high,primary,,,,,,{},,eligible,https://github.com/cornell-brg/processor-trends/blob/main/data/processor-trends.csv#L9; https://github.com/cornell-brg/processor-trends; https://digicoll.lib.berkeley.edu/record/138275/files/CSD-93-767.pdf,"Matched against the cleaned Cornell processor-trends source derived from and independently checked against the Stanford/Horowitz data. A 16.67 MHz R2000 system has a published early SPEC integer result, but no defensible conversion from that pre-SPEC92 result to the chart's normalized SPECint2006-equivalent scale was found."
obs-power-w-cornell-mips-r2000-1986-01-01,cornell-mips-r2000-1986-01-01,R2000,Mips,historical processor dataset,cpu,cpu,1986-01-01,1986.000000,power_w,3,W,CPU TDP,direct,high,primary,,,,,,{},,eligible,https://github.com/cornell-brg/processor-trends/blob/main/data/processor-trends.csv#L9; https://github.com/cornell-brg/processor-trends; https://digicoll.lib.berkeley.edu/record/138275/files/CSD-93-767.pdf,"Matched against the cleaned Cornell processor-trends source derived from and independently checked against the Stanford/Horowitz data. A 16.67 MHz R2000 system has a published early SPEC integer result, but no defensible conversion from that pre-SPEC92 result to the chart's normalized SPECint2006-equivalent scale was found."
obs-cpu-physical-cores-cornell-mips-r2000-1986-01-01,cornell-mips-r2000-1986-01-01,R2000,Mips,historical processor dataset,cpu,cpu,1986-01-01,1986.000000,cpu_physical_cores,1,physical cores,physical CPU cores,direct,high,primary,,,,,,{},,eligible,https://github.com/cornell-brg/processor-trends/blob/main/data/processor-trends.csv#L9; https://github.com/cornell-brg/processor-trends; https://digicoll.lib.berkeley.edu/record/138275/files/CSD-93-767.pdf,"Matched against the cleaned Cornell processor-trends source derived from and independently checked against the Stanford/Horowitz data. A 16.67 MHz R2000 system has a published early SPEC integer result, but no defensible conversion from that pre-SPEC92 result to the chart's normalized SPECint2006-equivalent scale was found."
obs-gpu-compute-units-cornell-mips-r2000-1986-01-01,cornell-mips-r2000-1986-01-01,R2000,Mips,historical processor dataset,cpu,cpu,1986-01-01,1986.000000,gpu_compute_units,,SMs / CUs / GPU cores,"vendor-native GPU unit count; SM, CU, or Apple GPU core",unresolved,unresolved,original_author_dataset,,,,,,,,not_applicable_cpu,,No supported value found; retained as an explicit blank.
obs-cpu-single-thread-normalized-cornell-mips-r2000-1986-01-01,cornell-mips-r2000-1986-01-01,R2000,Mips,historical processor dataset,cpu,cpu,1986-01-01,1986.000000,cpu_single_thread_normalized,,normalized single-core index (legacy SPEC scale),one-copy benchmark normalized by the documented suite-specific continuity rule,unresolved,unresolved,original_author_dataset,,,,,,,,unresolved,,No supported value found; retained as an explicit blank.
obs-cpu-multicore-rate2000-int-base-cornell-mips-r2000-1986-01-01,cornell-mips-r2000-1986-01-01,R2000,Mips,historical processor dataset,cpu,cpu,1986-01-01,1986.000000,cpu_multicore_rate2000_int_base,,SPECint_rate_base2000 (one chip),measured integer throughput of one CPU package in a published system,unresolved,unresolved,original_author_dataset,,,,,,,,unresolved,,No supported value found; retained as an explicit blank.
obs-cpu-multicore-rate2006-int-base-cornell-mips-r2000-1986-01-01,cornell-mips-r2000-1986-01-01,R2000,Mips,historical processor dataset,cpu,cpu,1986-01-01,1986.000000,cpu_multicore_rate2006_int_base,,SPECint_rate_base2006 (one chip),measured integer throughput of one CPU package in a published system,unresolved,unresolved,original_author_dataset,,,,,,,,unresolved,,No supported value found; retained as an explicit blank.
obs-cpu-multicore-rate2017-int-base-cornell-mips-r2000-1986-01-01,cornell-mips-r2000-1986-01-01,R2000,Mips,historical processor dataset,cpu,cpu,1986-01-01,1986.000000,cpu_multicore_rate2017_int_base,,SPECrate2017_int_base (one chip),measured integer throughput of one CPU package in a published system,unresolved,unresolved,original_author_dataset,,,,,,,,unresolved,,No supported value found; retained as an explicit blank.
obs-cpu-multicore-index-cornell-mips-r2000-1986-01-01,cornell-mips-r2000-1986-01-01,R2000,Mips,historical processor dataset,cpu,cpu,1986-01-01,1986.000000,cpu_multicore_index,,estimated one-chip throughput index (2003=100),estimated integer-throughput index derived from a measured one-CPU-package SPEC rate,unresolved,unresolved,original_author_dataset,,,,,,,,unresolved,,No supported value found; retained as an explicit blank.
obs-fp32-dense-peak-gflops-cornell-mips-r2000-1986-01-01,cornell-mips-r2000-1986-01-01,R2000,Mips,historical processor dataset,cpu,cpu,1986-01-01,1986.000000,fp32_dense_peak_gflops,,GFLOP/s,dense non-tensor non-sparse FP32 vector peak,unresolved,unresolved,original_author_dataset,,,,,,,,unresolved,,No supported value found; retained as an explicit blank.
obs-transistors-million-cornell-mips-r3000-1988-06-01,cornell-mips-r3000-1988-06-01,R3000,Mips,historical processor dataset,cpu,cpu,1988-06-01,1988.416667,transistors_million,0.12,million transistors,device or multi-die package transistor count,direct,high,primary,,,,,,{},,eligible,https://github.com/cornell-brg/processor-trends/blob/main/data/processor-trends.csv#L10; https://github.com/cornell-brg/processor-trends,Matched against the cleaned Cornell processor-trends source derived from and independently checked against the Stanford/Horowitz data. The original-author lineage flags pre-1990 values as performance proxies rather than true SPECint results.
obs-frequency-ghz-cornell-mips-r3000-1988-06-01,cornell-mips-r3000-1988-06-01,R3000,Mips,historical processor dataset,cpu,cpu,1988-06-01,1988.416667,frequency_ghz,0.04,GHz,nominal/base clock unless source states otherwise,direct,high,primary,,,,,,{},,eligible,https://github.com/cornell-brg/processor-trends/blob/main/data/processor-trends.csv#L10; https://github.com/cornell-brg/processor-trends,Matched against the cleaned Cornell processor-trends source derived from and independently checked against the Stanford/Horowitz data. The original-author lineage flags pre-1990 values as performance proxies rather than true SPECint results.
obs-power-w-cornell-mips-r3000-1988-06-01,cornell-mips-r3000-1988-06-01,R3000,Mips,historical processor dataset,cpu,cpu,1988-06-01,1988.416667,power_w,4,W,CPU TDP,direct,high,primary,,,,,,{},,eligible,https://github.com/cornell-brg/processor-trends/blob/main/data/processor-trends.csv#L10; https://github.com/cornell-brg/processor-trends,Matched against the cleaned Cornell processor-trends source derived from and independently checked against the Stanford/Horowitz data. The original-author lineage flags pre-1990 values as performance proxies rather than true SPECint results.
obs-cpu-physical-cores-cornell-mips-r3000-1988-06-01,cornell-mips-r3000-1988-06-01,R3000,Mips,historical processor dataset,cpu,cpu,1988-06-01,1988.416667,cpu_physical_cores,1,physical cores,physical CPU cores,direct,high,primary,,,,,,{},,eligible,https://github.com/cornell-brg/processor-trends/blob/main/data/processor-trends.csv#L10; https://github.com/cornell-brg/processor-trends,Matched against the cleaned Cornell processor-trends source derived from and independently checked against the Stanford/Horowitz data. The original-author lineage flags pre-1990 values as performance proxies rather than true SPECint results.
obs-gpu-compute-units-cornell-mips-r3000-1988-06-01,cornell-mips-r3000-1988-06-01,R3000,Mips,historical processor dataset,cpu,cpu,1988-06-01,1988.416667,gpu_compute_units,,SMs / CUs / GPU cores,"vendor-native GPU unit count; SM, CU, or Apple GPU core",unresolved,unresolved,original_author_dataset,,,,,,,,not_applicable_cpu,,No supported value found; retained as an explicit blank.
obs-cpu-single-thread-normalized-cornell-mips-r3000-1988-06-01,cornell-mips-r3000-1988-06-01,R3000,Mips,historical processor dataset,cpu,cpu,1988-06-01,1988.416667,cpu_single_thread_normalized,0.046875,normalized single-core index (legacy SPEC scale),one-copy benchmark normalized by the documented suite-specific continuity rule,normalized,medium,primary,,,Stanford/Cornell normalized SPECint2006-equivalent performance,,,{},,eligible,https://github.com/cornell-brg/processor-trends/blob/main/data/processor-trends.csv#L10; https://github.com/cornell-brg/processor-trends,Matched against the cleaned Cornell processor-trends source derived from and independently checked against the Stanford/Horowitz data. The original-author lineage flags pre-1990 values as performance proxies rather than true SPECint results.
obs-cpu-multicore-rate2000-int-base-cornell-mips-r3000-1988-06-01,cornell-mips-r3000-1988-06-01,R3000,Mips,historical processor dataset,cpu,cpu,1988-06-01,1988.416667,cpu_multicore_rate2000_int_base,,SPECint_rate_base2000 (one chip),measured integer throughput of one CPU package in a published system,unresolved,unresolved,original_author_dataset,,,,,,,,unresolved,,No supported value found; retained as an explicit blank.
obs-cpu-multicore-rate2006-int-base-cornell-mips-r3000-1988-06-01,cornell-mips-r3000-1988-06-01,R3000,Mips,historical processor dataset,cpu,cpu,1988-06-01,1988.416667,cpu_multicore_rate2006_int_base,,SPECint_rate_base2006 (one chip),measured integer throughput of one CPU package in a published system,unresolved,unresolved,original_author_dataset,,,,,,,,unresolved,,No supported value found; retained as an explicit blank.
obs-cpu-multicore-rate2017-int-base-cornell-mips-r3000-1988-06-01,cornell-mips-r3000-1988-06-01,R3000,Mips,historical processor dataset,cpu,cpu,1988-06-01,1988.416667,cpu_multicore_rate2017_int_base,,SPECrate2017_int_base (one chip),measured integer throughput of one CPU package in a published system,unresolved,unresolved,original_author_dataset,,,,,,,,unresolved,,No supported value found; retained as an explicit blank.
obs-cpu-multicore-index-cornell-mips-r3000-1988-06-01,cornell-mips-r3000-1988-06-01,R3000,Mips,historical processor dataset,cpu,cpu,1988-06-01,1988.416667,cpu_multicore_index,,estimated one-chip throughput index (2003=100),estimated integer-throughput index derived from a measured one-CPU-package SPEC rate,unresolved,unresolved,original_author_dataset,,,,,,,,unresolved,,No supported value found; retained as an explicit blank.
obs-fp32-dense-peak-gflops-cornell-mips-r3000-1988-06-01,cornell-mips-r3000-1988-06-01,R3000,Mips,historical processor dataset,cpu,cpu,1988-06-01,1988.416667,fp32_dense_peak_gflops,,GFLOP/s,dense non-tensor non-sparse FP32 vector peak,unresolved,unresolved,original_author_dataset,,,,,,,,unresolved,,No supported value found; retained as an explicit blank.
obs-transistors-million-cornell-intel-486-dx-1989-04-01,cornell-intel-486-dx-1989-04-01,486 DX,Intel,historical processor dataset,cpu,cpu,1989-04-01,1989.250000,transistors_million,1.2,million transistors,device or multi-die package transistor count,direct,high,primary,,,,,,{},,eligible,https://github.com/cornell-brg/processor-trends/blob/main/data/processor-trends.csv#L11; https://github.com/cornell-brg/processor-trends,Matched against the cleaned Cornell processor-trends source derived from and independently checked against the Stanford/Horowitz data. The original-author lineage flags pre-1990 values as performance proxies rather than true SPECint results.
obs-frequency-ghz-cornell-intel-486-dx-1989-04-01,cornell-intel-486-dx-1989-04-01,486 DX,Intel,historical processor dataset,cpu,cpu,1989-04-01,1989.250000,frequency_ghz,0.025,GHz,nominal/base clock unless source states otherwise,direct,high,primary,,,,,,{},,eligible,https://github.com/cornell-brg/processor-trends/blob/main/data/processor-trends.csv#L11; https://github.com/cornell-brg/processor-trends,Matched against the cleaned Cornell processor-trends source derived from and independently checked against the Stanford/Horowitz data. The original-author lineage flags pre-1990 values as performance proxies rather than true SPECint results.
obs-power-w-cornell-intel-486-dx-1989-04-01,cornell-intel-486-dx-1989-04-01,486 DX,Intel,historical processor dataset,cpu,cpu,1989-04-01,1989.250000,power_w,2.75,W,CPU TDP,direct,high,primary,,,,,,{},,eligible,https://github.com/cornell-brg/processor-trends/blob/main/data/processor-trends.csv#L11; https://github.com/cornell-brg/processor-trends,Matched against the cleaned Cornell processor-trends source derived from and independently checked against the Stanford/Horowitz data. The original-author lineage flags pre-1990 values as performance proxies rather than true SPECint results.
obs-cpu-physical-cores-cornell-intel-486-dx-1989-04-01,cornell-intel-486-dx-1989-04-01,486 DX,Intel,historical processor dataset,cpu,cpu,1989-04-01,1989.250000,cpu_physical_cores,1,physical cores,physical CPU cores,direct,high,primary,,,,,,{},,eligible,https://github.com/cornell-brg/processor-trends/blob/main/data/processor-trends.csv#L11; https://github.com/cornell-brg/processor-trends,Matched against the cleaned Cornell processor-trends source derived from and independently checked against the Stanford/Horowitz data. The original-author lineage flags pre-1990 values as performance proxies rather than true SPECint results.
obs-gpu-compute-units-cornell-intel-486-dx-1989-04-01,cornell-intel-486-dx-1989-04-01,486 DX,Intel,historical processor dataset,cpu,cpu,1989-04-01,1989.250000,gpu_compute_units,,SMs / CUs / GPU cores,"vendor-native GPU unit count; SM, CU, or Apple GPU core",unresolved,unresolved,original_author_dataset,,,,,,,,not_applicable_cpu,,No supported value found; retained as an explicit blank.
obs-cpu-single-thread-normalized-cornell-intel-486-dx-1989-04-01,cornell-intel-486-dx-1989-04-01,486 DX,Intel,historical processor dataset,cpu,cpu,1989-04-01,1989.250000,cpu_single_thread_normalized,0.028226,normalized single-core index (legacy SPEC scale),one-copy benchmark normalized by the documented suite-specific continuity rule,normalized,medium,primary,,,Stanford/Cornell normalized SPECint2006-equivalent performance,,,{},,eligible,https://github.com/cornell-brg/processor-trends/blob/main/data/processor-trends.csv#L11; https://github.com/cornell-brg/processor-trends,Matched against the cleaned Cornell processor-trends source derived from and independently checked against the Stanford/Horowitz data. The original-author lineage flags pre-1990 values as performance proxies rather than true SPECint results.
obs-cpu-multicore-rate2000-int-base-cornell-intel-486-dx-1989-04-01,cornell-intel-486-dx-1989-04-01,486 DX,Intel,historical processor dataset,cpu,cpu,1989-04-01,1989.250000,cpu_multicore_rate2000_int_base,,SPECint_rate_base2000 (one chip),measured integer throughput of one CPU package in a published system,unresolved,unresolved,original_author_dataset,,,,,,,,unresolved,,No supported value found; retained as an explicit blank.
obs-cpu-multicore-rate2006-int-base-cornell-intel-486-dx-1989-04-01,cornell-intel-486-dx-1989-04-01,486 DX,Intel,historical processor dataset,cpu,cpu,1989-04-01,1989.250000,cpu_multicore_rate2006_int_base,,SPECint_rate_base2006 (one chip),measured integer throughput of one CPU package in a published system,unresolved,unresolved,original_author_dataset,,,,,,,,unresolved,,No supported value found; retained as an explicit blank.
obs-cpu-multicore-rate2017-int-base-cornell-intel-486-dx-1989-04-01,cornell-intel-486-dx-1989-04-01,486 DX,Intel,historical processor dataset,cpu,cpu,1989-04-01,1989.250000,cpu_multicore_rate2017_int_base,,SPECrate2017_int_base (one chip),measured integer throughput of one CPU package in a published system,unresolved,unresolved,original_author_dataset,,,,,,,,unresolved,,No supported value found; retained as an explicit blank.
obs-cpu-multicore-index-cornell-intel-486-dx-1989-04-01,cornell-intel-486-dx-1989-04-01,486 DX,Intel,historical processor dataset,cpu,cpu,1989-04-01,1989.250000,cpu_multicore_index,,estimated one-chip throughput index (2003=100),estimated integer-throughput index derived from a measured one-CPU-package SPEC rate,unresolved,unresolved,original_author_dataset,,,,,,,,unresolved,,No supported value found; retained as an explicit blank.
obs-fp32-dense-peak-gflops-cornell-intel-486-dx-1989-04-01,cornell-intel-486-dx-1989-04-01,486 DX,Intel,historical processor dataset,cpu,cpu,1989-04-01,1989.250000,fp32_dense_peak_gflops,,GFLOP/s,dense non-tensor non-sparse FP32 vector peak,unresolved,unresolved,original_author_dataset,,,,,,,,unresolved,,No supported value found; retained as an explicit blank.
obs-transistors-million-cornell-intel-486-dx-1990-05-01,cornell-intel-486-dx-1990-05-01,486 DX,Intel,historical processor dataset,cpu,cpu,1990-05-01,1990.333333,transistors_million,1.2,million transistors,device or multi-die package transistor count,direct,high,primary,,,,,,{},,eligible,https://github.com/cornell-brg/processor-trends/blob/main/data/processor-trends.csv#L12; https://github.com/cornell-brg/processor-trends,"Matched against the cleaned Cornell processor-trends source derived from and independently checked against the Stanford/Horowitz data. Copied from the Cornell normalized-performance field, which follows the Stanford cross-suite SPECint normalization method."
obs-frequency-ghz-cornell-intel-486-dx-1990-05-01,cornell-intel-486-dx-1990-05-01,486 DX,Intel,historical processor dataset,cpu,cpu,1990-05-01,1990.333333,frequency_ghz,0.033,GHz,nominal/base clock unless source states otherwise,direct,high,primary,,,,,,{},,eligible,https://github.com/cornell-brg/processor-trends/blob/main/data/processor-trends.csv#L12; https://github.com/cornell-brg/processor-trends,"Matched against the cleaned Cornell processor-trends source derived from and independently checked against the Stanford/Horowitz data. Copied from the Cornell normalized-performance field, which follows the Stanford cross-suite SPECint normalization method."
obs-power-w-cornell-intel-486-dx-1990-05-01,cornell-intel-486-dx-1990-05-01,486 DX,Intel,historical processor dataset,cpu,cpu,1990-05-01,1990.333333,power_w,3.5,W,CPU TDP,direct,high,primary,,,,,,{},,eligible,https://github.com/cornell-brg/processor-trends/blob/main/data/processor-trends.csv#L12; https://github.com/cornell-brg/processor-trends,"Matched against the cleaned Cornell processor-trends source derived from and independently checked against the Stanford/Horowitz data. Copied from the Cornell normalized-performance field, which follows the Stanford cross-suite SPECint normalization method."
obs-cpu-physical-cores-cornell-intel-486-dx-1990-05-01,cornell-intel-486-dx-1990-05-01,486 DX,Intel,historical processor dataset,cpu,cpu,1990-05-01,1990.333333,cpu_physical_cores,1,physical cores,physical CPU cores,direct,high,primary,,,,,,{},,eligible,https://github.com/cornell-brg/processor-trends/blob/main/data/processor-trends.csv#L12; https://github.com/cornell-brg/processor-trends,"Matched against the cleaned Cornell processor-trends source derived from and independently checked against the Stanford/Horowitz data. Copied from the Cornell normalized-performance field, which follows the Stanford cross-suite SPECint normalization method."
obs-gpu-compute-units-cornell-intel-486-dx-1990-05-01,cornell-intel-486-dx-1990-05-01,486 DX,Intel,historical processor dataset,cpu,cpu,1990-05-01,1990.333333,gpu_compute_units,,SMs / CUs / GPU cores,"vendor-native GPU unit count; SM, CU, or Apple GPU core",unresolved,unresolved,original_author_dataset,,,,,,,,not_applicable_cpu,,No supported value found; retained as an explicit blank.
obs-cpu-single-thread-normalized-cornell-intel-486-dx-1990-05-01,cornell-intel-486-dx-1990-05-01,486 DX,Intel,historical processor dataset,cpu,cpu,1990-05-01,1990.333333,cpu_single_thread_normalized,0.03125,normalized single-core index (legacy SPEC scale),one-copy benchmark normalized by the documented suite-specific continuity rule,normalized,high,primary,,,Stanford/Cornell normalized SPECint2006-equivalent performance,,,{},,eligible,https://github.com/cornell-brg/processor-trends/blob/main/data/processor-trends.csv#L12; https://github.com/cornell-brg/processor-trends,"Matched against the cleaned Cornell processor-trends source derived from and independently checked against the Stanford/Horowitz data. Copied from the Cornell normalized-performance field, which follows the Stanford cross-suite SPECint normalization method."
obs-cpu-multicore-rate2000-int-base-cornell-intel-486-dx-1990-05-01,cornell-intel-486-dx-1990-05-01,486 DX,Intel,historical processor dataset,cpu,cpu,1990-05-01,1990.333333,cpu_multicore_rate2000_int_base,,SPECint_rate_base2000 (one chip),measured integer throughput of one CPU package in a published system,unresolved,unresolved,original_author_dataset,,,,,,,,unresolved,,No supported value found; retained as an explicit blank.
obs-cpu-multicore-rate2006-int-base-cornell-intel-486-dx-1990-05-01,cornell-intel-486-dx-1990-05-01,486 DX,Intel,historical processor dataset,cpu,cpu,1990-05-01,1990.333333,cpu_multicore_rate2006_int_base,,SPECint_rate_base2006 (one chip),measured integer throughput of one CPU package in a published system,unresolved,unresolved,original_author_dataset,,,,,,,,unresolved,,No supported value found; retained as an explicit blank.
obs-cpu-multicore-rate2017-int-base-cornell-intel-486-dx-1990-05-01,cornell-intel-486-dx-1990-05-01,486 DX,Intel,historical processor dataset,cpu,cpu,1990-05-01,1990.333333,cpu_multicore_rate2017_int_base,,SPECrate2017_int_base (one chip),measured integer throughput of one CPU package in a published system,unresolved,unresolved,original_author_dataset,,,,,,,,unresolved,,No supported value found; retained as an explicit blank.
obs-cpu-multicore-index-cornell-intel-486-dx-1990-05-01,cornell-intel-486-dx-1990-05-01,486 DX,Intel,historical processor dataset,cpu,cpu,1990-05-01,1990.333333,cpu_multicore_index,,estimated one-chip throughput index (2003=100),estimated integer-throughput index derived from a measured one-CPU-package SPEC rate,unresolved,unresolved,original_author_dataset,,,,,,,,unresolved,,No supported value found; retained as an explicit blank.
obs-fp32-dense-peak-gflops-cornell-intel-486-dx-1990-05-01,cornell-intel-486-dx-1990-05-01,486 DX,Intel,historical processor dataset,cpu,cpu,1990-05-01,1990.333333,fp32_dense_peak_gflops,,GFLOP/s,dense non-tensor non-sparse FP32 vector peak,unresolved,unresolved,original_author_dataset,,,,,,,,unresolved,,No supported value found; retained as an explicit blank.
obs-transistors-million-cornell-intel-486-dx2-1992-03-01,cornell-intel-486-dx2-1992-03-01,486 DX2,Intel,historical processor dataset,cpu,cpu,1992-03-01,1992.166667,transistors_million,1.2,million transistors,device or multi-die package transistor count,direct,high,primary,,,,,,{},,eligible,https://github.com/cornell-brg/processor-trends/blob/main/data/processor-trends.csv#L13; https://github.com/cornell-brg/processor-trends,"Matched against the cleaned Cornell processor-trends source derived from and independently checked against the Stanford/Horowitz data. Copied from the Cornell normalized-performance field, which follows the Stanford cross-suite SPECint normalization method."
obs-frequency-ghz-cornell-intel-486-dx2-1992-03-01,cornell-intel-486-dx2-1992-03-01,486 DX2,Intel,historical processor dataset,cpu,cpu,1992-03-01,1992.166667,frequency_ghz,0.066,GHz,nominal/base clock unless source states otherwise,direct,high,primary,,,,,,{},,eligible,https://github.com/cornell-brg/processor-trends/blob/main/data/processor-trends.csv#L13; https://github.com/cornell-brg/processor-trends,"Matched against the cleaned Cornell processor-trends source derived from and independently checked against the Stanford/Horowitz data. Copied from the Cornell normalized-performance field, which follows the Stanford cross-suite SPECint normalization method."
obs-power-w-cornell-intel-486-dx2-1992-03-01,cornell-intel-486-dx2-1992-03-01,486 DX2,Intel,historical processor dataset,cpu,cpu,1992-03-01,1992.166667,power_w,5.8,W,CPU TDP,direct,high,primary,,,,,,{},,eligible,https://github.com/cornell-brg/processor-trends/blob/main/data/processor-trends.csv#L13; https://github.com/cornell-brg/processor-trends,"Matched against the cleaned Cornell processor-trends source derived from and independently checked against the Stanford/Horowitz data. Copied from the Cornell normalized-performance field, which follows the Stanford cross-suite SPECint normalization method."
obs-cpu-physical-cores-cornell-intel-486-dx2-1992-03-01,cornell-intel-486-dx2-1992-03-01,486 DX2,Intel,historical processor dataset,cpu,cpu,1992-03-01,1992.166667,cpu_physical_cores,1,physical cores,physical CPU cores,direct,high,primary,,,,,,{},,eligible,https://github.com/cornell-brg/processor-trends/blob/main/data/processor-trends.csv#L13; https://github.com/cornell-brg/processor-trends,"Matched against the cleaned Cornell processor-trends source derived from and independently checked against the Stanford/Horowitz data. Copied from the Cornell normalized-performance field, which follows the Stanford cross-suite SPECint normalization method."
obs-gpu-compute-units-cornell-intel-486-dx2-1992-03-01,cornell-intel-486-dx2-1992-03-01,486 DX2,Intel,historical processor dataset,cpu,cpu,1992-03-01,1992.166667,gpu_compute_units,,SMs / CUs / GPU cores,"vendor-native GPU unit count; SM, CU, or Apple GPU core",unresolved,unresolved,original_author_dataset,,,,,,,,not_applicable_cpu,,No supported value found; retained as an explicit blank.
obs-cpu-single-thread-normalized-cornell-intel-486-dx2-1992-03-01,cornell-intel-486-dx2-1992-03-01,486 DX2,Intel,historical processor dataset,cpu,cpu,1992-03-01,1992.166667,cpu_single_thread_normalized,0.050235,normalized single-core index (legacy SPEC scale),one-copy benchmark normalized by the documented suite-specific continuity rule,normalized,high,primary,,,Stanford/Cornell normalized SPECint2006-equivalent performance,,,{},,eligible,https://github.com/cornell-brg/processor-trends/blob/main/data/processor-trends.csv#L13; https://github.com/cornell-brg/processor-trends,"Matched against the cleaned Cornell processor-trends source derived from and independently checked against the Stanford/Horowitz data. Copied from the Cornell normalized-performance field, which follows the Stanford cross-suite SPECint normalization method."
obs-cpu-multicore-rate2000-int-base-cornell-intel-486-dx2-1992-03-01,cornell-intel-486-dx2-1992-03-01,486 DX2,Intel,historical processor dataset,cpu,cpu,1992-03-01,1992.166667,cpu_multicore_rate2000_int_base,,SPECint_rate_base2000 (one chip),measured integer throughput of one CPU package in a published system,unresolved,unresolved,original_author_dataset,,,,,,,,unresolved,,No supported value found; retained as an explicit blank.
obs-cpu-multicore-rate2006-int-base-cornell-intel-486-dx2-1992-03-01,cornell-intel-486-dx2-1992-03-01,486 DX2,Intel,historical processor dataset,cpu,cpu,1992-03-01,1992.166667,cpu_multicore_rate2006_int_base,,SPECint_rate_base2006 (one chip),measured integer throughput of one CPU package in a published system,unresolved,unresolved,original_author_dataset,,,,,,,,unresolved,,No supported value found; retained as an explicit blank.
obs-cpu-multicore-rate2017-int-base-cornell-intel-486-dx2-1992-03-01,cornell-intel-486-dx2-1992-03-01,486 DX2,Intel,historical processor dataset,cpu,cpu,1992-03-01,1992.166667,cpu_multicore_rate2017_int_base,,SPECrate2017_int_base (one chip),measured integer throughput of one CPU package in a published system,unresolved,unresolved,original_author_dataset,,,,,,,,unresolved,,No supported value found; retained as an explicit blank.
obs-cpu-multicore-index-cornell-intel-486-dx2-1992-03-01,cornell-intel-486-dx2-1992-03-01,486 DX2,Intel,historical processor dataset,cpu,cpu,1992-03-01,1992.166667,cpu_multicore_index,,estimated one-chip throughput index (2003=100),estimated integer-throughput index derived from a measured one-CPU-package SPEC rate,unresolved,unresolved,original_author_dataset,,,,,,,,unresolved,,No supported value found; retained as an explicit blank.
obs-fp32-dense-peak-gflops-cornell-intel-486-dx2-1992-03-01,cornell-intel-486-dx2-1992-03-01,486 DX2,Intel,historical processor dataset,cpu,cpu,1992-03-01,1992.166667,fp32_dense_peak_gflops,,GFLOP/s,dense non-tensor non-sparse FP32 vector peak,unresolved,unresolved,original_author_dataset,,,,,,,,unresolved,,No supported value found; retained as an explicit blank.
obs-transistors-million-cornell-mips-r4000-1992-06-01,cornell-mips-r4000-1992-06-01,R4000,Mips,historical processor dataset,cpu,cpu,1992-06-01,1992.416667,transistors_million,1.1,million transistors,device or multi-die package transistor count,direct,high,primary,,,,,,{},,eligible,https://github.com/cornell-brg/processor-trends/blob/main/data/processor-trends.csv#L14; https://github.com/cornell-brg/processor-trends,"Matched against the cleaned Cornell processor-trends source derived from and independently checked against the Stanford/Horowitz data. Copied from the Cornell normalized-performance field, which follows the Stanford cross-suite SPECint normalization method."
obs-frequency-ghz-cornell-mips-r4000-1992-06-01,cornell-mips-r4000-1992-06-01,R4000,Mips,historical processor dataset,cpu,cpu,1992-06-01,1992.416667,frequency_ghz,0.1,GHz,nominal/base clock unless source states otherwise,direct,high,primary,,,,,,{},,eligible,https://github.com/cornell-brg/processor-trends/blob/main/data/processor-trends.csv#L14; https://github.com/cornell-brg/processor-trends,"Matched against the cleaned Cornell processor-trends source derived from and independently checked against the Stanford/Horowitz data. Copied from the Cornell normalized-performance field, which follows the Stanford cross-suite SPECint normalization method."
obs-power-w-cornell-mips-r4000-1992-06-01,cornell-mips-r4000-1992-06-01,R4000,Mips,historical processor dataset,cpu,cpu,1992-06-01,1992.416667,power_w,15,W,CPU TDP,direct,high,primary,,,,,,{},,eligible,https://github.com/cornell-brg/processor-trends/blob/main/data/processor-trends.csv#L14; https://github.com/cornell-brg/processor-trends,"Matched against the cleaned Cornell processor-trends source derived from and independently checked against the Stanford/Horowitz data. Copied from the Cornell normalized-performance field, which follows the Stanford cross-suite SPECint normalization method."
obs-cpu-physical-cores-cornell-mips-r4000-1992-06-01,cornell-mips-r4000-1992-06-01,R4000,Mips,historical processor dataset,cpu,cpu,1992-06-01,1992.416667,cpu_physical_cores,1,physical cores,physical CPU cores,direct,high,primary,,,,,,{},,eligible,https://github.com/cornell-brg/processor-trends/blob/main/data/processor-trends.csv#L14; https://github.com/cornell-brg/processor-trends,"Matched against the cleaned Cornell processor-trends source derived from and independently checked against the Stanford/Horowitz data. Copied from the Cornell normalized-performance field, which follows the Stanford cross-suite SPECint normalization method."
obs-gpu-compute-units-cornell-mips-r4000-1992-06-01,cornell-mips-r4000-1992-06-01,R4000,Mips,historical processor dataset,cpu,cpu,1992-06-01,1992.416667,gpu_compute_units,,SMs / CUs / GPU cores,"vendor-native GPU unit count; SM, CU, or Apple GPU core",unresolved,unresolved,original_author_dataset,,,,,,,,not_applicable_cpu,,No supported value found; retained as an explicit blank.
obs-cpu-single-thread-normalized-cornell-mips-r4000-1992-06-01,cornell-mips-r4000-1992-06-01,R4000,Mips,historical processor dataset,cpu,cpu,1992-06-01,1992.416667,cpu_single_thread_normalized,0.099126,normalized single-core index (legacy SPEC scale),one-copy benchmark normalized by the documented suite-specific continuity rule,normalized,high,primary,,,Stanford/Cornell normalized SPECint2006-equivalent performance,,,{},,eligible,https://github.com/cornell-brg/processor-trends/blob/main/data/processor-trends.csv#L14; https://github.com/cornell-brg/processor-trends,"Matched against the cleaned Cornell processor-trends source derived from and independently checked against the Stanford/Horowitz data. Copied from the Cornell normalized-performance field, which follows the Stanford cross-suite SPECint normalization method."
obs-cpu-multicore-rate2000-int-base-cornell-mips-r4000-1992-06-01,cornell-mips-r4000-1992-06-01,R4000,Mips,historical processor dataset,cpu,cpu,1992-06-01,1992.416667,cpu_multicore_rate2000_int_base,,SPECint_rate_base2000 (one chip),measured integer throughput of one CPU package in a published system,unresolved,unresolved,original_author_dataset,,,,,,,,unresolved,,No supported value found; retained as an explicit blank.
obs-cpu-multicore-rate2006-int-base-cornell-mips-r4000-1992-06-01,cornell-mips-r4000-1992-06-01,R4000,Mips,historical processor dataset,cpu,cpu,1992-06-01,1992.416667,cpu_multicore_rate2006_int_base,,SPECint_rate_base2006 (one chip),measured integer throughput of one CPU package in a published system,unresolved,unresolved,original_author_dataset,,,,,,,,unresolved,,No supported value found; retained as an explicit blank.
obs-cpu-multicore-rate2017-int-base-cornell-mips-r4000-1992-06-01,cornell-mips-r4000-1992-06-01,R4000,Mips,historical processor dataset,cpu,cpu,1992-06-01,1992.416667,cpu_multicore_rate2017_int_base,,SPECrate2017_int_base (one chip),measured integer throughput of one CPU package in a published system,unresolved,unresolved,original_author_dataset,,,,,,,,unresolved,,No supported value found; retained as an explicit blank.
obs-cpu-multicore-index-cornell-mips-r4000-1992-06-01,cornell-mips-r4000-1992-06-01,R4000,Mips,historical processor dataset,cpu,cpu,1992-06-01,1992.416667,cpu_multicore_index,,estimated one-chip throughput index (2003=100),estimated integer-throughput index derived from a measured one-CPU-package SPEC rate,unresolved,unresolved,original_author_dataset,,,,,,,,unresolved,,No supported value found; retained as an explicit blank.
obs-fp32-dense-peak-gflops-cornell-mips-r4000-1992-06-01,cornell-mips-r4000-1992-06-01,R4000,Mips,historical processor dataset,cpu,cpu,1992-06-01,1992.416667,fp32_dense_peak_gflops,,GFLOP/s,dense non-tensor non-sparse FP32 vector peak,unresolved,unresolved,original_author_dataset,,,,,,,,unresolved,,No supported value found; retained as an explicit blank.
obs-transistors-million-cornell-sun-supersparc-1992-06-01,cornell-sun-supersparc-1992-06-01,SuperSparc,Sun,historical processor dataset,cpu,cpu,1992-06-01,1992.416667,transistors_million,3.1,million transistors,device or multi-die package transistor count,direct,high,primary,,,,,,{},,eligible,https://github.com/cornell-brg/processor-trends/blob/main/data/processor-trends.csv#L15; https://github.com/cornell-brg/processor-trends,"Matched against the cleaned Cornell processor-trends source derived from and independently checked against the Stanford/Horowitz data. Copied from the Cornell normalized-performance field, which follows the Stanford cross-suite SPECint normalization method."
obs-frequency-ghz-cornell-sun-supersparc-1992-06-01,cornell-sun-supersparc-1992-06-01,SuperSparc,Sun,historical processor dataset,cpu,cpu,1992-06-01,1992.416667,frequency_ghz,0.06,GHz,nominal/base clock unless source states otherwise,direct,high,primary,,,,,,{},,eligible,https://github.com/cornell-brg/processor-trends/blob/main/data/processor-trends.csv#L15; https://github.com/cornell-brg/processor-trends,"Matched against the cleaned Cornell processor-trends source derived from and independently checked against the Stanford/Horowitz data. Copied from the Cornell normalized-performance field, which follows the Stanford cross-suite SPECint normalization method."
obs-power-w-cornell-sun-supersparc-1992-06-01,cornell-sun-supersparc-1992-06-01,SuperSparc,Sun,historical processor dataset,cpu,cpu,1992-06-01,1992.416667,power_w,14.2,W,CPU TDP,direct,high,primary,,,,,,{},,eligible,https://github.com/cornell-brg/processor-trends/blob/main/data/processor-trends.csv#L15; https://github.com/cornell-brg/processor-trends,"Matched against the cleaned Cornell processor-trends source derived from and independently checked against the Stanford/Horowitz data. Copied from the Cornell normalized-performance field, which follows the Stanford cross-suite SPECint normalization method."
obs-cpu-physical-cores-cornell-sun-supersparc-1992-06-01,cornell-sun-supersparc-1992-06-01,SuperSparc,Sun,historical processor dataset,cpu,cpu,1992-06-01,1992.416667,cpu_physical_cores,1,physical cores,physical CPU cores,direct,high,primary,,,,,,{},,eligible,https://github.com/cornell-brg/processor-trends/blob/main/data/processor-trends.csv#L15; https://github.com/cornell-brg/processor-trends,"Matched against the cleaned Cornell processor-trends source derived from and independently checked against the Stanford/Horowitz data. Copied from the Cornell normalized-performance field, which follows the Stanford cross-suite SPECint normalization method."
obs-gpu-compute-units-cornell-sun-supersparc-1992-06-01,cornell-sun-supersparc-1992-06-01,SuperSparc,Sun,historical processor dataset,cpu,cpu,1992-06-01,1992.416667,gpu_compute_units,,SMs / CUs / GPU cores,"vendor-native GPU unit count; SM, CU, or Apple GPU core",unresolved,unresolved,original_author_dataset,,,,,,,,not_applicable_cpu,,No supported value found; retained as an explicit blank.
obs-cpu-single-thread-normalized-cornell-sun-supersparc-1992-06-01,cornell-sun-supersparc-1992-06-01,SuperSparc,Sun,historical processor dataset,cpu,cpu,1992-06-01,1992.416667,cpu_single_thread_normalized,0.149529,normalized single-core index (legacy SPEC scale),one-copy benchmark normalized by the documented suite-specific continuity rule,normalized,high,primary,,,Stanford/Cornell normalized SPECint2006-equivalent performance,,,{},,eligible,https://github.com/cornell-brg/processor-trends/blob/main/data/processor-trends.csv#L15; https://github.com/cornell-brg/processor-trends,"Matched against the cleaned Cornell processor-trends source derived from and independently checked against the Stanford/Horowitz data. Copied from the Cornell normalized-performance field, which follows the Stanford cross-suite SPECint normalization method."
obs-cpu-multicore-rate2000-int-base-cornell-sun-supersparc-1992-06-01,cornell-sun-supersparc-1992-06-01,SuperSparc,Sun,historical processor dataset,cpu,cpu,1992-06-01,1992.416667,cpu_multicore_rate2000_int_base,,SPECint_rate_base2000 (one chip),measured integer throughput of one CPU package in a published system,unresolved,unresolved,original_author_dataset,,,,,,,,unresolved,,No supported value found; retained as an explicit blank.
obs-cpu-multicore-rate2006-int-base-cornell-sun-supersparc-1992-06-01,cornell-sun-supersparc-1992-06-01,SuperSparc,Sun,historical processor dataset,cpu,cpu,1992-06-01,1992.416667,cpu_multicore_rate2006_int_base,,SPECint_rate_base2006 (one chip),measured integer throughput of one CPU package in a published system,unresolved,unresolved,original_author_dataset,,,,,,,,unresolved,,No supported value found; retained as an explicit blank.
obs-cpu-multicore-rate2017-int-base-cornell-sun-supersparc-1992-06-01,cornell-sun-supersparc-1992-06-01,SuperSparc,Sun,historical processor dataset,cpu,cpu,1992-06-01,1992.416667,cpu_multicore_rate2017_int_base,,SPECrate2017_int_base (one chip),measured integer throughput of one CPU package in a published system,unresolved,unresolved,original_author_dataset,,,,,,,,unresolved,,No supported value found; retained as an explicit blank.
obs-cpu-multicore-index-cornell-sun-supersparc-1992-06-01,cornell-sun-supersparc-1992-06-01,SuperSparc,Sun,historical processor dataset,cpu,cpu,1992-06-01,1992.416667,cpu_multicore_index,,estimated one-chip throughput index (2003=100),estimated integer-throughput index derived from a measured one-CPU-package SPEC rate,unresolved,unresolved,original_author_dataset,,,,,,,,unresolved,,No supported value found; retained as an explicit blank.
obs-fp32-dense-peak-gflops-cornell-sun-supersparc-1992-06-01,cornell-sun-supersparc-1992-06-01,SuperSparc,Sun,historical processor dataset,cpu,cpu,1992-06-01,1992.416667,fp32_dense_peak_gflops,,GFLOP/s,dense non-tensor non-sparse FP32 vector peak,unresolved,unresolved,original_author_dataset,,,,,,,,unresolved,,No supported value found; retained as an explicit blank.
obs-transistors-million-cornell-dec-alpha-21064-1992-10-01,cornell-dec-alpha-21064-1992-10-01,Alpha 21064,DEC,historical processor dataset,cpu,cpu,1992-10-01,1992.750000,transistors_million,1.7,million transistors,device or multi-die package transistor count,direct,high,primary,,,,,,{},,eligible,https://github.com/cornell-brg/processor-trends/blob/main/data/processor-trends.csv#L16; https://github.com/cornell-brg/processor-trends,"Matched against the cleaned Cornell processor-trends source derived from and independently checked against the Stanford/Horowitz data. Copied from the Cornell normalized-performance field, which follows the Stanford cross-suite SPECint normalization method."
obs-frequency-ghz-cornell-dec-alpha-21064-1992-10-01,cornell-dec-alpha-21064-1992-10-01,Alpha 21064,DEC,historical processor dataset,cpu,cpu,1992-10-01,1992.750000,frequency_ghz,0.2,GHz,nominal/base clock unless source states otherwise,direct,high,primary,,,,,,{},,eligible,https://github.com/cornell-brg/processor-trends/blob/main/data/processor-trends.csv#L16; https://github.com/cornell-brg/processor-trends,"Matched against the cleaned Cornell processor-trends source derived from and independently checked against the Stanford/Horowitz data. Copied from the Cornell normalized-performance field, which follows the Stanford cross-suite SPECint normalization method."
obs-power-w-cornell-dec-alpha-21064-1992-10-01,cornell-dec-alpha-21064-1992-10-01,Alpha 21064,DEC,historical processor dataset,cpu,cpu,1992-10-01,1992.750000,power_w,35,W,CPU TDP,direct,high,primary,,,,,,{},,eligible,https://github.com/cornell-brg/processor-trends/blob/main/data/processor-trends.csv#L16; https://github.com/cornell-brg/processor-trends,"Matched against the cleaned Cornell processor-trends source derived from and independently checked against the Stanford/Horowitz data. Copied from the Cornell normalized-performance field, which follows the Stanford cross-suite SPECint normalization method."
obs-cpu-physical-cores-cornell-dec-alpha-21064-1992-10-01,cornell-dec-alpha-21064-1992-10-01,Alpha 21064,DEC,historical processor dataset,cpu,cpu,1992-10-01,1992.750000,cpu_physical_cores,1,physical cores,physical CPU cores,direct,high,primary,,,,,,{},,eligible,https://github.com/cornell-brg/processor-trends/blob/main/data/processor-trends.csv#L16; https://github.com/cornell-brg/processor-trends,"Matched against the cleaned Cornell processor-trends source derived from and independently checked against the Stanford/Horowitz data. Copied from the Cornell normalized-performance field, which follows the Stanford cross-suite SPECint normalization method."
obs-gpu-compute-units-cornell-dec-alpha-21064-1992-10-01,cornell-dec-alpha-21064-1992-10-01,Alpha 21064,DEC,historical processor dataset,cpu,cpu,1992-10-01,1992.750000,gpu_compute_units,,SMs / CUs / GPU cores,"vendor-native GPU unit count; SM, CU, or Apple GPU core",unresolved,unresolved,original_author_dataset,,,,,,,,not_applicable_cpu,,No supported value found; retained as an explicit blank.
obs-cpu-single-thread-normalized-cornell-dec-alpha-21064-1992-10-01,cornell-dec-alpha-21064-1992-10-01,Alpha 21064,DEC,historical processor dataset,cpu,cpu,1992-10-01,1992.750000,cpu_single_thread_normalized,0.178931,normalized single-core index (legacy SPEC scale),one-copy benchmark normalized by the documented suite-specific continuity rule,normalized,high,primary,,,Stanford/Cornell normalized SPECint2006-equivalent performance,,,{},,eligible,https://github.com/cornell-brg/processor-trends/blob/main/data/processor-trends.csv#L16; https://github.com/cornell-brg/processor-trends,"Matched against the cleaned Cornell processor-trends source derived from and independently checked against the Stanford/Horowitz data. Copied from the Cornell normalized-performance field, which follows the Stanford cross-suite SPECint normalization method."
obs-cpu-multicore-rate2000-int-base-cornell-dec-alpha-21064-1992-10-01,cornell-dec-alpha-21064-1992-10-01,Alpha 21064,DEC,historical processor dataset,cpu,cpu,1992-10-01,1992.750000,cpu_multicore_rate2000_int_base,,SPECint_rate_base2000 (one chip),measured integer throughput of one CPU package in a published system,unresolved,unresolved,original_author_dataset,,,,,,,,unresolved,,No supported value found; retained as an explicit blank.
obs-cpu-multicore-rate2006-int-base-cornell-dec-alpha-21064-1992-10-01,cornell-dec-alpha-21064-1992-10-01,Alpha 21064,DEC,historical processor dataset,cpu,cpu,1992-10-01,1992.750000,cpu_multicore_rate2006_int_base,,SPECint_rate_base2006 (one chip),measured integer throughput of one CPU package in a published system,unresolved,unresolved,original_author_dataset,,,,,,,,unresolved,,No supported value found; retained as an explicit blank.
obs-cpu-multicore-rate2017-int-base-cornell-dec-alpha-21064-1992-10-01,cornell-dec-alpha-21064-1992-10-01,Alpha 21064,DEC,historical processor dataset,cpu,cpu,1992-10-01,1992.750000,cpu_multicore_rate2017_int_base,,SPECrate2017_int_base (one chip),measured integer throughput of one CPU package in a published system,unresolved,unresolved,original_author_dataset,,,,,,,,unresolved,,No supported value found; retained as an explicit blank.
obs-cpu-multicore-index-cornell-dec-alpha-21064-1992-10-01,cornell-dec-alpha-21064-1992-10-01,Alpha 21064,DEC,historical processor dataset,cpu,cpu,1992-10-01,1992.750000,cpu_multicore_index,,estimated one-chip throughput index (2003=100),estimated integer-throughput index derived from a measured one-CPU-package SPEC rate,unresolved,unresolved,original_author_dataset,,,,,,,,unresolved,,No supported value found; retained as an explicit blank.
obs-fp32-dense-peak-gflops-cornell-dec-alpha-21064-1992-10-01,cornell-dec-alpha-21064-1992-10-01,Alpha 21064,DEC,historical processor dataset,cpu,cpu,1992-10-01,1992.750000,fp32_dense_peak_gflops,,GFLOP/s,dense non-tensor non-sparse FP32 vector peak,unresolved,unresolved,original_author_dataset,,,,,,,,unresolved,,No supported value found; retained as an explicit blank.
obs-transistors-million-cornell-amd-am486-1993-03-01,cornell-amd-am486-1993-03-01,Am486,AMD,historical processor dataset,cpu,cpu,1993-03-01,1993.166667,transistors_million,0.93,million transistors,device or multi-die package transistor count,direct,high,primary,,,,,,{},,eligible,https://github.com/cornell-brg/processor-trends/blob/main/data/processor-trends.csv#L17; https://github.com/cornell-brg/processor-trends; https://www.cecs.uci.edu/~papers/mpr/MPR/ARTICLES/061302.pdf,Matched against the cleaned Cornell processor-trends source derived from and independently checked against the Stanford/Horowitz data. The source identifies only the Am486 family at 40 MHz. Published SPECint92 material does not identify a sufficiently specific AMD model and system configuration for a defensible assignment.
obs-frequency-ghz-cornell-amd-am486-1993-03-01,cornell-amd-am486-1993-03-01,Am486,AMD,historical processor dataset,cpu,cpu,1993-03-01,1993.166667,frequency_ghz,0.04,GHz,nominal/base clock unless source states otherwise,direct,high,primary,,,,,,{},,eligible,https://github.com/cornell-brg/processor-trends/blob/main/data/processor-trends.csv#L17; https://github.com/cornell-brg/processor-trends; https://www.cecs.uci.edu/~papers/mpr/MPR/ARTICLES/061302.pdf,Matched against the cleaned Cornell processor-trends source derived from and independently checked against the Stanford/Horowitz data. The source identifies only the Am486 family at 40 MHz. Published SPECint92 material does not identify a sufficiently specific AMD model and system configuration for a defensible assignment.
obs-power-w-cornell-amd-am486-1993-03-01,cornell-amd-am486-1993-03-01,Am486,AMD,historical processor dataset,cpu,cpu,1993-03-01,1993.166667,power_w,3,W,CPU TDP,direct,high,primary,,,,,,{},,eligible,https://github.com/cornell-brg/processor-trends/blob/main/data/processor-trends.csv#L17; https://github.com/cornell-brg/processor-trends; https://www.cecs.uci.edu/~papers/mpr/MPR/ARTICLES/061302.pdf,Matched against the cleaned Cornell processor-trends source derived from and independently checked against the Stanford/Horowitz data. The source identifies only the Am486 family at 40 MHz. Published SPECint92 material does not identify a sufficiently specific AMD model and system configuration for a defensible assignment.
obs-cpu-physical-cores-cornell-amd-am486-1993-03-01,cornell-amd-am486-1993-03-01,Am486,AMD,historical processor dataset,cpu,cpu,1993-03-01,1993.166667,cpu_physical_cores,1,physical cores,physical CPU cores,direct,high,primary,,,,,,{},,eligible,https://github.com/cornell-brg/processor-trends/blob/main/data/processor-trends.csv#L17; https://github.com/cornell-brg/processor-trends; https://www.cecs.uci.edu/~papers/mpr/MPR/ARTICLES/061302.pdf,Matched against the cleaned Cornell processor-trends source derived from and independently checked against the Stanford/Horowitz data. The source identifies only the Am486 family at 40 MHz. Published SPECint92 material does not identify a sufficiently specific AMD model and system configuration for a defensible assignment.
obs-gpu-compute-units-cornell-amd-am486-1993-03-01,cornell-amd-am486-1993-03-01,Am486,AMD,historical processor dataset,cpu,cpu,1993-03-01,1993.166667,gpu_compute_units,,SMs / CUs / GPU cores,"vendor-native GPU unit count; SM, CU, or Apple GPU core",unresolved,unresolved,original_author_dataset,,,,,,,,not_applicable_cpu,,No supported value found; retained as an explicit blank.
obs-cpu-single-thread-normalized-cornell-amd-am486-1993-03-01,cornell-amd-am486-1993-03-01,Am486,AMD,historical processor dataset,cpu,cpu,1993-03-01,1993.166667,cpu_single_thread_normalized,,normalized single-core index (legacy SPEC scale),one-copy benchmark normalized by the documented suite-specific continuity rule,unresolved,unresolved,original_author_dataset,,,,,,,,unresolved,,No supported value found; retained as an explicit blank.
obs-cpu-multicore-rate2000-int-base-cornell-amd-am486-1993-03-01,cornell-amd-am486-1993-03-01,Am486,AMD,historical processor dataset,cpu,cpu,1993-03-01,1993.166667,cpu_multicore_rate2000_int_base,,SPECint_rate_base2000 (one chip),measured integer throughput of one CPU package in a published system,unresolved,unresolved,original_author_dataset,,,,,,,,unresolved,,No supported value found; retained as an explicit blank.
obs-cpu-multicore-rate2006-int-base-cornell-amd-am486-1993-03-01,cornell-amd-am486-1993-03-01,Am486,AMD,historical processor dataset,cpu,cpu,1993-03-01,1993.166667,cpu_multicore_rate2006_int_base,,SPECint_rate_base2006 (one chip),measured integer throughput of one CPU package in a published system,unresolved,unresolved,original_author_dataset,,,,,,,,unresolved,,No supported value found; retained as an explicit blank.
obs-cpu-multicore-rate2017-int-base-cornell-amd-am486-1993-03-01,cornell-amd-am486-1993-03-01,Am486,AMD,historical processor dataset,cpu,cpu,1993-03-01,1993.166667,cpu_multicore_rate2017_int_base,,SPECrate2017_int_base (one chip),measured integer throughput of one CPU package in a published system,unresolved,unresolved,original_author_dataset,,,,,,,,unresolved,,No supported value found; retained as an explicit blank.
obs-cpu-multicore-index-cornell-amd-am486-1993-03-01,cornell-amd-am486-1993-03-01,Am486,AMD,historical processor dataset,cpu,cpu,1993-03-01,1993.166667,cpu_multicore_index,,estimated one-chip throughput index (2003=100),estimated integer-throughput index derived from a measured one-CPU-package SPEC rate,unresolved,unresolved,original_author_dataset,,,,,,,,unresolved,,No supported value found; retained as an explicit blank.
obs-fp32-dense-peak-gflops-cornell-amd-am486-1993-03-01,cornell-amd-am486-1993-03-01,Am486,AMD,historical processor dataset,cpu,cpu,1993-03-01,1993.166667,fp32_dense_peak_gflops,,GFLOP/s,dense non-tensor non-sparse FP32 vector peak,unresolved,unresolved,original_author_dataset,,,,,,,,unresolved,,No supported value found; retained as an explicit blank.
obs-transistors-million-cornell-intel-pentium-1993-03-01,cornell-intel-pentium-1993-03-01,Pentium,Intel,historical processor dataset,cpu,cpu,1993-03-01,1993.166667,transistors_million,3.1,million transistors,device or multi-die package transistor count,direct,high,primary,,,,,,{},,eligible,https://github.com/cornell-brg/processor-trends/blob/main/data/processor-trends.csv#L18; https://github.com/cornell-brg/processor-trends,"Matched against the cleaned Cornell processor-trends source derived from and independently checked against the Stanford/Horowitz data. Copied from the Cornell normalized-performance field, which follows the Stanford cross-suite SPECint normalization method."
obs-frequency-ghz-cornell-intel-pentium-1993-03-01,cornell-intel-pentium-1993-03-01,Pentium,Intel,historical processor dataset,cpu,cpu,1993-03-01,1993.166667,frequency_ghz,0.066,GHz,nominal/base clock unless source states otherwise,direct,high,primary,,,,,,{},,eligible,https://github.com/cornell-brg/processor-trends/blob/main/data/processor-trends.csv#L18; https://github.com/cornell-brg/processor-trends,"Matched against the cleaned Cornell processor-trends source derived from and independently checked against the Stanford/Horowitz data. Copied from the Cornell normalized-performance field, which follows the Stanford cross-suite SPECint normalization method."
obs-power-w-cornell-intel-pentium-1993-03-01,cornell-intel-pentium-1993-03-01,Pentium,Intel,historical processor dataset,cpu,cpu,1993-03-01,1993.166667,power_w,13,W,CPU TDP,direct,high,primary,,,,,,{},,eligible,https://github.com/cornell-brg/processor-trends/blob/main/data/processor-trends.csv#L18; https://github.com/cornell-brg/processor-trends,"Matched against the cleaned Cornell processor-trends source derived from and independently checked against the Stanford/Horowitz data. Copied from the Cornell normalized-performance field, which follows the Stanford cross-suite SPECint normalization method."
obs-cpu-physical-cores-cornell-intel-pentium-1993-03-01,cornell-intel-pentium-1993-03-01,Pentium,Intel,historical processor dataset,cpu,cpu,1993-03-01,1993.166667,cpu_physical_cores,1,physical cores,physical CPU cores,direct,high,primary,,,,,,{},,eligible,https://github.com/cornell-brg/processor-trends/blob/main/data/processor-trends.csv#L18; https://github.com/cornell-brg/processor-trends,"Matched against the cleaned Cornell processor-trends source derived from and independently checked against the Stanford/Horowitz data. Copied from the Cornell normalized-performance field, which follows the Stanford cross-suite SPECint normalization method."
obs-gpu-compute-units-cornell-intel-pentium-1993-03-01,cornell-intel-pentium-1993-03-01,Pentium,Intel,historical processor dataset,cpu,cpu,1993-03-01,1993.166667,gpu_compute_units,,SMs / CUs / GPU cores,"vendor-native GPU unit count; SM, CU, or Apple GPU core",unresolved,unresolved,original_author_dataset,,,,,,,,not_applicable_cpu,,No supported value found; retained as an explicit blank.
obs-cpu-single-thread-normalized-cornell-intel-pentium-1993-03-01,cornell-intel-pentium-1993-03-01,Pentium,Intel,historical processor dataset,cpu,cpu,1993-03-01,1993.166667,cpu_single_thread_normalized,0.13088,normalized single-core index (legacy SPEC scale),one-copy benchmark normalized by the documented suite-specific continuity rule,normalized,high,primary,,,Stanford/Cornell normalized SPECint2006-equivalent performance,,,{},,eligible,https://github.com/cornell-brg/processor-trends/blob/main/data/processor-trends.csv#L18; https://github.com/cornell-brg/processor-trends,"Matched against the cleaned Cornell processor-trends source derived from and independently checked against the Stanford/Horowitz data. Copied from the Cornell normalized-performance field, which follows the Stanford cross-suite SPECint normalization method."
obs-cpu-multicore-rate2000-int-base-cornell-intel-pentium-1993-03-01,cornell-intel-pentium-1993-03-01,Pentium,Intel,historical processor dataset,cpu,cpu,1993-03-01,1993.166667,cpu_multicore_rate2000_int_base,,SPECint_rate_base2000 (one chip),measured integer throughput of one CPU package in a published system,unresolved,unresolved,original_author_dataset,,,,,,,,unresolved,,No supported value found; retained as an explicit blank.
obs-cpu-multicore-rate2006-int-base-cornell-intel-pentium-1993-03-01,cornell-intel-pentium-1993-03-01,Pentium,Intel,historical processor dataset,cpu,cpu,1993-03-01,1993.166667,cpu_multicore_rate2006_int_base,,SPECint_rate_base2006 (one chip),measured integer throughput of one CPU package in a published system,unresolved,unresolved,original_author_dataset,,,,,,,,unresolved,,No supported value found; retained as an explicit blank.
obs-cpu-multicore-rate2017-int-base-cornell-intel-pentium-1993-03-01,cornell-intel-pentium-1993-03-01,Pentium,Intel,historical processor dataset,cpu,cpu,1993-03-01,1993.166667,cpu_multicore_rate2017_int_base,,SPECrate2017_int_base (one chip),measured integer throughput of one CPU package in a published system,unresolved,unresolved,original_author_dataset,,,,,,,,unresolved,,No supported value found; retained as an explicit blank.
obs-cpu-multicore-index-cornell-intel-pentium-1993-03-01,cornell-intel-pentium-1993-03-01,Pentium,Intel,historical processor dataset,cpu,cpu,1993-03-01,1993.166667,cpu_multicore_index,,estimated one-chip throughput index (2003=100),estimated integer-throughput index derived from a measured one-CPU-package SPEC rate,unresolved,unresolved,original_author_dataset,,,,,,,,unresolved,,No supported value found; retained as an explicit blank.
obs-fp32-dense-peak-gflops-cornell-intel-pentium-1993-03-01,cornell-intel-pentium-1993-03-01,Pentium,Intel,historical processor dataset,cpu,cpu,1993-03-01,1993.166667,fp32_dense_peak_gflops,,GFLOP/s,dense non-tensor non-sparse FP32 vector peak,unresolved,unresolved,original_author_dataset,,,,,,,,unresolved,,No supported value found; retained as an explicit blank.
obs-transistors-million-cornell-dec-alpha-21064a-1994-06-01,cornell-dec-alpha-21064a-1994-06-01,Alpha 21064A,DEC,historical processor dataset,cpu,cpu,1994-06-01,1994.416667,transistors_million,2.8,million transistors,device or multi-die package transistor count,direct,high,primary,,,,,,{},,eligible,https://github.com/cornell-brg/processor-trends/blob/main/data/processor-trends.csv#L20; https://github.com/cornell-brg/processor-trends,"Matched against the cleaned Cornell processor-trends source derived from and independently checked against the Stanford/Horowitz data. Copied from the Cornell normalized-performance field, which follows the Stanford cross-suite SPECint normalization method."
obs-frequency-ghz-cornell-dec-alpha-21064a-1994-06-01,cornell-dec-alpha-21064a-1994-06-01,Alpha 21064A,DEC,historical processor dataset,cpu,cpu,1994-06-01,1994.416667,frequency_ghz,0.3,GHz,nominal/base clock unless source states otherwise,direct,high,primary,,,,,,{},,eligible,https://github.com/cornell-brg/processor-trends/blob/main/data/processor-trends.csv#L20; https://github.com/cornell-brg/processor-trends,"Matched against the cleaned Cornell processor-trends source derived from and independently checked against the Stanford/Horowitz data. Copied from the Cornell normalized-performance field, which follows the Stanford cross-suite SPECint normalization method."
obs-power-w-cornell-dec-alpha-21064a-1994-06-01,cornell-dec-alpha-21064a-1994-06-01,Alpha 21064A,DEC,historical processor dataset,cpu,cpu,1994-06-01,1994.416667,power_w,28,W,CPU TDP,direct,high,primary,,,,,,{},,eligible,https://github.com/cornell-brg/processor-trends/blob/main/data/processor-trends.csv#L20; https://github.com/cornell-brg/processor-trends,"Matched against the cleaned Cornell processor-trends source derived from and independently checked against the Stanford/Horowitz data. Copied from the Cornell normalized-performance field, which follows the Stanford cross-suite SPECint normalization method."
obs-cpu-physical-cores-cornell-dec-alpha-21064a-1994-06-01,cornell-dec-alpha-21064a-1994-06-01,Alpha 21064A,DEC,historical processor dataset,cpu,cpu,1994-06-01,1994.416667,cpu_physical_cores,1,physical cores,physical CPU cores,direct,high,primary,,,,,,{},,eligible,https://github.com/cornell-brg/processor-trends/blob/main/data/processor-trends.csv#L20; https://github.com/cornell-brg/processor-trends,"Matched against the cleaned Cornell processor-trends source derived from and independently checked against the Stanford/Horowitz data. Copied from the Cornell normalized-performance field, which follows the Stanford cross-suite SPECint normalization method."
obs-gpu-compute-units-cornell-dec-alpha-21064a-1994-06-01,cornell-dec-alpha-21064a-1994-06-01,Alpha 21064A,DEC,historical processor dataset,cpu,cpu,1994-06-01,1994.416667,gpu_compute_units,,SMs / CUs / GPU cores,"vendor-native GPU unit count; SM, CU, or Apple GPU core",unresolved,unresolved,original_author_dataset,,,,,,,,not_applicable_cpu,,No supported value found; retained as an explicit blank.
obs-cpu-single-thread-normalized-cornell-dec-alpha-21064a-1994-06-01,cornell-dec-alpha-21064a-1994-06-01,Alpha 21064A,DEC,historical processor dataset,cpu,cpu,1994-06-01,1994.416667,cpu_single_thread_normalized,0.338541,normalized single-core index (legacy SPEC scale),one-copy benchmark normalized by the documented suite-specific continuity rule,normalized,high,primary,,,Stanford/Cornell normalized SPECint2006-equivalent performance,,,{},,eligible,https://github.com/cornell-brg/processor-trends/blob/main/data/processor-trends.csv#L20; https://github.com/cornell-brg/processor-trends,"Matched against the cleaned Cornell processor-trends source derived from and independently checked against the Stanford/Horowitz data. Copied from the Cornell normalized-performance field, which follows the Stanford cross-suite SPECint normalization method."
obs-cpu-multicore-rate2000-int-base-cornell-dec-alpha-21064a-1994-06-01,cornell-dec-alpha-21064a-1994-06-01,Alpha 21064A,DEC,historical processor dataset,cpu,cpu,1994-06-01,1994.416667,cpu_multicore_rate2000_int_base,,SPECint_rate_base2000 (one chip),measured integer throughput of one CPU package in a published system,unresolved,unresolved,original_author_dataset,,,,,,,,unresolved,,No supported value found; retained as an explicit blank.
obs-cpu-multicore-rate2006-int-base-cornell-dec-alpha-21064a-1994-06-01,cornell-dec-alpha-21064a-1994-06-01,Alpha 21064A,DEC,historical processor dataset,cpu,cpu,1994-06-01,1994.416667,cpu_multicore_rate2006_int_base,,SPECint_rate_base2006 (one chip),measured integer throughput of one CPU package in a published system,unresolved,unresolved,original_author_dataset,,,,,,,,unresolved,,No supported value found; retained as an explicit blank.
obs-cpu-multicore-rate2017-int-base-cornell-dec-alpha-21064a-1994-06-01,cornell-dec-alpha-21064a-1994-06-01,Alpha 21064A,DEC,historical processor dataset,cpu,cpu,1994-06-01,1994.416667,cpu_multicore_rate2017_int_base,,SPECrate2017_int_base (one chip),measured integer throughput of one CPU package in a published system,unresolved,unresolved,original_author_dataset,,,,,,,,unresolved,,No supported value found; retained as an explicit blank.
obs-cpu-multicore-index-cornell-dec-alpha-21064a-1994-06-01,cornell-dec-alpha-21064a-1994-06-01,Alpha 21064A,DEC,historical processor dataset,cpu,cpu,1994-06-01,1994.416667,cpu_multicore_index,,estimated one-chip throughput index (2003=100),estimated integer-throughput index derived from a measured one-CPU-package SPEC rate,unresolved,unresolved,original_author_dataset,,,,,,,,unresolved,,No supported value found; retained as an explicit blank.
obs-fp32-dense-peak-gflops-cornell-dec-alpha-21064a-1994-06-01,cornell-dec-alpha-21064a-1994-06-01,Alpha 21064A,DEC,historical processor dataset,cpu,cpu,1994-06-01,1994.416667,fp32_dense_peak_gflops,,GFLOP/s,dense non-tensor non-sparse FP32 vector peak,unresolved,unresolved,original_author_dataset,,,,,,,,unresolved,,No supported value found; retained as an explicit blank.
obs-transistors-million-cornell-mips-r4600-1994-06-01,cornell-mips-r4600-1994-06-01,R4600,Mips,historical processor dataset,cpu,cpu,1994-06-01,1994.416667,transistors_million,1.9,million transistors,device or multi-die package transistor count,direct,high,primary,,,,,,{},,eligible,https://github.com/cornell-brg/processor-trends/blob/main/data/processor-trends.csv#L19; https://github.com/cornell-brg/processor-trends,"Matched against the cleaned Cornell processor-trends source derived from and independently checked against the Stanford/Horowitz data. Copied from the Cornell normalized-performance field, which follows the Stanford cross-suite SPECint normalization method."
obs-frequency-ghz-cornell-mips-r4600-1994-06-01,cornell-mips-r4600-1994-06-01,R4600,Mips,historical processor dataset,cpu,cpu,1994-06-01,1994.416667,frequency_ghz,0.15,GHz,nominal/base clock unless source states otherwise,direct,high,primary,,,,,,{},,eligible,https://github.com/cornell-brg/processor-trends/blob/main/data/processor-trends.csv#L19; https://github.com/cornell-brg/processor-trends,"Matched against the cleaned Cornell processor-trends source derived from and independently checked against the Stanford/Horowitz data. Copied from the Cornell normalized-performance field, which follows the Stanford cross-suite SPECint normalization method."
obs-power-w-cornell-mips-r4600-1994-06-01,cornell-mips-r4600-1994-06-01,R4600,Mips,historical processor dataset,cpu,cpu,1994-06-01,1994.416667,power_w,3,W,CPU TDP,direct,high,primary,,,,,,{},,eligible,https://github.com/cornell-brg/processor-trends/blob/main/data/processor-trends.csv#L19; https://github.com/cornell-brg/processor-trends,"Matched against the cleaned Cornell processor-trends source derived from and independently checked against the Stanford/Horowitz data. Copied from the Cornell normalized-performance field, which follows the Stanford cross-suite SPECint normalization method."
obs-cpu-physical-cores-cornell-mips-r4600-1994-06-01,cornell-mips-r4600-1994-06-01,R4600,Mips,historical processor dataset,cpu,cpu,1994-06-01,1994.416667,cpu_physical_cores,1,physical cores,physical CPU cores,direct,high,primary,,,,,,{},,eligible,https://github.com/cornell-brg/processor-trends/blob/main/data/processor-trends.csv#L19; https://github.com/cornell-brg/processor-trends,"Matched against the cleaned Cornell processor-trends source derived from and independently checked against the Stanford/Horowitz data. Copied from the Cornell normalized-performance field, which follows the Stanford cross-suite SPECint normalization method."
obs-gpu-compute-units-cornell-mips-r4600-1994-06-01,cornell-mips-r4600-1994-06-01,R4600,Mips,historical processor dataset,cpu,cpu,1994-06-01,1994.416667,gpu_compute_units,,SMs / CUs / GPU cores,"vendor-native GPU unit count; SM, CU, or Apple GPU core",unresolved,unresolved,original_author_dataset,,,,,,,,not_applicable_cpu,,No supported value found; retained as an explicit blank.
obs-cpu-single-thread-normalized-cornell-mips-r4600-1994-06-01,cornell-mips-r4600-1994-06-01,R4600,Mips,historical processor dataset,cpu,cpu,1994-06-01,1994.416667,cpu_single_thread_normalized,0.191532,normalized single-core index (legacy SPEC scale),one-copy benchmark normalized by the documented suite-specific continuity rule,normalized,high,primary,,,Stanford/Cornell normalized SPECint2006-equivalent performance,,,{},,eligible,https://github.com/cornell-brg/processor-trends/blob/main/data/processor-trends.csv#L19; https://github.com/cornell-brg/processor-trends,"Matched against the cleaned Cornell processor-trends source derived from and independently checked against the Stanford/Horowitz data. Copied from the Cornell normalized-performance field, which follows the Stanford cross-suite SPECint normalization method."
obs-cpu-multicore-rate2000-int-base-cornell-mips-r4600-1994-06-01,cornell-mips-r4600-1994-06-01,R4600,Mips,historical processor dataset,cpu,cpu,1994-06-01,1994.416667,cpu_multicore_rate2000_int_base,,SPECint_rate_base2000 (one chip),measured integer throughput of one CPU package in a published system,unresolved,unresolved,original_author_dataset,,,,,,,,unresolved,,No supported value found; retained as an explicit blank.
obs-cpu-multicore-rate2006-int-base-cornell-mips-r4600-1994-06-01,cornell-mips-r4600-1994-06-01,R4600,Mips,historical processor dataset,cpu,cpu,1994-06-01,1994.416667,cpu_multicore_rate2006_int_base,,SPECint_rate_base2006 (one chip),measured integer throughput of one CPU package in a published system,unresolved,unresolved,original_author_dataset,,,,,,,,unresolved,,No supported value found; retained as an explicit blank.
obs-cpu-multicore-rate2017-int-base-cornell-mips-r4600-1994-06-01,cornell-mips-r4600-1994-06-01,R4600,Mips,historical processor dataset,cpu,cpu,1994-06-01,1994.416667,cpu_multicore_rate2017_int_base,,SPECrate2017_int_base (one chip),measured integer throughput of one CPU package in a published system,unresolved,unresolved,original_author_dataset,,,,,,,,unresolved,,No supported value found; retained as an explicit blank.
obs-cpu-multicore-index-cornell-mips-r4600-1994-06-01,cornell-mips-r4600-1994-06-01,R4600,Mips,historical processor dataset,cpu,cpu,1994-06-01,1994.416667,cpu_multicore_index,,estimated one-chip throughput index (2003=100),estimated integer-throughput index derived from a measured one-CPU-package SPEC rate,unresolved,unresolved,original_author_dataset,,,,,,,,unresolved,,No supported value found; retained as an explicit blank.
obs-fp32-dense-peak-gflops-cornell-mips-r4600-1994-06-01,cornell-mips-r4600-1994-06-01,R4600,Mips,historical processor dataset,cpu,cpu,1994-06-01,1994.416667,fp32_dense_peak_gflops,,GFLOP/s,dense non-tensor non-sparse FP32 vector peak,unresolved,unresolved,original_author_dataset,,,,,,,,unresolved,,No supported value found; retained as an explicit blank.
obs-transistors-million-cornell-dec-alpha-21164-1995-03-01,cornell-dec-alpha-21164-1995-03-01,Alpha 21164,DEC,historical processor dataset,cpu,cpu,1995-03-01,1995.166667,transistors_million,9.67,million transistors,device or multi-die package transistor count,direct,high,primary,,,,,,{},,eligible,https://github.com/cornell-brg/processor-trends/blob/main/data/processor-trends.csv#L21; https://github.com/cornell-brg/processor-trends,"Matched against the cleaned Cornell processor-trends source derived from and independently checked against the Stanford/Horowitz data. Copied from the Cornell normalized-performance field, which follows the Stanford cross-suite SPECint normalization method."
obs-frequency-ghz-cornell-dec-alpha-21164-1995-03-01,cornell-dec-alpha-21164-1995-03-01,Alpha 21164,DEC,historical processor dataset,cpu,cpu,1995-03-01,1995.166667,frequency_ghz,0.3,GHz,nominal/base clock unless source states otherwise,direct,high,primary,,,,,,{},,eligible,https://github.com/cornell-brg/processor-trends/blob/main/data/processor-trends.csv#L21; https://github.com/cornell-brg/processor-trends,"Matched against the cleaned Cornell processor-trends source derived from and independently checked against the Stanford/Horowitz data. Copied from the Cornell normalized-performance field, which follows the Stanford cross-suite SPECint normalization method."
obs-power-w-cornell-dec-alpha-21164-1995-03-01,cornell-dec-alpha-21164-1995-03-01,Alpha 21164,DEC,historical processor dataset,cpu,cpu,1995-03-01,1995.166667,power_w,50,W,CPU TDP,direct,high,primary,,,,,,{},,eligible,https://github.com/cornell-brg/processor-trends/blob/main/data/processor-trends.csv#L21; https://github.com/cornell-brg/processor-trends,"Matched against the cleaned Cornell processor-trends source derived from and independently checked against the Stanford/Horowitz data. Copied from the Cornell normalized-performance field, which follows the Stanford cross-suite SPECint normalization method."
obs-cpu-physical-cores-cornell-dec-alpha-21164-1995-03-01,cornell-dec-alpha-21164-1995-03-01,Alpha 21164,DEC,historical processor dataset,cpu,cpu,1995-03-01,1995.166667,cpu_physical_cores,1,physical cores,physical CPU cores,direct,high,primary,,,,,,{},,eligible,https://github.com/cornell-brg/processor-trends/blob/main/data/processor-trends.csv#L21; https://github.com/cornell-brg/processor-trends,"Matched against the cleaned Cornell processor-trends source derived from and independently checked against the Stanford/Horowitz data. Copied from the Cornell normalized-performance field, which follows the Stanford cross-suite SPECint normalization method."
obs-gpu-compute-units-cornell-dec-alpha-21164-1995-03-01,cornell-dec-alpha-21164-1995-03-01,Alpha 21164,DEC,historical processor dataset,cpu,cpu,1995-03-01,1995.166667,gpu_compute_units,,SMs / CUs / GPU cores,"vendor-native GPU unit count; SM, CU, or Apple GPU core",unresolved,unresolved,original_author_dataset,,,,,,,,not_applicable_cpu,,No supported value found; retained as an explicit blank.
obs-cpu-single-thread-normalized-cornell-dec-alpha-21164-1995-03-01,cornell-dec-alpha-21164-1995-03-01,Alpha 21164,DEC,historical processor dataset,cpu,cpu,1995-03-01,1995.166667,cpu_single_thread_normalized,0.578272,normalized single-core index (legacy SPEC scale),one-copy benchmark normalized by the documented suite-specific continuity rule,normalized,high,primary,,,Stanford/Cornell normalized SPECint2006-equivalent performance,,,{},,eligible,https://github.com/cornell-brg/processor-trends/blob/main/data/processor-trends.csv#L21; https://github.com/cornell-brg/processor-trends,"Matched against the cleaned Cornell processor-trends source derived from and independently checked against the Stanford/Horowitz data. Copied from the Cornell normalized-performance field, which follows the Stanford cross-suite SPECint normalization method."
obs-cpu-multicore-rate2000-int-base-cornell-dec-alpha-21164-1995-03-01,cornell-dec-alpha-21164-1995-03-01,Alpha 21164,DEC,historical processor dataset,cpu,cpu,1995-03-01,1995.166667,cpu_multicore_rate2000_int_base,,SPECint_rate_base2000 (one chip),measured integer throughput of one CPU package in a published system,unresolved,unresolved,original_author_dataset,,,,,,,,unresolved,,No supported value found; retained as an explicit blank.
obs-cpu-multicore-rate2006-int-base-cornell-dec-alpha-21164-1995-03-01,cornell-dec-alpha-21164-1995-03-01,Alpha 21164,DEC,historical processor dataset,cpu,cpu,1995-03-01,1995.166667,cpu_multicore_rate2006_int_base,,SPECint_rate_base2006 (one chip),measured integer throughput of one CPU package in a published system,unresolved,unresolved,original_author_dataset,,,,,,,,unresolved,,No supported value found; retained as an explicit blank.
obs-cpu-multicore-rate2017-int-base-cornell-dec-alpha-21164-1995-03-01,cornell-dec-alpha-21164-1995-03-01,Alpha 21164,DEC,historical processor dataset,cpu,cpu,1995-03-01,1995.166667,cpu_multicore_rate2017_int_base,,SPECrate2017_int_base (one chip),measured integer throughput of one CPU package in a published system,unresolved,unresolved,original_author_dataset,,,,,,,,unresolved,,No supported value found; retained as an explicit blank.
obs-cpu-multicore-index-cornell-dec-alpha-21164-1995-03-01,cornell-dec-alpha-21164-1995-03-01,Alpha 21164,DEC,historical processor dataset,cpu,cpu,1995-03-01,1995.166667,cpu_multicore_index,,estimated one-chip throughput index (2003=100),estimated integer-throughput index derived from a measured one-CPU-package SPEC rate,unresolved,unresolved,original_author_dataset,,,,,,,,unresolved,,No supported value found; retained as an explicit blank.
obs-fp32-dense-peak-gflops-cornell-dec-alpha-21164-1995-03-01,cornell-dec-alpha-21164-1995-03-01,Alpha 21164,DEC,historical processor dataset,cpu,cpu,1995-03-01,1995.166667,fp32_dense_peak_gflops,,GFLOP/s,dense non-tensor non-sparse FP32 vector peak,unresolved,unresolved,original_author_dataset,,,,,,,,unresolved,,No supported value found; retained as an explicit blank.
obs-transistors-million-cornell-sun-supersparc-ii-1995-06-01,cornell-sun-supersparc-ii-1995-06-01,SuperSparc II,Sun,historical processor dataset,cpu,cpu,1995-06-01,1995.416667,transistors_million,3.1,million transistors,device or multi-die package transistor count,direct,high,primary,,,,,,{},,eligible,https://github.com/cornell-brg/processor-trends/blob/main/data/processor-trends.csv#L22; https://github.com/cornell-brg/processor-trends,"Matched against the cleaned Cornell processor-trends source derived from and independently checked against the Stanford/Horowitz data. Copied from the Cornell normalized-performance field, which follows the Stanford cross-suite SPECint normalization method."
obs-frequency-ghz-cornell-sun-supersparc-ii-1995-06-01,cornell-sun-supersparc-ii-1995-06-01,SuperSparc II,Sun,historical processor dataset,cpu,cpu,1995-06-01,1995.416667,frequency_ghz,0.09,GHz,nominal/base clock unless source states otherwise,direct,high,primary,,,,,,{},,eligible,https://github.com/cornell-brg/processor-trends/blob/main/data/processor-trends.csv#L22; https://github.com/cornell-brg/processor-trends,"Matched against the cleaned Cornell processor-trends source derived from and independently checked against the Stanford/Horowitz data. Copied from the Cornell normalized-performance field, which follows the Stanford cross-suite SPECint normalization method."
obs-power-w-cornell-sun-supersparc-ii-1995-06-01,cornell-sun-supersparc-ii-1995-06-01,SuperSparc II,Sun,historical processor dataset,cpu,cpu,1995-06-01,1995.416667,power_w,16,W,CPU TDP,direct,high,primary,,,,,,{},,eligible,https://github.com/cornell-brg/processor-trends/blob/main/data/processor-trends.csv#L22; https://github.com/cornell-brg/processor-trends,"Matched against the cleaned Cornell processor-trends source derived from and independently checked against the Stanford/Horowitz data. Copied from the Cornell normalized-performance field, which follows the Stanford cross-suite SPECint normalization method."
obs-cpu-physical-cores-cornell-sun-supersparc-ii-1995-06-01,cornell-sun-supersparc-ii-1995-06-01,SuperSparc II,Sun,historical processor dataset,cpu,cpu,1995-06-01,1995.416667,cpu_physical_cores,1,physical cores,physical CPU cores,direct,high,primary,,,,,,{},,eligible,https://github.com/cornell-brg/processor-trends/blob/main/data/processor-trends.csv#L22; https://github.com/cornell-brg/processor-trends,"Matched against the cleaned Cornell processor-trends source derived from and independently checked against the Stanford/Horowitz data. Copied from the Cornell normalized-performance field, which follows the Stanford cross-suite SPECint normalization method."
obs-gpu-compute-units-cornell-sun-supersparc-ii-1995-06-01,cornell-sun-supersparc-ii-1995-06-01,SuperSparc II,Sun,historical processor dataset,cpu,cpu,1995-06-01,1995.416667,gpu_compute_units,,SMs / CUs / GPU cores,"vendor-native GPU unit count; SM, CU, or Apple GPU core",unresolved,unresolved,original_author_dataset,,,,,,,,not_applicable_cpu,,No supported value found; retained as an explicit blank.
obs-cpu-single-thread-normalized-cornell-sun-supersparc-ii-1995-06-01,cornell-sun-supersparc-ii-1995-06-01,SuperSparc II,Sun,historical processor dataset,cpu,cpu,1995-06-01,1995.416667,cpu_single_thread_normalized,0.226814,normalized single-core index (legacy SPEC scale),one-copy benchmark normalized by the documented suite-specific continuity rule,normalized,high,primary,,,Stanford/Cornell normalized SPECint2006-equivalent performance,,,{},,eligible,https://github.com/cornell-brg/processor-trends/blob/main/data/processor-trends.csv#L22; https://github.com/cornell-brg/processor-trends,"Matched against the cleaned Cornell processor-trends source derived from and independently checked against the Stanford/Horowitz data. Copied from the Cornell normalized-performance field, which follows the Stanford cross-suite SPECint normalization method."
obs-cpu-multicore-rate2000-int-base-cornell-sun-supersparc-ii-1995-06-01,cornell-sun-supersparc-ii-1995-06-01,SuperSparc II,Sun,historical processor dataset,cpu,cpu,1995-06-01,1995.416667,cpu_multicore_rate2000_int_base,,SPECint_rate_base2000 (one chip),measured integer throughput of one CPU package in a published system,unresolved,unresolved,original_author_dataset,,,,,,,,unresolved,,No supported value found; retained as an explicit blank.
obs-cpu-multicore-rate2006-int-base-cornell-sun-supersparc-ii-1995-06-01,cornell-sun-supersparc-ii-1995-06-01,SuperSparc II,Sun,historical processor dataset,cpu,cpu,1995-06-01,1995.416667,cpu_multicore_rate2006_int_base,,SPECint_rate_base2006 (one chip),measured integer throughput of one CPU package in a published system,unresolved,unresolved,original_author_dataset,,,,,,,,unresolved,,No supported value found; retained as an explicit blank.
obs-cpu-multicore-rate2017-int-base-cornell-sun-supersparc-ii-1995-06-01,cornell-sun-supersparc-ii-1995-06-01,SuperSparc II,Sun,historical processor dataset,cpu,cpu,1995-06-01,1995.416667,cpu_multicore_rate2017_int_base,,SPECrate2017_int_base (one chip),measured integer throughput of one CPU package in a published system,unresolved,unresolved,original_author_dataset,,,,,,,,unresolved,,No supported value found; retained as an explicit blank.
obs-cpu-multicore-index-cornell-sun-supersparc-ii-1995-06-01,cornell-sun-supersparc-ii-1995-06-01,SuperSparc II,Sun,historical processor dataset,cpu,cpu,1995-06-01,1995.416667,cpu_multicore_index,,estimated one-chip throughput index (2003=100),estimated integer-throughput index derived from a measured one-CPU-package SPEC rate,unresolved,unresolved,original_author_dataset,,,,,,,,unresolved,,No supported value found; retained as an explicit blank.
obs-fp32-dense-peak-gflops-cornell-sun-supersparc-ii-1995-06-01,cornell-sun-supersparc-ii-1995-06-01,SuperSparc II,Sun,historical processor dataset,cpu,cpu,1995-06-01,1995.416667,fp32_dense_peak_gflops,,GFLOP/s,dense non-tensor non-sparse FP32 vector peak,unresolved,unresolved,original_author_dataset,,,,,,,,unresolved,,No supported value found; retained as an explicit blank.
obs-transistors-million-cornell-intel-pentium-pro-1995-11-01,cornell-intel-pentium-pro-1995-11-01,Pentium Pro,Intel,historical processor dataset,cpu,cpu,1995-11-01,1995.833333,transistors_million,5.5,million transistors,device or multi-die package transistor count,direct,high,primary,,,,,,{},,eligible,https://github.com/cornell-brg/processor-trends/blob/main/data/processor-trends.csv#L24; https://github.com/cornell-brg/processor-trends,"Matched against the cleaned Cornell processor-trends source derived from and independently checked against the Stanford/Horowitz data. Copied from the Cornell normalized-performance field, which follows the Stanford cross-suite SPECint normalization method."
obs-frequency-ghz-cornell-intel-pentium-pro-1995-11-01,cornell-intel-pentium-pro-1995-11-01,Pentium Pro,Intel,historical processor dataset,cpu,cpu,1995-11-01,1995.833333,frequency_ghz,0.2,GHz,nominal/base clock unless source states otherwise,direct,high,primary,,,,,,{},,eligible,https://github.com/cornell-brg/processor-trends/blob/main/data/processor-trends.csv#L24; https://github.com/cornell-brg/processor-trends,"Matched against the cleaned Cornell processor-trends source derived from and independently checked against the Stanford/Horowitz data. Copied from the Cornell normalized-performance field, which follows the Stanford cross-suite SPECint normalization method."
obs-power-w-cornell-intel-pentium-pro-1995-11-01,cornell-intel-pentium-pro-1995-11-01,Pentium Pro,Intel,historical processor dataset,cpu,cpu,1995-11-01,1995.833333,power_w,32.6,W,CPU TDP,direct,high,primary,,,,,,{},,eligible,https://github.com/cornell-brg/processor-trends/blob/main/data/processor-trends.csv#L24; https://github.com/cornell-brg/processor-trends,"Matched against the cleaned Cornell processor-trends source derived from and independently checked against the Stanford/Horowitz data. Copied from the Cornell normalized-performance field, which follows the Stanford cross-suite SPECint normalization method."
obs-cpu-physical-cores-cornell-intel-pentium-pro-1995-11-01,cornell-intel-pentium-pro-1995-11-01,Pentium Pro,Intel,historical processor dataset,cpu,cpu,1995-11-01,1995.833333,cpu_physical_cores,1,physical cores,physical CPU cores,direct,high,primary,,,,,,{},,eligible,https://github.com/cornell-brg/processor-trends/blob/main/data/processor-trends.csv#L24; https://github.com/cornell-brg/processor-trends,"Matched against the cleaned Cornell processor-trends source derived from and independently checked against the Stanford/Horowitz data. Copied from the Cornell normalized-performance field, which follows the Stanford cross-suite SPECint normalization method."
obs-gpu-compute-units-cornell-intel-pentium-pro-1995-11-01,cornell-intel-pentium-pro-1995-11-01,Pentium Pro,Intel,historical processor dataset,cpu,cpu,1995-11-01,1995.833333,gpu_compute_units,,SMs / CUs / GPU cores,"vendor-native GPU unit count; SM, CU, or Apple GPU core",unresolved,unresolved,original_author_dataset,,,,,,,,not_applicable_cpu,,No supported value found; retained as an explicit blank.
obs-cpu-single-thread-normalized-cornell-intel-pentium-pro-1995-11-01,cornell-intel-pentium-pro-1995-11-01,Pentium Pro,Intel,historical processor dataset,cpu,cpu,1995-11-01,1995.833333,cpu_single_thread_normalized,0.551059,normalized single-core index (legacy SPEC scale),one-copy benchmark normalized by the documented suite-specific continuity rule,normalized,high,primary,,,Stanford/Cornell normalized SPECint2006-equivalent performance,,,{},,eligible,https://github.com/cornell-brg/processor-trends/blob/main/data/processor-trends.csv#L24; https://github.com/cornell-brg/processor-trends,"Matched against the cleaned Cornell processor-trends source derived from and independently checked against the Stanford/Horowitz data. Copied from the Cornell normalized-performance field, which follows the Stanford cross-suite SPECint normalization method."
obs-cpu-multicore-rate2000-int-base-cornell-intel-pentium-pro-1995-11-01,cornell-intel-pentium-pro-1995-11-01,Pentium Pro,Intel,historical processor dataset,cpu,cpu,1995-11-01,1995.833333,cpu_multicore_rate2000_int_base,,SPECint_rate_base2000 (one chip),measured integer throughput of one CPU package in a published system,unresolved,unresolved,original_author_dataset,,,,,,,,unresolved,,No supported value found; retained as an explicit blank.
obs-cpu-multicore-rate2006-int-base-cornell-intel-pentium-pro-1995-11-01,cornell-intel-pentium-pro-1995-11-01,Pentium Pro,Intel,historical processor dataset,cpu,cpu,1995-11-01,1995.833333,cpu_multicore_rate2006_int_base,,SPECint_rate_base2006 (one chip),measured integer throughput of one CPU package in a published system,unresolved,unresolved,original_author_dataset,,,,,,,,unresolved,,No supported value found; retained as an explicit blank.
obs-cpu-multicore-rate2017-int-base-cornell-intel-pentium-pro-1995-11-01,cornell-intel-pentium-pro-1995-11-01,Pentium Pro,Intel,historical processor dataset,cpu,cpu,1995-11-01,1995.833333,cpu_multicore_rate2017_int_base,,SPECrate2017_int_base (one chip),measured integer throughput of one CPU package in a published system,unresolved,unresolved,original_author_dataset,,,,,,,,unresolved,,No supported value found; retained as an explicit blank.
obs-cpu-multicore-index-cornell-intel-pentium-pro-1995-11-01,cornell-intel-pentium-pro-1995-11-01,Pentium Pro,Intel,historical processor dataset,cpu,cpu,1995-11-01,1995.833333,cpu_multicore_index,,estimated one-chip throughput index (2003=100),estimated integer-throughput index derived from a measured one-CPU-package SPEC rate,unresolved,unresolved,original_author_dataset,,,,,,,,unresolved,,No supported value found; retained as an explicit blank.
obs-fp32-dense-peak-gflops-cornell-intel-pentium-pro-1995-11-01,cornell-intel-pentium-pro-1995-11-01,Pentium Pro,Intel,historical processor dataset,cpu,cpu,1995-11-01,1995.833333,fp32_dense_peak_gflops,,GFLOP/s,dense non-tensor non-sparse FP32 vector peak,unresolved,unresolved,original_author_dataset,,,,,,,,unresolved,,No supported value found; retained as an explicit blank.
obs-transistors-million-cornell-sun-ultrasparc-i-1995-11-01,cornell-sun-ultrasparc-i-1995-11-01,UltraSparc I,Sun,historical processor dataset,cpu,cpu,1995-11-01,1995.833333,transistors_million,5.2,million transistors,device or multi-die package transistor count,direct,high,primary,,,,,,{},,eligible,https://github.com/cornell-brg/processor-trends/blob/main/data/processor-trends.csv#L23; https://github.com/cornell-brg/processor-trends,"Matched against the cleaned Cornell processor-trends source derived from and independently checked against the Stanford/Horowitz data. Copied from the Cornell normalized-performance field, which follows the Stanford cross-suite SPECint normalization method."
obs-frequency-ghz-cornell-sun-ultrasparc-i-1995-11-01,cornell-sun-ultrasparc-i-1995-11-01,UltraSparc I,Sun,historical processor dataset,cpu,cpu,1995-11-01,1995.833333,frequency_ghz,0.2,GHz,nominal/base clock unless source states otherwise,direct,high,primary,,,,,,{},,eligible,https://github.com/cornell-brg/processor-trends/blob/main/data/processor-trends.csv#L23; https://github.com/cornell-brg/processor-trends,"Matched against the cleaned Cornell processor-trends source derived from and independently checked against the Stanford/Horowitz data. Copied from the Cornell normalized-performance field, which follows the Stanford cross-suite SPECint normalization method."
obs-power-w-cornell-sun-ultrasparc-i-1995-11-01,cornell-sun-ultrasparc-i-1995-11-01,UltraSparc I,Sun,historical processor dataset,cpu,cpu,1995-11-01,1995.833333,power_w,30,W,CPU TDP,direct,high,primary,,,,,,{},,eligible,https://github.com/cornell-brg/processor-trends/blob/main/data/processor-trends.csv#L23; https://github.com/cornell-brg/processor-trends,"Matched against the cleaned Cornell processor-trends source derived from and independently checked against the Stanford/Horowitz data. Copied from the Cornell normalized-performance field, which follows the Stanford cross-suite SPECint normalization method."
obs-cpu-physical-cores-cornell-sun-ultrasparc-i-1995-11-01,cornell-sun-ultrasparc-i-1995-11-01,UltraSparc I,Sun,historical processor dataset,cpu,cpu,1995-11-01,1995.833333,cpu_physical_cores,1,physical cores,physical CPU cores,direct,high,primary,,,,,,{},,eligible,https://github.com/cornell-brg/processor-trends/blob/main/data/processor-trends.csv#L23; https://github.com/cornell-brg/processor-trends,"Matched against the cleaned Cornell processor-trends source derived from and independently checked against the Stanford/Horowitz data. Copied from the Cornell normalized-performance field, which follows the Stanford cross-suite SPECint normalization method."
obs-gpu-compute-units-cornell-sun-ultrasparc-i-1995-11-01,cornell-sun-ultrasparc-i-1995-11-01,UltraSparc I,Sun,historical processor dataset,cpu,cpu,1995-11-01,1995.833333,gpu_compute_units,,SMs / CUs / GPU cores,"vendor-native GPU unit count; SM, CU, or Apple GPU core",unresolved,unresolved,original_author_dataset,,,,,,,,not_applicable_cpu,,No supported value found; retained as an explicit blank.
obs-cpu-single-thread-normalized-cornell-sun-ultrasparc-i-1995-11-01,cornell-sun-ultrasparc-i-1995-11-01,UltraSparc I,Sun,historical processor dataset,cpu,cpu,1995-11-01,1995.833333,cpu_single_thread_normalized,0.53065,normalized single-core index (legacy SPEC scale),one-copy benchmark normalized by the documented suite-specific continuity rule,normalized,high,primary,,,Stanford/Cornell normalized SPECint2006-equivalent performance,,,{},,eligible,https://github.com/cornell-brg/processor-trends/blob/main/data/processor-trends.csv#L23; https://github.com/cornell-brg/processor-trends,"Matched against the cleaned Cornell processor-trends source derived from and independently checked against the Stanford/Horowitz data. Copied from the Cornell normalized-performance field, which follows the Stanford cross-suite SPECint normalization method."
obs-cpu-multicore-rate2000-int-base-cornell-sun-ultrasparc-i-1995-11-01,cornell-sun-ultrasparc-i-1995-11-01,UltraSparc I,Sun,historical processor dataset,cpu,cpu,1995-11-01,1995.833333,cpu_multicore_rate2000_int_base,,SPECint_rate_base2000 (one chip),measured integer throughput of one CPU package in a published system,unresolved,unresolved,original_author_dataset,,,,,,,,unresolved,,No supported value found; retained as an explicit blank.
obs-cpu-multicore-rate2006-int-base-cornell-sun-ultrasparc-i-1995-11-01,cornell-sun-ultrasparc-i-1995-11-01,UltraSparc I,Sun,historical processor dataset,cpu,cpu,1995-11-01,1995.833333,cpu_multicore_rate2006_int_base,,SPECint_rate_base2006 (one chip),measured integer throughput of one CPU package in a published system,unresolved,unresolved,original_author_dataset,,,,,,,,unresolved,,No supported value found; retained as an explicit blank.
obs-cpu-multicore-rate2017-int-base-cornell-sun-ultrasparc-i-1995-11-01,cornell-sun-ultrasparc-i-1995-11-01,UltraSparc I,Sun,historical processor dataset,cpu,cpu,1995-11-01,1995.833333,cpu_multicore_rate2017_int_base,,SPECrate2017_int_base (one chip),measured integer throughput of one CPU package in a published system,unresolved,unresolved,original_author_dataset,,,,,,,,unresolved,,No supported value found; retained as an explicit blank.
obs-cpu-multicore-index-cornell-sun-ultrasparc-i-1995-11-01,cornell-sun-ultrasparc-i-1995-11-01,UltraSparc I,Sun,historical processor dataset,cpu,cpu,1995-11-01,1995.833333,cpu_multicore_index,,estimated one-chip throughput index (2003=100),estimated integer-throughput index derived from a measured one-CPU-package SPEC rate,unresolved,unresolved,original_author_dataset,,,,,,,,unresolved,,No supported value found; retained as an explicit blank.
obs-fp32-dense-peak-gflops-cornell-sun-ultrasparc-i-1995-11-01,cornell-sun-ultrasparc-i-1995-11-01,UltraSparc I,Sun,historical processor dataset,cpu,cpu,1995-11-01,1995.833333,fp32_dense_peak_gflops,,GFLOP/s,dense non-tensor non-sparse FP32 vector peak,unresolved,unresolved,original_author_dataset,,,,,,,,unresolved,,No supported value found; retained as an explicit blank.
obs-transistors-million-cornell-mips-r10000-1996-01-01,cornell-mips-r10000-1996-01-01,R10000,Mips,historical processor dataset,cpu,cpu,1996-01-01,1996.000000,transistors_million,6.8,million transistors,device or multi-die package transistor count,direct,high,primary,,,,,,{},,eligible,https://github.com/cornell-brg/processor-trends/blob/main/data/processor-trends.csv#L26; https://github.com/cornell-brg/processor-trends,"Matched against the cleaned Cornell processor-trends source derived from and independently checked against the Stanford/Horowitz data. Copied from the Cornell normalized-performance field, which follows the Stanford cross-suite SPECint normalization method."
obs-frequency-ghz-cornell-mips-r10000-1996-01-01,cornell-mips-r10000-1996-01-01,R10000,Mips,historical processor dataset,cpu,cpu,1996-01-01,1996.000000,frequency_ghz,0.2,GHz,nominal/base clock unless source states otherwise,direct,high,primary,,,,,,{},,eligible,https://github.com/cornell-brg/processor-trends/blob/main/data/processor-trends.csv#L26; https://github.com/cornell-brg/processor-trends,"Matched against the cleaned Cornell processor-trends source derived from and independently checked against the Stanford/Horowitz data. Copied from the Cornell normalized-performance field, which follows the Stanford cross-suite SPECint normalization method."
obs-power-w-cornell-mips-r10000-1996-01-01,cornell-mips-r10000-1996-01-01,R10000,Mips,historical processor dataset,cpu,cpu,1996-01-01,1996.000000,power_w,30,W,CPU TDP,direct,high,primary,,,,,,{},,eligible,https://github.com/cornell-brg/processor-trends/blob/main/data/processor-trends.csv#L26; https://github.com/cornell-brg/processor-trends,"Matched against the cleaned Cornell processor-trends source derived from and independently checked against the Stanford/Horowitz data. Copied from the Cornell normalized-performance field, which follows the Stanford cross-suite SPECint normalization method."
obs-cpu-physical-cores-cornell-mips-r10000-1996-01-01,cornell-mips-r10000-1996-01-01,R10000,Mips,historical processor dataset,cpu,cpu,1996-01-01,1996.000000,cpu_physical_cores,1,physical cores,physical CPU cores,direct,high,primary,,,,,,{},,eligible,https://github.com/cornell-brg/processor-trends/blob/main/data/processor-trends.csv#L26; https://github.com/cornell-brg/processor-trends,"Matched against the cleaned Cornell processor-trends source derived from and independently checked against the Stanford/Horowitz data. Copied from the Cornell normalized-performance field, which follows the Stanford cross-suite SPECint normalization method."
obs-gpu-compute-units-cornell-mips-r10000-1996-01-01,cornell-mips-r10000-1996-01-01,R10000,Mips,historical processor dataset,cpu,cpu,1996-01-01,1996.000000,gpu_compute_units,,SMs / CUs / GPU cores,"vendor-native GPU unit count; SM, CU, or Apple GPU core",unresolved,unresolved,original_author_dataset,,,,,,,,not_applicable_cpu,,No supported value found; retained as an explicit blank.
obs-cpu-single-thread-normalized-cornell-mips-r10000-1996-01-01,cornell-mips-r10000-1996-01-01,R10000,Mips,historical processor dataset,cpu,cpu,1996-01-01,1996.000000,cpu_single_thread_normalized,0.775565,normalized single-core index (legacy SPEC scale),one-copy benchmark normalized by the documented suite-specific continuity rule,normalized,high,primary,,,Stanford/Cornell normalized SPECint2006-equivalent performance,,,{},,eligible,https://github.com/cornell-brg/processor-trends/blob/main/data/processor-trends.csv#L26; https://github.com/cornell-brg/processor-trends,"Matched against the cleaned Cornell processor-trends source derived from and independently checked against the Stanford/Horowitz data. Copied from the Cornell normalized-performance field, which follows the Stanford cross-suite SPECint normalization method."
obs-cpu-multicore-rate2000-int-base-cornell-mips-r10000-1996-01-01,cornell-mips-r10000-1996-01-01,R10000,Mips,historical processor dataset,cpu,cpu,1996-01-01,1996.000000,cpu_multicore_rate2000_int_base,,SPECint_rate_base2000 (one chip),measured integer throughput of one CPU package in a published system,unresolved,unresolved,original_author_dataset,,,,,,,,unresolved,,No supported value found; retained as an explicit blank.
obs-cpu-multicore-rate2006-int-base-cornell-mips-r10000-1996-01-01,cornell-mips-r10000-1996-01-01,R10000,Mips,historical processor dataset,cpu,cpu,1996-01-01,1996.000000,cpu_multicore_rate2006_int_base,,SPECint_rate_base2006 (one chip),measured integer throughput of one CPU package in a published system,unresolved,unresolved,original_author_dataset,,,,,,,,unresolved,,No supported value found; retained as an explicit blank.
obs-cpu-multicore-rate2017-int-base-cornell-mips-r10000-1996-01-01,cornell-mips-r10000-1996-01-01,R10000,Mips,historical processor dataset,cpu,cpu,1996-01-01,1996.000000,cpu_multicore_rate2017_int_base,,SPECrate2017_int_base (one chip),measured integer throughput of one CPU package in a published system,unresolved,unresolved,original_author_dataset,,,,,,,,unresolved,,No supported value found; retained as an explicit blank.
obs-cpu-multicore-index-cornell-mips-r10000-1996-01-01,cornell-mips-r10000-1996-01-01,R10000,Mips,historical processor dataset,cpu,cpu,1996-01-01,1996.000000,cpu_multicore_index,,estimated one-chip throughput index (2003=100),estimated integer-throughput index derived from a measured one-CPU-package SPEC rate,unresolved,unresolved,original_author_dataset,,,,,,,,unresolved,,No supported value found; retained as an explicit blank.
obs-fp32-dense-peak-gflops-cornell-mips-r10000-1996-01-01,cornell-mips-r10000-1996-01-01,R10000,Mips,historical processor dataset,cpu,cpu,1996-01-01,1996.000000,fp32_dense_peak_gflops,,GFLOP/s,dense non-tensor non-sparse FP32 vector peak,unresolved,unresolved,original_author_dataset,,,,,,,,unresolved,,No supported value found; retained as an explicit blank.
obs-transistors-million-cornell-mips-r5000-1996-01-01,cornell-mips-r5000-1996-01-01,R5000,Mips,historical processor dataset,cpu,cpu,1996-01-01,1996.000000,transistors_million,3.6,million transistors,device or multi-die package transistor count,direct,high,primary,,,,,,{},,eligible,https://github.com/cornell-brg/processor-trends/blob/main/data/processor-trends.csv#L25; https://github.com/cornell-brg/processor-trends,"Matched against the cleaned Cornell processor-trends source derived from and independently checked against the Stanford/Horowitz data. Copied from the Cornell normalized-performance field, which follows the Stanford cross-suite SPECint normalization method."
obs-frequency-ghz-cornell-mips-r5000-1996-01-01,cornell-mips-r5000-1996-01-01,R5000,Mips,historical processor dataset,cpu,cpu,1996-01-01,1996.000000,frequency_ghz,0.2,GHz,nominal/base clock unless source states otherwise,direct,high,primary,,,,,,{},,eligible,https://github.com/cornell-brg/processor-trends/blob/main/data/processor-trends.csv#L25; https://github.com/cornell-brg/processor-trends,"Matched against the cleaned Cornell processor-trends source derived from and independently checked against the Stanford/Horowitz data. Copied from the Cornell normalized-performance field, which follows the Stanford cross-suite SPECint normalization method."
obs-power-w-cornell-mips-r5000-1996-01-01,cornell-mips-r5000-1996-01-01,R5000,Mips,historical processor dataset,cpu,cpu,1996-01-01,1996.000000,power_w,10,W,CPU TDP,direct,high,primary,,,,,,{},,eligible,https://github.com/cornell-brg/processor-trends/blob/main/data/processor-trends.csv#L25; https://github.com/cornell-brg/processor-trends,"Matched against the cleaned Cornell processor-trends source derived from and independently checked against the Stanford/Horowitz data. Copied from the Cornell normalized-performance field, which follows the Stanford cross-suite SPECint normalization method."
obs-cpu-physical-cores-cornell-mips-r5000-1996-01-01,cornell-mips-r5000-1996-01-01,R5000,Mips,historical processor dataset,cpu,cpu,1996-01-01,1996.000000,cpu_physical_cores,1,physical cores,physical CPU cores,direct,high,primary,,,,,,{},,eligible,https://github.com/cornell-brg/processor-trends/blob/main/data/processor-trends.csv#L25; https://github.com/cornell-brg/processor-trends,"Matched against the cleaned Cornell processor-trends source derived from and independently checked against the Stanford/Horowitz data. Copied from the Cornell normalized-performance field, which follows the Stanford cross-suite SPECint normalization method."
obs-gpu-compute-units-cornell-mips-r5000-1996-01-01,cornell-mips-r5000-1996-01-01,R5000,Mips,historical processor dataset,cpu,cpu,1996-01-01,1996.000000,gpu_compute_units,,SMs / CUs / GPU cores,"vendor-native GPU unit count; SM, CU, or Apple GPU core",unresolved,unresolved,original_author_dataset,,,,,,,,not_applicable_cpu,,No supported value found; retained as an explicit blank.
obs-cpu-single-thread-normalized-cornell-mips-r5000-1996-01-01,cornell-mips-r5000-1996-01-01,R5000,Mips,historical processor dataset,cpu,cpu,1996-01-01,1996.000000,cpu_single_thread_normalized,0.374176,normalized single-core index (legacy SPEC scale),one-copy benchmark normalized by the documented suite-specific continuity rule,normalized,high,primary,,,Stanford/Cornell normalized SPECint2006-equivalent performance,,,{},,eligible,https://github.com/cornell-brg/processor-trends/blob/main/data/processor-trends.csv#L25; https://github.com/cornell-brg/processor-trends,"Matched against the cleaned Cornell processor-trends source derived from and independently checked against the Stanford/Horowitz data. Copied from the Cornell normalized-performance field, which follows the Stanford cross-suite SPECint normalization method."
obs-cpu-multicore-rate2000-int-base-cornell-mips-r5000-1996-01-01,cornell-mips-r5000-1996-01-01,R5000,Mips,historical processor dataset,cpu,cpu,1996-01-01,1996.000000,cpu_multicore_rate2000_int_base,,SPECint_rate_base2000 (one chip),measured integer throughput of one CPU package in a published system,unresolved,unresolved,original_author_dataset,,,,,,,,unresolved,,No supported value found; retained as an explicit blank.
obs-cpu-multicore-rate2006-int-base-cornell-mips-r5000-1996-01-01,cornell-mips-r5000-1996-01-01,R5000,Mips,historical processor dataset,cpu,cpu,1996-01-01,1996.000000,cpu_multicore_rate2006_int_base,,SPECint_rate_base2006 (one chip),measured integer throughput of one CPU package in a published system,unresolved,unresolved,original_author_dataset,,,,,,,,unresolved,,No supported value found; retained as an explicit blank.
obs-cpu-multicore-rate2017-int-base-cornell-mips-r5000-1996-01-01,cornell-mips-r5000-1996-01-01,R5000,Mips,historical processor dataset,cpu,cpu,1996-01-01,1996.000000,cpu_multicore_rate2017_int_base,,SPECrate2017_int_base (one chip),measured integer throughput of one CPU package in a published system,unresolved,unresolved,original_author_dataset,,,,,,,,unresolved,,No supported value found; retained as an explicit blank.
obs-cpu-multicore-index-cornell-mips-r5000-1996-01-01,cornell-mips-r5000-1996-01-01,R5000,Mips,historical processor dataset,cpu,cpu,1996-01-01,1996.000000,cpu_multicore_index,,estimated one-chip throughput index (2003=100),estimated integer-throughput index derived from a measured one-CPU-package SPEC rate,unresolved,unresolved,original_author_dataset,,,,,,,,unresolved,,No supported value found; retained as an explicit blank.
obs-fp32-dense-peak-gflops-cornell-mips-r5000-1996-01-01,cornell-mips-r5000-1996-01-01,R5000,Mips,historical processor dataset,cpu,cpu,1996-01-01,1996.000000,fp32_dense_peak_gflops,,GFLOP/s,dense non-tensor non-sparse FP32 vector peak,unresolved,unresolved,original_author_dataset,,,,,,,,unresolved,,No supported value found; retained as an explicit blank.
obs-transistors-million-cornell-amd-k5-1996-03-01,cornell-amd-k5-1996-03-01,K5,AMD,historical processor dataset,cpu,cpu,1996-03-01,1996.166667,transistors_million,4.3,million transistors,device or multi-die package transistor count,direct,high,primary,,,,,,{},,eligible,https://github.com/cornell-brg/processor-trends/blob/main/data/processor-trends.csv#L27; https://github.com/cornell-brg/processor-trends; https://www.cl.cam.ac.uk/teaching/0405/CompArch/Gwennap95-P6_Microarchitecture.pdf,"Matched against the cleaned Cornell processor-trends source derived from and independently checked against the Stanford/Horowitz data. Contemporary sources publish estimated SPECint92 targets for K5, not a verified result for the exact 90 MHz record, and no defensible cross-suite conversion was found."
obs-frequency-ghz-cornell-amd-k5-1996-03-01,cornell-amd-k5-1996-03-01,K5,AMD,historical processor dataset,cpu,cpu,1996-03-01,1996.166667,frequency_ghz,0.09,GHz,nominal/base clock unless source states otherwise,direct,high,primary,,,,,,{},,eligible,https://github.com/cornell-brg/processor-trends/blob/main/data/processor-trends.csv#L27; https://github.com/cornell-brg/processor-trends; https://www.cl.cam.ac.uk/teaching/0405/CompArch/Gwennap95-P6_Microarchitecture.pdf,"Matched against the cleaned Cornell processor-trends source derived from and independently checked against the Stanford/Horowitz data. Contemporary sources publish estimated SPECint92 targets for K5, not a verified result for the exact 90 MHz record, and no defensible cross-suite conversion was found."
obs-power-w-cornell-amd-k5-1996-03-01,cornell-amd-k5-1996-03-01,K5,AMD,historical processor dataset,cpu,cpu,1996-03-01,1996.166667,power_w,11,W,CPU TDP,direct,high,primary,,,,,,{},,eligible,https://github.com/cornell-brg/processor-trends/blob/main/data/processor-trends.csv#L27; https://github.com/cornell-brg/processor-trends; https://www.cl.cam.ac.uk/teaching/0405/CompArch/Gwennap95-P6_Microarchitecture.pdf,"Matched against the cleaned Cornell processor-trends source derived from and independently checked against the Stanford/Horowitz data. Contemporary sources publish estimated SPECint92 targets for K5, not a verified result for the exact 90 MHz record, and no defensible cross-suite conversion was found."
obs-cpu-physical-cores-cornell-amd-k5-1996-03-01,cornell-amd-k5-1996-03-01,K5,AMD,historical processor dataset,cpu,cpu,1996-03-01,1996.166667,cpu_physical_cores,1,physical cores,physical CPU cores,direct,high,primary,,,,,,{},,eligible,https://github.com/cornell-brg/processor-trends/blob/main/data/processor-trends.csv#L27; https://github.com/cornell-brg/processor-trends; https://www.cl.cam.ac.uk/teaching/0405/CompArch/Gwennap95-P6_Microarchitecture.pdf,"Matched against the cleaned Cornell processor-trends source derived from and independently checked against the Stanford/Horowitz data. Contemporary sources publish estimated SPECint92 targets for K5, not a verified result for the exact 90 MHz record, and no defensible cross-suite conversion was found."
obs-gpu-compute-units-cornell-amd-k5-1996-03-01,cornell-amd-k5-1996-03-01,K5,AMD,historical processor dataset,cpu,cpu,1996-03-01,1996.166667,gpu_compute_units,,SMs / CUs / GPU cores,"vendor-native GPU unit count; SM, CU, or Apple GPU core",unresolved,unresolved,original_author_dataset,,,,,,,,not_applicable_cpu,,No supported value found; retained as an explicit blank.
obs-cpu-single-thread-normalized-cornell-amd-k5-1996-03-01,cornell-amd-k5-1996-03-01,K5,AMD,historical processor dataset,cpu,cpu,1996-03-01,1996.166667,cpu_single_thread_normalized,,normalized single-core index (legacy SPEC scale),one-copy benchmark normalized by the documented suite-specific continuity rule,unresolved,unresolved,original_author_dataset,,,,,,,,unresolved,,No supported value found; retained as an explicit blank.
obs-cpu-multicore-rate2000-int-base-cornell-amd-k5-1996-03-01,cornell-amd-k5-1996-03-01,K5,AMD,historical processor dataset,cpu,cpu,1996-03-01,1996.166667,cpu_multicore_rate2000_int_base,,SPECint_rate_base2000 (one chip),measured integer throughput of one CPU package in a published system,unresolved,unresolved,original_author_dataset,,,,,,,,unresolved,,No supported value found; retained as an explicit blank.
obs-cpu-multicore-rate2006-int-base-cornell-amd-k5-1996-03-01,cornell-amd-k5-1996-03-01,K5,AMD,historical processor dataset,cpu,cpu,1996-03-01,1996.166667,cpu_multicore_rate2006_int_base,,SPECint_rate_base2006 (one chip),measured integer throughput of one CPU package in a published system,unresolved,unresolved,original_author_dataset,,,,,,,,unresolved,,No supported value found; retained as an explicit blank.
obs-cpu-multicore-rate2017-int-base-cornell-amd-k5-1996-03-01,cornell-amd-k5-1996-03-01,K5,AMD,historical processor dataset,cpu,cpu,1996-03-01,1996.166667,cpu_multicore_rate2017_int_base,,SPECrate2017_int_base (one chip),measured integer throughput of one CPU package in a published system,unresolved,unresolved,original_author_dataset,,,,,,,,unresolved,,No supported value found; retained as an explicit blank.
obs-cpu-multicore-index-cornell-amd-k5-1996-03-01,cornell-amd-k5-1996-03-01,K5,AMD,historical processor dataset,cpu,cpu,1996-03-01,1996.166667,cpu_multicore_index,,estimated one-chip throughput index (2003=100),estimated integer-throughput index derived from a measured one-CPU-package SPEC rate,unresolved,unresolved,original_author_dataset,,,,,,,,unresolved,,No supported value found; retained as an explicit blank.
obs-fp32-dense-peak-gflops-cornell-amd-k5-1996-03-01,cornell-amd-k5-1996-03-01,K5,AMD,historical processor dataset,cpu,cpu,1996-03-01,1996.166667,fp32_dense_peak_gflops,,GFLOP/s,dense non-tensor non-sparse FP32 vector peak,unresolved,unresolved,original_author_dataset,,,,,,,,unresolved,,No supported value found; retained as an explicit blank.
obs-transistors-million-cornell-dec-alpha-21164a-1996-07-01,cornell-dec-alpha-21164a-1996-07-01,Alpha 21164A,DEC,historical processor dataset,cpu,cpu,1996-07-01,1996.500000,transistors_million,9.67,million transistors,device or multi-die package transistor count,direct,high,primary,,,,,,{},,eligible,https://github.com/cornell-brg/processor-trends/blob/main/data/processor-trends.csv#L28; https://github.com/cornell-brg/processor-trends,"Matched against the cleaned Cornell processor-trends source derived from and independently checked against the Stanford/Horowitz data. Copied from the Cornell normalized-performance field, which follows the Stanford cross-suite SPECint normalization method."
obs-frequency-ghz-cornell-dec-alpha-21164a-1996-07-01,cornell-dec-alpha-21164a-1996-07-01,Alpha 21164A,DEC,historical processor dataset,cpu,cpu,1996-07-01,1996.500000,frequency_ghz,0.5,GHz,nominal/base clock unless source states otherwise,direct,high,primary,,,,,,{},,eligible,https://github.com/cornell-brg/processor-trends/blob/main/data/processor-trends.csv#L28; https://github.com/cornell-brg/processor-trends,"Matched against the cleaned Cornell processor-trends source derived from and independently checked against the Stanford/Horowitz data. Copied from the Cornell normalized-performance field, which follows the Stanford cross-suite SPECint normalization method."
obs-power-w-cornell-dec-alpha-21164a-1996-07-01,cornell-dec-alpha-21164a-1996-07-01,Alpha 21164A,DEC,historical processor dataset,cpu,cpu,1996-07-01,1996.500000,power_w,43,W,CPU TDP,direct,high,primary,,,,,,{},,eligible,https://github.com/cornell-brg/processor-trends/blob/main/data/processor-trends.csv#L28; https://github.com/cornell-brg/processor-trends,"Matched against the cleaned Cornell processor-trends source derived from and independently checked against the Stanford/Horowitz data. Copied from the Cornell normalized-performance field, which follows the Stanford cross-suite SPECint normalization method."
obs-cpu-physical-cores-cornell-dec-alpha-21164a-1996-07-01,cornell-dec-alpha-21164a-1996-07-01,Alpha 21164A,DEC,historical processor dataset,cpu,cpu,1996-07-01,1996.500000,cpu_physical_cores,1,physical cores,physical CPU cores,direct,high,primary,,,,,,{},,eligible,https://github.com/cornell-brg/processor-trends/blob/main/data/processor-trends.csv#L28; https://github.com/cornell-brg/processor-trends,"Matched against the cleaned Cornell processor-trends source derived from and independently checked against the Stanford/Horowitz data. Copied from the Cornell normalized-performance field, which follows the Stanford cross-suite SPECint normalization method."
obs-gpu-compute-units-cornell-dec-alpha-21164a-1996-07-01,cornell-dec-alpha-21164a-1996-07-01,Alpha 21164A,DEC,historical processor dataset,cpu,cpu,1996-07-01,1996.500000,gpu_compute_units,,SMs / CUs / GPU cores,"vendor-native GPU unit count; SM, CU, or Apple GPU core",unresolved,unresolved,original_author_dataset,,,,,,,,not_applicable_cpu,,No supported value found; retained as an explicit blank.
obs-cpu-single-thread-normalized-cornell-dec-alpha-21164a-1996-07-01,cornell-dec-alpha-21164a-1996-07-01,Alpha 21164A,DEC,historical processor dataset,cpu,cpu,1996-07-01,1996.500000,cpu_single_thread_normalized,1.02048,normalized single-core index (legacy SPEC scale),one-copy benchmark normalized by the documented suite-specific continuity rule,normalized,high,primary,,,Stanford/Cornell normalized SPECint2006-equivalent performance,,,{},,eligible,https://github.com/cornell-brg/processor-trends/blob/main/data/processor-trends.csv#L28; https://github.com/cornell-brg/processor-trends,"Matched against the cleaned Cornell processor-trends source derived from and independently checked against the Stanford/Horowitz data. Copied from the Cornell normalized-performance field, which follows the Stanford cross-suite SPECint normalization method."
obs-cpu-multicore-rate2000-int-base-cornell-dec-alpha-21164a-1996-07-01,cornell-dec-alpha-21164a-1996-07-01,Alpha 21164A,DEC,historical processor dataset,cpu,cpu,1996-07-01,1996.500000,cpu_multicore_rate2000_int_base,,SPECint_rate_base2000 (one chip),measured integer throughput of one CPU package in a published system,unresolved,unresolved,original_author_dataset,,,,,,,,unresolved,,No supported value found; retained as an explicit blank.
obs-cpu-multicore-rate2006-int-base-cornell-dec-alpha-21164a-1996-07-01,cornell-dec-alpha-21164a-1996-07-01,Alpha 21164A,DEC,historical processor dataset,cpu,cpu,1996-07-01,1996.500000,cpu_multicore_rate2006_int_base,,SPECint_rate_base2006 (one chip),measured integer throughput of one CPU package in a published system,unresolved,unresolved,original_author_dataset,,,,,,,,unresolved,,No supported value found; retained as an explicit blank.
obs-cpu-multicore-rate2017-int-base-cornell-dec-alpha-21164a-1996-07-01,cornell-dec-alpha-21164a-1996-07-01,Alpha 21164A,DEC,historical processor dataset,cpu,cpu,1996-07-01,1996.500000,cpu_multicore_rate2017_int_base,,SPECrate2017_int_base (one chip),measured integer throughput of one CPU package in a published system,unresolved,unresolved,original_author_dataset,,,,,,,,unresolved,,No supported value found; retained as an explicit blank.
obs-cpu-multicore-index-cornell-dec-alpha-21164a-1996-07-01,cornell-dec-alpha-21164a-1996-07-01,Alpha 21164A,DEC,historical processor dataset,cpu,cpu,1996-07-01,1996.500000,cpu_multicore_index,,estimated one-chip throughput index (2003=100),estimated integer-throughput index derived from a measured one-CPU-package SPEC rate,unresolved,unresolved,original_author_dataset,,,,,,,,unresolved,,No supported value found; retained as an explicit blank.
obs-fp32-dense-peak-gflops-cornell-dec-alpha-21164a-1996-07-01,cornell-dec-alpha-21164a-1996-07-01,Alpha 21164A,DEC,historical processor dataset,cpu,cpu,1996-07-01,1996.500000,fp32_dense_peak_gflops,,GFLOP/s,dense non-tensor non-sparse FP32 vector peak,unresolved,unresolved,original_author_dataset,,,,,,,,unresolved,,No supported value found; retained as an explicit blank.
obs-transistors-million-cornell-sun-ultrasparc-ii-1997-01-01,cornell-sun-ultrasparc-ii-1997-01-01,UltraSparc II,Sun,historical processor dataset,cpu,cpu,1997-01-01,1997.000000,transistors_million,5.4,million transistors,device or multi-die package transistor count,direct,high,primary,,,,,,{},,eligible,https://github.com/cornell-brg/processor-trends/blob/main/data/processor-trends.csv#L29; https://github.com/cornell-brg/processor-trends,"Matched against the cleaned Cornell processor-trends source derived from and independently checked against the Stanford/Horowitz data. Copied from the Cornell normalized-performance field, which follows the Stanford cross-suite SPECint normalization method."
obs-frequency-ghz-cornell-sun-ultrasparc-ii-1997-01-01,cornell-sun-ultrasparc-ii-1997-01-01,UltraSparc II,Sun,historical processor dataset,cpu,cpu,1997-01-01,1997.000000,frequency_ghz,0.25,GHz,nominal/base clock unless source states otherwise,direct,high,primary,,,,,,{},,eligible,https://github.com/cornell-brg/processor-trends/blob/main/data/processor-trends.csv#L29; https://github.com/cornell-brg/processor-trends,"Matched against the cleaned Cornell processor-trends source derived from and independently checked against the Stanford/Horowitz data. Copied from the Cornell normalized-performance field, which follows the Stanford cross-suite SPECint normalization method."
obs-power-w-cornell-sun-ultrasparc-ii-1997-01-01,cornell-sun-ultrasparc-ii-1997-01-01,UltraSparc II,Sun,historical processor dataset,cpu,cpu,1997-01-01,1997.000000,power_w,25,W,CPU TDP,direct,high,primary,,,,,,{},,eligible,https://github.com/cornell-brg/processor-trends/blob/main/data/processor-trends.csv#L29; https://github.com/cornell-brg/processor-trends,"Matched against the cleaned Cornell processor-trends source derived from and independently checked against the Stanford/Horowitz data. Copied from the Cornell normalized-performance field, which follows the Stanford cross-suite SPECint normalization method."
obs-cpu-physical-cores-cornell-sun-ultrasparc-ii-1997-01-01,cornell-sun-ultrasparc-ii-1997-01-01,UltraSparc II,Sun,historical processor dataset,cpu,cpu,1997-01-01,1997.000000,cpu_physical_cores,1,physical cores,physical CPU cores,direct,high,primary,,,,,,{},,eligible,https://github.com/cornell-brg/processor-trends/blob/main/data/processor-trends.csv#L29; https://github.com/cornell-brg/processor-trends,"Matched against the cleaned Cornell processor-trends source derived from and independently checked against the Stanford/Horowitz data. Copied from the Cornell normalized-performance field, which follows the Stanford cross-suite SPECint normalization method."
obs-gpu-compute-units-cornell-sun-ultrasparc-ii-1997-01-01,cornell-sun-ultrasparc-ii-1997-01-01,UltraSparc II,Sun,historical processor dataset,cpu,cpu,1997-01-01,1997.000000,gpu_compute_units,,SMs / CUs / GPU cores,"vendor-native GPU unit count; SM, CU, or Apple GPU core",unresolved,unresolved,original_author_dataset,,,,,,,,not_applicable_cpu,,No supported value found; retained as an explicit blank.
obs-cpu-single-thread-normalized-cornell-sun-ultrasparc-ii-1997-01-01,cornell-sun-ultrasparc-ii-1997-01-01,UltraSparc II,Sun,historical processor dataset,cpu,cpu,1997-01-01,1997.000000,cpu_single_thread_normalized,0.707533,normalized single-core index (legacy SPEC scale),one-copy benchmark normalized by the documented suite-specific continuity rule,normalized,high,primary,,,Stanford/Cornell normalized SPECint2006-equivalent performance,,,{},,eligible,https://github.com/cornell-brg/processor-trends/blob/main/data/processor-trends.csv#L29; https://github.com/cornell-brg/processor-trends,"Matched against the cleaned Cornell processor-trends source derived from and independently checked against the Stanford/Horowitz data. Copied from the Cornell normalized-performance field, which follows the Stanford cross-suite SPECint normalization method."
obs-cpu-multicore-rate2000-int-base-cornell-sun-ultrasparc-ii-1997-01-01,cornell-sun-ultrasparc-ii-1997-01-01,UltraSparc II,Sun,historical processor dataset,cpu,cpu,1997-01-01,1997.000000,cpu_multicore_rate2000_int_base,,SPECint_rate_base2000 (one chip),measured integer throughput of one CPU package in a published system,unresolved,unresolved,original_author_dataset,,,,,,,,unresolved,,No supported value found; retained as an explicit blank.
obs-cpu-multicore-rate2006-int-base-cornell-sun-ultrasparc-ii-1997-01-01,cornell-sun-ultrasparc-ii-1997-01-01,UltraSparc II,Sun,historical processor dataset,cpu,cpu,1997-01-01,1997.000000,cpu_multicore_rate2006_int_base,,SPECint_rate_base2006 (one chip),measured integer throughput of one CPU package in a published system,unresolved,unresolved,original_author_dataset,,,,,,,,unresolved,,No supported value found; retained as an explicit blank.
obs-cpu-multicore-rate2017-int-base-cornell-sun-ultrasparc-ii-1997-01-01,cornell-sun-ultrasparc-ii-1997-01-01,UltraSparc II,Sun,historical processor dataset,cpu,cpu,1997-01-01,1997.000000,cpu_multicore_rate2017_int_base,,SPECrate2017_int_base (one chip),measured integer throughput of one CPU package in a published system,unresolved,unresolved,original_author_dataset,,,,,,,,unresolved,,No supported value found; retained as an explicit blank.
obs-cpu-multicore-index-cornell-sun-ultrasparc-ii-1997-01-01,cornell-sun-ultrasparc-ii-1997-01-01,UltraSparc II,Sun,historical processor dataset,cpu,cpu,1997-01-01,1997.000000,cpu_multicore_index,,estimated one-chip throughput index (2003=100),estimated integer-throughput index derived from a measured one-CPU-package SPEC rate,unresolved,unresolved,original_author_dataset,,,,,,,,unresolved,,No supported value found; retained as an explicit blank.
obs-fp32-dense-peak-gflops-cornell-sun-ultrasparc-ii-1997-01-01,cornell-sun-ultrasparc-ii-1997-01-01,UltraSparc II,Sun,historical processor dataset,cpu,cpu,1997-01-01,1997.000000,fp32_dense_peak_gflops,,GFLOP/s,dense non-tensor non-sparse FP32 vector peak,unresolved,unresolved,original_author_dataset,,,,,,,,unresolved,,No supported value found; retained as an explicit blank.
obs-transistors-million-cornell-dec-alpha-21164pc-1997-03-01,cornell-dec-alpha-21164pc-1997-03-01,Alpha 21164PC,DEC,historical processor dataset,cpu,cpu,1997-03-01,1997.166667,transistors_million,3.5,million transistors,device or multi-die package transistor count,direct,high,primary,,,,,,{},,eligible,https://github.com/cornell-brg/processor-trends/blob/main/data/processor-trends.csv#L30; https://github.com/cornell-brg/processor-trends,"Matched against the cleaned Cornell processor-trends source derived from and independently checked against the Stanford/Horowitz data. Copied from the Cornell normalized-performance field, which follows the Stanford cross-suite SPECint normalization method."
obs-frequency-ghz-cornell-dec-alpha-21164pc-1997-03-01,cornell-dec-alpha-21164pc-1997-03-01,Alpha 21164PC,DEC,historical processor dataset,cpu,cpu,1997-03-01,1997.166667,frequency_ghz,0.533,GHz,nominal/base clock unless source states otherwise,direct,high,primary,,,,,,{},,eligible,https://github.com/cornell-brg/processor-trends/blob/main/data/processor-trends.csv#L30; https://github.com/cornell-brg/processor-trends,"Matched against the cleaned Cornell processor-trends source derived from and independently checked against the Stanford/Horowitz data. Copied from the Cornell normalized-performance field, which follows the Stanford cross-suite SPECint normalization method."
obs-power-w-cornell-dec-alpha-21164pc-1997-03-01,cornell-dec-alpha-21164pc-1997-03-01,Alpha 21164PC,DEC,historical processor dataset,cpu,cpu,1997-03-01,1997.166667,power_w,36,W,CPU TDP,direct,high,primary,,,,,,{},,eligible,https://github.com/cornell-brg/processor-trends/blob/main/data/processor-trends.csv#L30; https://github.com/cornell-brg/processor-trends,"Matched against the cleaned Cornell processor-trends source derived from and independently checked against the Stanford/Horowitz data. Copied from the Cornell normalized-performance field, which follows the Stanford cross-suite SPECint normalization method."
obs-cpu-physical-cores-cornell-dec-alpha-21164pc-1997-03-01,cornell-dec-alpha-21164pc-1997-03-01,Alpha 21164PC,DEC,historical processor dataset,cpu,cpu,1997-03-01,1997.166667,cpu_physical_cores,1,physical cores,physical CPU cores,direct,high,primary,,,,,,{},,eligible,https://github.com/cornell-brg/processor-trends/blob/main/data/processor-trends.csv#L30; https://github.com/cornell-brg/processor-trends,"Matched against the cleaned Cornell processor-trends source derived from and independently checked against the Stanford/Horowitz data. Copied from the Cornell normalized-performance field, which follows the Stanford cross-suite SPECint normalization method."
obs-gpu-compute-units-cornell-dec-alpha-21164pc-1997-03-01,cornell-dec-alpha-21164pc-1997-03-01,Alpha 21164PC,DEC,historical processor dataset,cpu,cpu,1997-03-01,1997.166667,gpu_compute_units,,SMs / CUs / GPU cores,"vendor-native GPU unit count; SM, CU, or Apple GPU core",unresolved,unresolved,original_author_dataset,,,,,,,,not_applicable_cpu,,No supported value found; retained as an explicit blank.
obs-cpu-single-thread-normalized-cornell-dec-alpha-21164pc-1997-03-01,cornell-dec-alpha-21164pc-1997-03-01,Alpha 21164PC,DEC,historical processor dataset,cpu,cpu,1997-03-01,1997.166667,cpu_single_thread_normalized,0.972858,normalized single-core index (legacy SPEC scale),one-copy benchmark normalized by the documented suite-specific continuity rule,normalized,high,primary,,,Stanford/Cornell normalized SPECint2006-equivalent performance,,,{},,eligible,https://github.com/cornell-brg/processor-trends/blob/main/data/processor-trends.csv#L30; https://github.com/cornell-brg/processor-trends,"Matched against the cleaned Cornell processor-trends source derived from and independently checked against the Stanford/Horowitz data. Copied from the Cornell normalized-performance field, which follows the Stanford cross-suite SPECint normalization method."
obs-cpu-multicore-rate2000-int-base-cornell-dec-alpha-21164pc-1997-03-01,cornell-dec-alpha-21164pc-1997-03-01,Alpha 21164PC,DEC,historical processor dataset,cpu,cpu,1997-03-01,1997.166667,cpu_multicore_rate2000_int_base,,SPECint_rate_base2000 (one chip),measured integer throughput of one CPU package in a published system,unresolved,unresolved,original_author_dataset,,,,,,,,unresolved,,No supported value found; retained as an explicit blank.
obs-cpu-multicore-rate2006-int-base-cornell-dec-alpha-21164pc-1997-03-01,cornell-dec-alpha-21164pc-1997-03-01,Alpha 21164PC,DEC,historical processor dataset,cpu,cpu,1997-03-01,1997.166667,cpu_multicore_rate2006_int_base,,SPECint_rate_base2006 (one chip),measured integer throughput of one CPU package in a published system,unresolved,unresolved,original_author_dataset,,,,,,,,unresolved,,No supported value found; retained as an explicit blank.
obs-cpu-multicore-rate2017-int-base-cornell-dec-alpha-21164pc-1997-03-01,cornell-dec-alpha-21164pc-1997-03-01,Alpha 21164PC,DEC,historical processor dataset,cpu,cpu,1997-03-01,1997.166667,cpu_multicore_rate2017_int_base,,SPECrate2017_int_base (one chip),measured integer throughput of one CPU package in a published system,unresolved,unresolved,original_author_dataset,,,,,,,,unresolved,,No supported value found; retained as an explicit blank.
obs-cpu-multicore-index-cornell-dec-alpha-21164pc-1997-03-01,cornell-dec-alpha-21164pc-1997-03-01,Alpha 21164PC,DEC,historical processor dataset,cpu,cpu,1997-03-01,1997.166667,cpu_multicore_index,,estimated one-chip throughput index (2003=100),estimated integer-throughput index derived from a measured one-CPU-package SPEC rate,unresolved,unresolved,original_author_dataset,,,,,,,,unresolved,,No supported value found; retained as an explicit blank.
obs-fp32-dense-peak-gflops-cornell-dec-alpha-21164pc-1997-03-01,cornell-dec-alpha-21164pc-1997-03-01,Alpha 21164PC,DEC,historical processor dataset,cpu,cpu,1997-03-01,1997.166667,fp32_dense_peak_gflops,,GFLOP/s,dense non-tensor non-sparse FP32 vector peak,unresolved,unresolved,original_author_dataset,,,,,,,,unresolved,,No supported value found; retained as an explicit blank.
obs-transistors-million-cornell-amd-k6-1997-04-01,cornell-amd-k6-1997-04-01,K6,AMD,historical processor dataset,cpu,cpu,1997-04-01,1997.250000,transistors_million,8.8,million transistors,device or multi-die package transistor count,direct,high,primary,,,,,,{},,eligible,https://github.com/cornell-brg/processor-trends/blob/main/data/processor-trends.csv#L31; https://github.com/cornell-brg/processor-trends,"Matched against the cleaned Cornell processor-trends source derived from and independently checked against the Stanford/Horowitz data. Copied from the Cornell normalized-performance field, which follows the Stanford cross-suite SPECint normalization method."
obs-frequency-ghz-cornell-amd-k6-1997-04-01,cornell-amd-k6-1997-04-01,K6,AMD,historical processor dataset,cpu,cpu,1997-04-01,1997.250000,frequency_ghz,0.233,GHz,nominal/base clock unless source states otherwise,direct,high,primary,,,,,,{},,eligible,https://github.com/cornell-brg/processor-trends/blob/main/data/processor-trends.csv#L31; https://github.com/cornell-brg/processor-trends,"Matched against the cleaned Cornell processor-trends source derived from and independently checked against the Stanford/Horowitz data. Copied from the Cornell normalized-performance field, which follows the Stanford cross-suite SPECint normalization method."
obs-power-w-cornell-amd-k6-1997-04-01,cornell-amd-k6-1997-04-01,K6,AMD,historical processor dataset,cpu,cpu,1997-04-01,1997.250000,power_w,17,W,CPU TDP,direct,high,primary,,,,,,{},,eligible,https://github.com/cornell-brg/processor-trends/blob/main/data/processor-trends.csv#L31; https://github.com/cornell-brg/processor-trends,"Matched against the cleaned Cornell processor-trends source derived from and independently checked against the Stanford/Horowitz data. Copied from the Cornell normalized-performance field, which follows the Stanford cross-suite SPECint normalization method."
obs-cpu-physical-cores-cornell-amd-k6-1997-04-01,cornell-amd-k6-1997-04-01,K6,AMD,historical processor dataset,cpu,cpu,1997-04-01,1997.250000,cpu_physical_cores,1,physical cores,physical CPU cores,direct,high,primary,,,,,,{},,eligible,https://github.com/cornell-brg/processor-trends/blob/main/data/processor-trends.csv#L31; https://github.com/cornell-brg/processor-trends,"Matched against the cleaned Cornell processor-trends source derived from and independently checked against the Stanford/Horowitz data. Copied from the Cornell normalized-performance field, which follows the Stanford cross-suite SPECint normalization method."
obs-gpu-compute-units-cornell-amd-k6-1997-04-01,cornell-amd-k6-1997-04-01,K6,AMD,historical processor dataset,cpu,cpu,1997-04-01,1997.250000,gpu_compute_units,,SMs / CUs / GPU cores,"vendor-native GPU unit count; SM, CU, or Apple GPU core",unresolved,unresolved,original_author_dataset,,,,,,,,not_applicable_cpu,,No supported value found; retained as an explicit blank.
obs-cpu-single-thread-normalized-cornell-amd-k6-1997-04-01,cornell-amd-k6-1997-04-01,K6,AMD,historical processor dataset,cpu,cpu,1997-04-01,1997.250000,cpu_single_thread_normalized,0.462618,normalized single-core index (legacy SPEC scale),one-copy benchmark normalized by the documented suite-specific continuity rule,normalized,high,primary,,,Stanford/Cornell normalized SPECint2006-equivalent performance,,,{},,eligible,https://github.com/cornell-brg/processor-trends/blob/main/data/processor-trends.csv#L31; https://github.com/cornell-brg/processor-trends,"Matched against the cleaned Cornell processor-trends source derived from and independently checked against the Stanford/Horowitz data. Copied from the Cornell normalized-performance field, which follows the Stanford cross-suite SPECint normalization method."
obs-cpu-multicore-rate2000-int-base-cornell-amd-k6-1997-04-01,cornell-amd-k6-1997-04-01,K6,AMD,historical processor dataset,cpu,cpu,1997-04-01,1997.250000,cpu_multicore_rate2000_int_base,,SPECint_rate_base2000 (one chip),measured integer throughput of one CPU package in a published system,unresolved,unresolved,original_author_dataset,,,,,,,,unresolved,,No supported value found; retained as an explicit blank.
obs-cpu-multicore-rate2006-int-base-cornell-amd-k6-1997-04-01,cornell-amd-k6-1997-04-01,K6,AMD,historical processor dataset,cpu,cpu,1997-04-01,1997.250000,cpu_multicore_rate2006_int_base,,SPECint_rate_base2006 (one chip),measured integer throughput of one CPU package in a published system,unresolved,unresolved,original_author_dataset,,,,,,,,unresolved,,No supported value found; retained as an explicit blank.
obs-cpu-multicore-rate2017-int-base-cornell-amd-k6-1997-04-01,cornell-amd-k6-1997-04-01,K6,AMD,historical processor dataset,cpu,cpu,1997-04-01,1997.250000,cpu_multicore_rate2017_int_base,,SPECrate2017_int_base (one chip),measured integer throughput of one CPU package in a published system,unresolved,unresolved,original_author_dataset,,,,,,,,unresolved,,No supported value found; retained as an explicit blank.
obs-cpu-multicore-index-cornell-amd-k6-1997-04-01,cornell-amd-k6-1997-04-01,K6,AMD,historical processor dataset,cpu,cpu,1997-04-01,1997.250000,cpu_multicore_index,,estimated one-chip throughput index (2003=100),estimated integer-throughput index derived from a measured one-CPU-package SPEC rate,unresolved,unresolved,original_author_dataset,,,,,,,,unresolved,,No supported value found; retained as an explicit blank.
obs-fp32-dense-peak-gflops-cornell-amd-k6-1997-04-01,cornell-amd-k6-1997-04-01,K6,AMD,historical processor dataset,cpu,cpu,1997-04-01,1997.250000,fp32_dense_peak_gflops,,GFLOP/s,dense non-tensor non-sparse FP32 vector peak,unresolved,unresolved,original_author_dataset,,,,,,,,unresolved,,No supported value found; retained as an explicit blank.
obs-transistors-million-cornell-intel-pentium-ii-klamath-1997-05-01,cornell-intel-pentium-ii-klamath-1997-05-01,Pentium II (klamath),Intel,historical processor dataset,cpu,cpu,1997-05-01,1997.333333,transistors_million,7.5,million transistors,device or multi-die package transistor count,direct,high,primary,,,,,,{},,eligible,https://github.com/cornell-brg/processor-trends/blob/main/data/processor-trends.csv#L32; https://github.com/cornell-brg/processor-trends,"Matched against the cleaned Cornell processor-trends source derived from and independently checked against the Stanford/Horowitz data. Copied from the Cornell normalized-performance field, which follows the Stanford cross-suite SPECint normalization method."
obs-frequency-ghz-cornell-intel-pentium-ii-klamath-1997-05-01,cornell-intel-pentium-ii-klamath-1997-05-01,Pentium II (klamath),Intel,historical processor dataset,cpu,cpu,1997-05-01,1997.333333,frequency_ghz,0.3,GHz,nominal/base clock unless source states otherwise,direct,high,primary,,,,,,{},,eligible,https://github.com/cornell-brg/processor-trends/blob/main/data/processor-trends.csv#L32; https://github.com/cornell-brg/processor-trends,"Matched against the cleaned Cornell processor-trends source derived from and independently checked against the Stanford/Horowitz data. Copied from the Cornell normalized-performance field, which follows the Stanford cross-suite SPECint normalization method."
obs-power-w-cornell-intel-pentium-ii-klamath-1997-05-01,cornell-intel-pentium-ii-klamath-1997-05-01,Pentium II (klamath),Intel,historical processor dataset,cpu,cpu,1997-05-01,1997.333333,power_w,32,W,CPU TDP,direct,high,primary,,,,,,{},,eligible,https://github.com/cornell-brg/processor-trends/blob/main/data/processor-trends.csv#L32; https://github.com/cornell-brg/processor-trends,"Matched against the cleaned Cornell processor-trends source derived from and independently checked against the Stanford/Horowitz data. Copied from the Cornell normalized-performance field, which follows the Stanford cross-suite SPECint normalization method."
obs-cpu-physical-cores-cornell-intel-pentium-ii-klamath-1997-05-01,cornell-intel-pentium-ii-klamath-1997-05-01,Pentium II (klamath),Intel,historical processor dataset,cpu,cpu,1997-05-01,1997.333333,cpu_physical_cores,1,physical cores,physical CPU cores,direct,high,primary,,,,,,{},,eligible,https://github.com/cornell-brg/processor-trends/blob/main/data/processor-trends.csv#L32; https://github.com/cornell-brg/processor-trends,"Matched against the cleaned Cornell processor-trends source derived from and independently checked against the Stanford/Horowitz data. Copied from the Cornell normalized-performance field, which follows the Stanford cross-suite SPECint normalization method."
obs-gpu-compute-units-cornell-intel-pentium-ii-klamath-1997-05-01,cornell-intel-pentium-ii-klamath-1997-05-01,Pentium II (klamath),Intel,historical processor dataset,cpu,cpu,1997-05-01,1997.333333,gpu_compute_units,,SMs / CUs / GPU cores,"vendor-native GPU unit count; SM, CU, or Apple GPU core",unresolved,unresolved,original_author_dataset,,,,,,,,not_applicable_cpu,,No supported value found; retained as an explicit blank.
obs-cpu-single-thread-normalized-cornell-intel-pentium-ii-klamath-1997-05-01,cornell-intel-pentium-ii-klamath-1997-05-01,Pentium II (klamath),Intel,historical processor dataset,cpu,cpu,1997-05-01,1997.333333,cpu_single_thread_normalized,0.795974,normalized single-core index (legacy SPEC scale),one-copy benchmark normalized by the documented suite-specific continuity rule,normalized,high,primary,,,Stanford/Cornell normalized SPECint2006-equivalent performance,,,{},,eligible,https://github.com/cornell-brg/processor-trends/blob/main/data/processor-trends.csv#L32; https://github.com/cornell-brg/processor-trends,"Matched against the cleaned Cornell processor-trends source derived from and independently checked against the Stanford/Horowitz data. Copied from the Cornell normalized-performance field, which follows the Stanford cross-suite SPECint normalization method."
obs-cpu-multicore-rate2000-int-base-cornell-intel-pentium-ii-klamath-1997-05-01,cornell-intel-pentium-ii-klamath-1997-05-01,Pentium II (klamath),Intel,historical processor dataset,cpu,cpu,1997-05-01,1997.333333,cpu_multicore_rate2000_int_base,,SPECint_rate_base2000 (one chip),measured integer throughput of one CPU package in a published system,unresolved,unresolved,original_author_dataset,,,,,,,,unresolved,,No supported value found; retained as an explicit blank.
obs-cpu-multicore-rate2006-int-base-cornell-intel-pentium-ii-klamath-1997-05-01,cornell-intel-pentium-ii-klamath-1997-05-01,Pentium II (klamath),Intel,historical processor dataset,cpu,cpu,1997-05-01,1997.333333,cpu_multicore_rate2006_int_base,,SPECint_rate_base2006 (one chip),measured integer throughput of one CPU package in a published system,unresolved,unresolved,original_author_dataset,,,,,,,,unresolved,,No supported value found; retained as an explicit blank.
obs-cpu-multicore-rate2017-int-base-cornell-intel-pentium-ii-klamath-1997-05-01,cornell-intel-pentium-ii-klamath-1997-05-01,Pentium II (klamath),Intel,historical processor dataset,cpu,cpu,1997-05-01,1997.333333,cpu_multicore_rate2017_int_base,,SPECrate2017_int_base (one chip),measured integer throughput of one CPU package in a published system,unresolved,unresolved,original_author_dataset,,,,,,,,unresolved,,No supported value found; retained as an explicit blank.
obs-cpu-multicore-index-cornell-intel-pentium-ii-klamath-1997-05-01,cornell-intel-pentium-ii-klamath-1997-05-01,Pentium II (klamath),Intel,historical processor dataset,cpu,cpu,1997-05-01,1997.333333,cpu_multicore_index,,estimated one-chip throughput index (2003=100),estimated integer-throughput index derived from a measured one-CPU-package SPEC rate,unresolved,unresolved,original_author_dataset,,,,,,,,unresolved,,No supported value found; retained as an explicit blank.
obs-fp32-dense-peak-gflops-cornell-intel-pentium-ii-klamath-1997-05-01,cornell-intel-pentium-ii-klamath-1997-05-01,Pentium II (klamath),Intel,historical processor dataset,cpu,cpu,1997-05-01,1997.333333,fp32_dense_peak_gflops,,GFLOP/s,dense non-tensor non-sparse FP32 vector peak,unresolved,unresolved,original_author_dataset,,,,,,,,unresolved,,No supported value found; retained as an explicit blank.
obs-transistors-million-cornell-dec-alpha-21264-1998-07-01,cornell-dec-alpha-21264-1998-07-01,Alpha 21264,DEC,historical processor dataset,cpu,cpu,1998-07-01,1998.500000,transistors_million,15.2,million transistors,device or multi-die package transistor count,direct,high,primary,,,,,,{},,eligible,https://github.com/cornell-brg/processor-trends/blob/main/data/processor-trends.csv#L33; https://github.com/cornell-brg/processor-trends,"Matched against the cleaned Cornell processor-trends source derived from and independently checked against the Stanford/Horowitz data. Copied from the Cornell normalized-performance field, which follows the Stanford cross-suite SPECint normalization method."
obs-frequency-ghz-cornell-dec-alpha-21264-1998-07-01,cornell-dec-alpha-21264-1998-07-01,Alpha 21264,DEC,historical processor dataset,cpu,cpu,1998-07-01,1998.500000,frequency_ghz,0.5,GHz,nominal/base clock unless source states otherwise,direct,high,primary,,,,,,{},,eligible,https://github.com/cornell-brg/processor-trends/blob/main/data/processor-trends.csv#L33; https://github.com/cornell-brg/processor-trends,"Matched against the cleaned Cornell processor-trends source derived from and independently checked against the Stanford/Horowitz data. Copied from the Cornell normalized-performance field, which follows the Stanford cross-suite SPECint normalization method."
obs-power-w-cornell-dec-alpha-21264-1998-07-01,cornell-dec-alpha-21264-1998-07-01,Alpha 21264,DEC,historical processor dataset,cpu,cpu,1998-07-01,1998.500000,power_w,91,W,CPU TDP,direct,high,primary,,,,,,{},,eligible,https://github.com/cornell-brg/processor-trends/blob/main/data/processor-trends.csv#L33; https://github.com/cornell-brg/processor-trends,"Matched against the cleaned Cornell processor-trends source derived from and independently checked against the Stanford/Horowitz data. Copied from the Cornell normalized-performance field, which follows the Stanford cross-suite SPECint normalization method."
obs-cpu-physical-cores-cornell-dec-alpha-21264-1998-07-01,cornell-dec-alpha-21264-1998-07-01,Alpha 21264,DEC,historical processor dataset,cpu,cpu,1998-07-01,1998.500000,cpu_physical_cores,1,physical cores,physical CPU cores,direct,high,primary,,,,,,{},,eligible,https://github.com/cornell-brg/processor-trends/blob/main/data/processor-trends.csv#L33; https://github.com/cornell-brg/processor-trends,"Matched against the cleaned Cornell processor-trends source derived from and independently checked against the Stanford/Horowitz data. Copied from the Cornell normalized-performance field, which follows the Stanford cross-suite SPECint normalization method."
obs-gpu-compute-units-cornell-dec-alpha-21264-1998-07-01,cornell-dec-alpha-21264-1998-07-01,Alpha 21264,DEC,historical processor dataset,cpu,cpu,1998-07-01,1998.500000,gpu_compute_units,,SMs / CUs / GPU cores,"vendor-native GPU unit count; SM, CU, or Apple GPU core",unresolved,unresolved,original_author_dataset,,,,,,,,not_applicable_cpu,,No supported value found; retained as an explicit blank.
obs-cpu-single-thread-normalized-cornell-dec-alpha-21264-1998-07-01,cornell-dec-alpha-21264-1998-07-01,Alpha 21264,DEC,historical processor dataset,cpu,cpu,1998-07-01,1998.500000,cpu_single_thread_normalized,1.9904,normalized single-core index (legacy SPEC scale),one-copy benchmark normalized by the documented suite-specific continuity rule,normalized,high,primary,,,Stanford/Cornell normalized SPECint2006-equivalent performance,,,{},,eligible,https://github.com/cornell-brg/processor-trends/blob/main/data/processor-trends.csv#L33; https://github.com/cornell-brg/processor-trends,"Matched against the cleaned Cornell processor-trends source derived from and independently checked against the Stanford/Horowitz data. Copied from the Cornell normalized-performance field, which follows the Stanford cross-suite SPECint normalization method."
obs-cpu-multicore-rate2000-int-base-cornell-dec-alpha-21264-1998-07-01,cornell-dec-alpha-21264-1998-07-01,Alpha 21264,DEC,historical processor dataset,cpu,cpu,1998-07-01,1998.500000,cpu_multicore_rate2000_int_base,,SPECint_rate_base2000 (one chip),measured integer throughput of one CPU package in a published system,unresolved,unresolved,original_author_dataset,,,,,,,,unresolved,,No supported value found; retained as an explicit blank.
obs-cpu-multicore-rate2006-int-base-cornell-dec-alpha-21264-1998-07-01,cornell-dec-alpha-21264-1998-07-01,Alpha 21264,DEC,historical processor dataset,cpu,cpu,1998-07-01,1998.500000,cpu_multicore_rate2006_int_base,,SPECint_rate_base2006 (one chip),measured integer throughput of one CPU package in a published system,unresolved,unresolved,original_author_dataset,,,,,,,,unresolved,,No supported value found; retained as an explicit blank.
obs-cpu-multicore-rate2017-int-base-cornell-dec-alpha-21264-1998-07-01,cornell-dec-alpha-21264-1998-07-01,Alpha 21264,DEC,historical processor dataset,cpu,cpu,1998-07-01,1998.500000,cpu_multicore_rate2017_int_base,,SPECrate2017_int_base (one chip),measured integer throughput of one CPU package in a published system,unresolved,unresolved,original_author_dataset,,,,,,,,unresolved,,No supported value found; retained as an explicit blank.
obs-cpu-multicore-index-cornell-dec-alpha-21264-1998-07-01,cornell-dec-alpha-21264-1998-07-01,Alpha 21264,DEC,historical processor dataset,cpu,cpu,1998-07-01,1998.500000,cpu_multicore_index,,estimated one-chip throughput index (2003=100),estimated integer-throughput index derived from a measured one-CPU-package SPEC rate,unresolved,unresolved,original_author_dataset,,,,,,,,unresolved,,No supported value found; retained as an explicit blank.
obs-fp32-dense-peak-gflops-cornell-dec-alpha-21264-1998-07-01,cornell-dec-alpha-21264-1998-07-01,Alpha 21264,DEC,historical processor dataset,cpu,cpu,1998-07-01,1998.500000,fp32_dense_peak_gflops,,GFLOP/s,dense non-tensor non-sparse FP32 vector peak,unresolved,unresolved,original_author_dataset,,,,,,,,unresolved,,No supported value found; retained as an explicit blank.
obs-transistors-million-cornell-amd-k6-2-1998-11-01,cornell-amd-k6-2-1998-11-01,K6-2,AMD,historical processor dataset,cpu,cpu,1998-11-01,1998.833333,transistors_million,9.3,million transistors,device or multi-die package transistor count,direct,high,primary,,,,,,{},,eligible,https://github.com/cornell-brg/processor-trends/blob/main/data/processor-trends.csv#L35; https://github.com/cornell-brg/processor-trends,"Matched against the cleaned Cornell processor-trends source derived from and independently checked against the Stanford/Horowitz data. Copied from the Cornell normalized-performance field, which follows the Stanford cross-suite SPECint normalization method."
obs-frequency-ghz-cornell-amd-k6-2-1998-11-01,cornell-amd-k6-2-1998-11-01,K6-2,AMD,historical processor dataset,cpu,cpu,1998-11-01,1998.833333,frequency_ghz,0.4,GHz,nominal/base clock unless source states otherwise,direct,high,primary,,,,,,{},,eligible,https://github.com/cornell-brg/processor-trends/blob/main/data/processor-trends.csv#L35; https://github.com/cornell-brg/processor-trends,"Matched against the cleaned Cornell processor-trends source derived from and independently checked against the Stanford/Horowitz data. Copied from the Cornell normalized-performance field, which follows the Stanford cross-suite SPECint normalization method."
obs-power-w-cornell-amd-k6-2-1998-11-01,cornell-amd-k6-2-1998-11-01,K6-2,AMD,historical processor dataset,cpu,cpu,1998-11-01,1998.833333,power_w,14,W,CPU TDP,direct,high,primary,,,,,,{},,eligible,https://github.com/cornell-brg/processor-trends/blob/main/data/processor-trends.csv#L35; https://github.com/cornell-brg/processor-trends,"Matched against the cleaned Cornell processor-trends source derived from and independently checked against the Stanford/Horowitz data. Copied from the Cornell normalized-performance field, which follows the Stanford cross-suite SPECint normalization method."
obs-cpu-physical-cores-cornell-amd-k6-2-1998-11-01,cornell-amd-k6-2-1998-11-01,K6-2,AMD,historical processor dataset,cpu,cpu,1998-11-01,1998.833333,cpu_physical_cores,1,physical cores,physical CPU cores,direct,high,primary,,,,,,{},,eligible,https://github.com/cornell-brg/processor-trends/blob/main/data/processor-trends.csv#L35; https://github.com/cornell-brg/processor-trends,"Matched against the cleaned Cornell processor-trends source derived from and independently checked against the Stanford/Horowitz data. Copied from the Cornell normalized-performance field, which follows the Stanford cross-suite SPECint normalization method."
obs-gpu-compute-units-cornell-amd-k6-2-1998-11-01,cornell-amd-k6-2-1998-11-01,K6-2,AMD,historical processor dataset,cpu,cpu,1998-11-01,1998.833333,gpu_compute_units,,SMs / CUs / GPU cores,"vendor-native GPU unit count; SM, CU, or Apple GPU core",unresolved,unresolved,original_author_dataset,,,,,,,,not_applicable_cpu,,No supported value found; retained as an explicit blank.
obs-cpu-single-thread-normalized-cornell-amd-k6-2-1998-11-01,cornell-amd-k6-2-1998-11-01,K6-2,AMD,historical processor dataset,cpu,cpu,1998-11-01,1998.833333,cpu_single_thread_normalized,0.646304,normalized single-core index (legacy SPEC scale),one-copy benchmark normalized by the documented suite-specific continuity rule,normalized,high,primary,,,Stanford/Cornell normalized SPECint2006-equivalent performance,,,{},,eligible,https://github.com/cornell-brg/processor-trends/blob/main/data/processor-trends.csv#L35; https://github.com/cornell-brg/processor-trends,"Matched against the cleaned Cornell processor-trends source derived from and independently checked against the Stanford/Horowitz data. Copied from the Cornell normalized-performance field, which follows the Stanford cross-suite SPECint normalization method."
obs-cpu-multicore-rate2000-int-base-cornell-amd-k6-2-1998-11-01,cornell-amd-k6-2-1998-11-01,K6-2,AMD,historical processor dataset,cpu,cpu,1998-11-01,1998.833333,cpu_multicore_rate2000_int_base,,SPECint_rate_base2000 (one chip),measured integer throughput of one CPU package in a published system,unresolved,unresolved,original_author_dataset,,,,,,,,unresolved,,No supported value found; retained as an explicit blank.
obs-cpu-multicore-rate2006-int-base-cornell-amd-k6-2-1998-11-01,cornell-amd-k6-2-1998-11-01,K6-2,AMD,historical processor dataset,cpu,cpu,1998-11-01,1998.833333,cpu_multicore_rate2006_int_base,,SPECint_rate_base2006 (one chip),measured integer throughput of one CPU package in a published system,unresolved,unresolved,original_author_dataset,,,,,,,,unresolved,,No supported value found; retained as an explicit blank.
obs-cpu-multicore-rate2017-int-base-cornell-amd-k6-2-1998-11-01,cornell-amd-k6-2-1998-11-01,K6-2,AMD,historical processor dataset,cpu,cpu,1998-11-01,1998.833333,cpu_multicore_rate2017_int_base,,SPECrate2017_int_base (one chip),measured integer throughput of one CPU package in a published system,unresolved,unresolved,original_author_dataset,,,,,,,,unresolved,,No supported value found; retained as an explicit blank.
obs-cpu-multicore-index-cornell-amd-k6-2-1998-11-01,cornell-amd-k6-2-1998-11-01,K6-2,AMD,historical processor dataset,cpu,cpu,1998-11-01,1998.833333,cpu_multicore_index,,estimated one-chip throughput index (2003=100),estimated integer-throughput index derived from a measured one-CPU-package SPEC rate,unresolved,unresolved,original_author_dataset,,,,,,,,unresolved,,No supported value found; retained as an explicit blank.
obs-fp32-dense-peak-gflops-cornell-amd-k6-2-1998-11-01,cornell-amd-k6-2-1998-11-01,K6-2,AMD,historical processor dataset,cpu,cpu,1998-11-01,1998.833333,fp32_dense_peak_gflops,,GFLOP/s,dense non-tensor non-sparse FP32 vector peak,unresolved,unresolved,original_author_dataset,,,,,,,,unresolved,,No supported value found; retained as an explicit blank.
obs-transistors-million-cornell-mips-r12000-1998-11-01,cornell-mips-r12000-1998-11-01,R12000,Mips,historical processor dataset,cpu,cpu,1998-11-01,1998.833333,transistors_million,6.9,million transistors,device or multi-die package transistor count,direct,high,primary,,,,,,{},,eligible,https://github.com/cornell-brg/processor-trends/blob/main/data/processor-trends.csv#L34; https://github.com/cornell-brg/processor-trends,"Matched against the cleaned Cornell processor-trends source derived from and independently checked against the Stanford/Horowitz data. Copied from the Cornell normalized-performance field, which follows the Stanford cross-suite SPECint normalization method."
obs-frequency-ghz-cornell-mips-r12000-1998-11-01,cornell-mips-r12000-1998-11-01,R12000,Mips,historical processor dataset,cpu,cpu,1998-11-01,1998.833333,frequency_ghz,0.3,GHz,nominal/base clock unless source states otherwise,direct,high,primary,,,,,,{},,eligible,https://github.com/cornell-brg/processor-trends/blob/main/data/processor-trends.csv#L34; https://github.com/cornell-brg/processor-trends,"Matched against the cleaned Cornell processor-trends source derived from and independently checked against the Stanford/Horowitz data. Copied from the Cornell normalized-performance field, which follows the Stanford cross-suite SPECint normalization method."
obs-power-w-cornell-mips-r12000-1998-11-01,cornell-mips-r12000-1998-11-01,R12000,Mips,historical processor dataset,cpu,cpu,1998-11-01,1998.833333,power_w,30,W,CPU TDP,direct,high,primary,,,,,,{},,eligible,https://github.com/cornell-brg/processor-trends/blob/main/data/processor-trends.csv#L34; https://github.com/cornell-brg/processor-trends,"Matched against the cleaned Cornell processor-trends source derived from and independently checked against the Stanford/Horowitz data. Copied from the Cornell normalized-performance field, which follows the Stanford cross-suite SPECint normalization method."
obs-cpu-physical-cores-cornell-mips-r12000-1998-11-01,cornell-mips-r12000-1998-11-01,R12000,Mips,historical processor dataset,cpu,cpu,1998-11-01,1998.833333,cpu_physical_cores,1,physical cores,physical CPU cores,direct,high,primary,,,,,,{},,eligible,https://github.com/cornell-brg/processor-trends/blob/main/data/processor-trends.csv#L34; https://github.com/cornell-brg/processor-trends,"Matched against the cleaned Cornell processor-trends source derived from and independently checked against the Stanford/Horowitz data. Copied from the Cornell normalized-performance field, which follows the Stanford cross-suite SPECint normalization method."
obs-gpu-compute-units-cornell-mips-r12000-1998-11-01,cornell-mips-r12000-1998-11-01,R12000,Mips,historical processor dataset,cpu,cpu,1998-11-01,1998.833333,gpu_compute_units,,SMs / CUs / GPU cores,"vendor-native GPU unit count; SM, CU, or Apple GPU core",unresolved,unresolved,original_author_dataset,,,,,,,,not_applicable_cpu,,No supported value found; retained as an explicit blank.
obs-cpu-single-thread-normalized-cornell-mips-r12000-1998-11-01,cornell-mips-r12000-1998-11-01,R12000,Mips,historical processor dataset,cpu,cpu,1998-11-01,1998.833333,cpu_single_thread_normalized,1.251789,normalized single-core index (legacy SPEC scale),one-copy benchmark normalized by the documented suite-specific continuity rule,normalized,high,primary,,,Stanford/Cornell normalized SPECint2006-equivalent performance,,,{},,eligible,https://github.com/cornell-brg/processor-trends/blob/main/data/processor-trends.csv#L34; https://github.com/cornell-brg/processor-trends,"Matched against the cleaned Cornell processor-trends source derived from and independently checked against the Stanford/Horowitz data. Copied from the Cornell normalized-performance field, which follows the Stanford cross-suite SPECint normalization method."
obs-cpu-multicore-rate2000-int-base-cornell-mips-r12000-1998-11-01,cornell-mips-r12000-1998-11-01,R12000,Mips,historical processor dataset,cpu,cpu,1998-11-01,1998.833333,cpu_multicore_rate2000_int_base,,SPECint_rate_base2000 (one chip),measured integer throughput of one CPU package in a published system,unresolved,unresolved,original_author_dataset,,,,,,,,unresolved,,No supported value found; retained as an explicit blank.
obs-cpu-multicore-rate2006-int-base-cornell-mips-r12000-1998-11-01,cornell-mips-r12000-1998-11-01,R12000,Mips,historical processor dataset,cpu,cpu,1998-11-01,1998.833333,cpu_multicore_rate2006_int_base,,SPECint_rate_base2006 (one chip),measured integer throughput of one CPU package in a published system,unresolved,unresolved,original_author_dataset,,,,,,,,unresolved,,No supported value found; retained as an explicit blank.
obs-cpu-multicore-rate2017-int-base-cornell-mips-r12000-1998-11-01,cornell-mips-r12000-1998-11-01,R12000,Mips,historical processor dataset,cpu,cpu,1998-11-01,1998.833333,cpu_multicore_rate2017_int_base,,SPECrate2017_int_base (one chip),measured integer throughput of one CPU package in a published system,unresolved,unresolved,original_author_dataset,,,,,,,,unresolved,,No supported value found; retained as an explicit blank.
obs-cpu-multicore-index-cornell-mips-r12000-1998-11-01,cornell-mips-r12000-1998-11-01,R12000,Mips,historical processor dataset,cpu,cpu,1998-11-01,1998.833333,cpu_multicore_index,,estimated one-chip throughput index (2003=100),estimated integer-throughput index derived from a measured one-CPU-package SPEC rate,unresolved,unresolved,original_author_dataset,,,,,,,,unresolved,,No supported value found; retained as an explicit blank.
obs-fp32-dense-peak-gflops-cornell-mips-r12000-1998-11-01,cornell-mips-r12000-1998-11-01,R12000,Mips,historical processor dataset,cpu,cpu,1998-11-01,1998.833333,fp32_dense_peak_gflops,,GFLOP/s,dense non-tensor non-sparse FP32 vector peak,unresolved,unresolved,original_author_dataset,,,,,,,,unresolved,,No supported value found; retained as an explicit blank.
obs-transistors-million-cornell-amd-k6-iii-1999-02-01,cornell-amd-k6-iii-1999-02-01,K6-III,AMD,historical processor dataset,cpu,cpu,1999-02-01,1999.083333,transistors_million,21.3,million transistors,device or multi-die package transistor count,direct,high,primary,,,,,,{},,eligible,https://github.com/cornell-brg/processor-trends/blob/main/data/processor-trends.csv#L37; https://github.com/cornell-brg/processor-trends,"Matched against the cleaned Cornell processor-trends source derived from and independently checked against the Stanford/Horowitz data. Copied from the Cornell normalized-performance field, which follows the Stanford cross-suite SPECint normalization method."
obs-frequency-ghz-cornell-amd-k6-iii-1999-02-01,cornell-amd-k6-iii-1999-02-01,K6-III,AMD,historical processor dataset,cpu,cpu,1999-02-01,1999.083333,frequency_ghz,0.45,GHz,nominal/base clock unless source states otherwise,direct,high,primary,,,,,,{},,eligible,https://github.com/cornell-brg/processor-trends/blob/main/data/processor-trends.csv#L37; https://github.com/cornell-brg/processor-trends,"Matched against the cleaned Cornell processor-trends source derived from and independently checked against the Stanford/Horowitz data. Copied from the Cornell normalized-performance field, which follows the Stanford cross-suite SPECint normalization method."
obs-power-w-cornell-amd-k6-iii-1999-02-01,cornell-amd-k6-iii-1999-02-01,K6-III,AMD,historical processor dataset,cpu,cpu,1999-02-01,1999.083333,power_w,17,W,CPU TDP,direct,high,primary,,,,,,{},,eligible,https://github.com/cornell-brg/processor-trends/blob/main/data/processor-trends.csv#L37; https://github.com/cornell-brg/processor-trends,"Matched against the cleaned Cornell processor-trends source derived from and independently checked against the Stanford/Horowitz data. Copied from the Cornell normalized-performance field, which follows the Stanford cross-suite SPECint normalization method."
obs-cpu-physical-cores-cornell-amd-k6-iii-1999-02-01,cornell-amd-k6-iii-1999-02-01,K6-III,AMD,historical processor dataset,cpu,cpu,1999-02-01,1999.083333,cpu_physical_cores,1,physical cores,physical CPU cores,direct,high,primary,,,,,,{},,eligible,https://github.com/cornell-brg/processor-trends/blob/main/data/processor-trends.csv#L37; https://github.com/cornell-brg/processor-trends,"Matched against the cleaned Cornell processor-trends source derived from and independently checked against the Stanford/Horowitz data. Copied from the Cornell normalized-performance field, which follows the Stanford cross-suite SPECint normalization method."
obs-gpu-compute-units-cornell-amd-k6-iii-1999-02-01,cornell-amd-k6-iii-1999-02-01,K6-III,AMD,historical processor dataset,cpu,cpu,1999-02-01,1999.083333,gpu_compute_units,,SMs / CUs / GPU cores,"vendor-native GPU unit count; SM, CU, or Apple GPU core",unresolved,unresolved,original_author_dataset,,,,,,,,not_applicable_cpu,,No supported value found; retained as an explicit blank.
obs-cpu-single-thread-normalized-cornell-amd-k6-iii-1999-02-01,cornell-amd-k6-iii-1999-02-01,K6-III,AMD,historical processor dataset,cpu,cpu,1999-02-01,1999.083333,cpu_single_thread_normalized,1.04089,normalized single-core index (legacy SPEC scale),one-copy benchmark normalized by the documented suite-specific continuity rule,normalized,high,primary,,,Stanford/Cornell normalized SPECint2006-equivalent performance,,,{},,eligible,https://github.com/cornell-brg/processor-trends/blob/main/data/processor-trends.csv#L37; https://github.com/cornell-brg/processor-trends,"Matched against the cleaned Cornell processor-trends source derived from and independently checked against the Stanford/Horowitz data. Copied from the Cornell normalized-performance field, which follows the Stanford cross-suite SPECint normalization method."
obs-cpu-multicore-rate2000-int-base-cornell-amd-k6-iii-1999-02-01,cornell-amd-k6-iii-1999-02-01,K6-III,AMD,historical processor dataset,cpu,cpu,1999-02-01,1999.083333,cpu_multicore_rate2000_int_base,,SPECint_rate_base2000 (one chip),measured integer throughput of one CPU package in a published system,unresolved,unresolved,original_author_dataset,,,,,,,,unresolved,,No supported value found; retained as an explicit blank.
obs-cpu-multicore-rate2006-int-base-cornell-amd-k6-iii-1999-02-01,cornell-amd-k6-iii-1999-02-01,K6-III,AMD,historical processor dataset,cpu,cpu,1999-02-01,1999.083333,cpu_multicore_rate2006_int_base,,SPECint_rate_base2006 (one chip),measured integer throughput of one CPU package in a published system,unresolved,unresolved,original_author_dataset,,,,,,,,unresolved,,No supported value found; retained as an explicit blank.
obs-cpu-multicore-rate2017-int-base-cornell-amd-k6-iii-1999-02-01,cornell-amd-k6-iii-1999-02-01,K6-III,AMD,historical processor dataset,cpu,cpu,1999-02-01,1999.083333,cpu_multicore_rate2017_int_base,,SPECrate2017_int_base (one chip),measured integer throughput of one CPU package in a published system,unresolved,unresolved,original_author_dataset,,,,,,,,unresolved,,No supported value found; retained as an explicit blank.
obs-cpu-multicore-index-cornell-amd-k6-iii-1999-02-01,cornell-amd-k6-iii-1999-02-01,K6-III,AMD,historical processor dataset,cpu,cpu,1999-02-01,1999.083333,cpu_multicore_index,,estimated one-chip throughput index (2003=100),estimated integer-throughput index derived from a measured one-CPU-package SPEC rate,unresolved,unresolved,original_author_dataset,,,,,,,,unresolved,,No supported value found; retained as an explicit blank.
obs-fp32-dense-peak-gflops-cornell-amd-k6-iii-1999-02-01,cornell-amd-k6-iii-1999-02-01,K6-III,AMD,historical processor dataset,cpu,cpu,1999-02-01,1999.083333,fp32_dense_peak_gflops,,GFLOP/s,dense non-tensor non-sparse FP32 vector peak,unresolved,unresolved,original_author_dataset,,,,,,,,unresolved,,No supported value found; retained as an explicit blank.
obs-transistors-million-cornell-intel-pentium-iii-katmai-1999-02-01,cornell-intel-pentium-iii-katmai-1999-02-01,Pentium III (katmai),Intel,historical processor dataset,cpu,cpu,1999-02-01,1999.083333,transistors_million,9.5,million transistors,device or multi-die package transistor count,direct,high,primary,,,,,,{},,eligible,https://github.com/cornell-brg/processor-trends/blob/main/data/processor-trends.csv#L36; https://github.com/cornell-brg/processor-trends,"Matched against the cleaned Cornell processor-trends source derived from and independently checked against the Stanford/Horowitz data. Copied from the Cornell normalized-performance field, which follows the Stanford cross-suite SPECint normalization method."
obs-frequency-ghz-cornell-intel-pentium-iii-katmai-1999-02-01,cornell-intel-pentium-iii-katmai-1999-02-01,Pentium III (katmai),Intel,historical processor dataset,cpu,cpu,1999-02-01,1999.083333,frequency_ghz,0.5,GHz,nominal/base clock unless source states otherwise,direct,high,primary,,,,,,{},,eligible,https://github.com/cornell-brg/processor-trends/blob/main/data/processor-trends.csv#L36; https://github.com/cornell-brg/processor-trends,"Matched against the cleaned Cornell processor-trends source derived from and independently checked against the Stanford/Horowitz data. Copied from the Cornell normalized-performance field, which follows the Stanford cross-suite SPECint normalization method."
obs-power-w-cornell-intel-pentium-iii-katmai-1999-02-01,cornell-intel-pentium-iii-katmai-1999-02-01,Pentium III (katmai),Intel,historical processor dataset,cpu,cpu,1999-02-01,1999.083333,power_w,21,W,CPU TDP,direct,high,primary,,,,,,{},,eligible,https://github.com/cornell-brg/processor-trends/blob/main/data/processor-trends.csv#L36; https://github.com/cornell-brg/processor-trends,"Matched against the cleaned Cornell processor-trends source derived from and independently checked against the Stanford/Horowitz data. Copied from the Cornell normalized-performance field, which follows the Stanford cross-suite SPECint normalization method."
obs-cpu-physical-cores-cornell-intel-pentium-iii-katmai-1999-02-01,cornell-intel-pentium-iii-katmai-1999-02-01,Pentium III (katmai),Intel,historical processor dataset,cpu,cpu,1999-02-01,1999.083333,cpu_physical_cores,1,physical cores,physical CPU cores,direct,high,primary,,,,,,{},,eligible,https://github.com/cornell-brg/processor-trends/blob/main/data/processor-trends.csv#L36; https://github.com/cornell-brg/processor-trends,"Matched against the cleaned Cornell processor-trends source derived from and independently checked against the Stanford/Horowitz data. Copied from the Cornell normalized-performance field, which follows the Stanford cross-suite SPECint normalization method."
obs-gpu-compute-units-cornell-intel-pentium-iii-katmai-1999-02-01,cornell-intel-pentium-iii-katmai-1999-02-01,Pentium III (katmai),Intel,historical processor dataset,cpu,cpu,1999-02-01,1999.083333,gpu_compute_units,,SMs / CUs / GPU cores,"vendor-native GPU unit count; SM, CU, or Apple GPU core",unresolved,unresolved,original_author_dataset,,,,,,,,not_applicable_cpu,,No supported value found; retained as an explicit blank.
obs-cpu-single-thread-normalized-cornell-intel-pentium-iii-katmai-1999-02-01,cornell-intel-pentium-iii-katmai-1999-02-01,Pentium III (katmai),Intel,historical processor dataset,cpu,cpu,1999-02-01,1999.083333,cpu_single_thread_normalized,1.4912,normalized single-core index (legacy SPEC scale),one-copy benchmark normalized by the documented suite-specific continuity rule,normalized,high,primary,,,Stanford/Cornell normalized SPECint2006-equivalent performance,,,{},,eligible,https://github.com/cornell-brg/processor-trends/blob/main/data/processor-trends.csv#L36; https://github.com/cornell-brg/processor-trends,"Matched against the cleaned Cornell processor-trends source derived from and independently checked against the Stanford/Horowitz data. Copied from the Cornell normalized-performance field, which follows the Stanford cross-suite SPECint normalization method."
obs-cpu-multicore-rate2000-int-base-cornell-intel-pentium-iii-katmai-1999-02-01,cornell-intel-pentium-iii-katmai-1999-02-01,Pentium III (katmai),Intel,historical processor dataset,cpu,cpu,1999-02-01,1999.083333,cpu_multicore_rate2000_int_base,,SPECint_rate_base2000 (one chip),measured integer throughput of one CPU package in a published system,unresolved,unresolved,original_author_dataset,,,,,,,,unresolved,,No supported value found; retained as an explicit blank.
obs-cpu-multicore-rate2006-int-base-cornell-intel-pentium-iii-katmai-1999-02-01,cornell-intel-pentium-iii-katmai-1999-02-01,Pentium III (katmai),Intel,historical processor dataset,cpu,cpu,1999-02-01,1999.083333,cpu_multicore_rate2006_int_base,,SPECint_rate_base2006 (one chip),measured integer throughput of one CPU package in a published system,unresolved,unresolved,original_author_dataset,,,,,,,,unresolved,,No supported value found; retained as an explicit blank.
obs-cpu-multicore-rate2017-int-base-cornell-intel-pentium-iii-katmai-1999-02-01,cornell-intel-pentium-iii-katmai-1999-02-01,Pentium III (katmai),Intel,historical processor dataset,cpu,cpu,1999-02-01,1999.083333,cpu_multicore_rate2017_int_base,,SPECrate2017_int_base (one chip),measured integer throughput of one CPU package in a published system,unresolved,unresolved,original_author_dataset,,,,,,,,unresolved,,No supported value found; retained as an explicit blank.
obs-cpu-multicore-index-cornell-intel-pentium-iii-katmai-1999-02-01,cornell-intel-pentium-iii-katmai-1999-02-01,Pentium III (katmai),Intel,historical processor dataset,cpu,cpu,1999-02-01,1999.083333,cpu_multicore_index,,estimated one-chip throughput index (2003=100),estimated integer-throughput index derived from a measured one-CPU-package SPEC rate,unresolved,unresolved,original_author_dataset,,,,,,,,unresolved,,No supported value found; retained as an explicit blank.
obs-fp32-dense-peak-gflops-cornell-intel-pentium-iii-katmai-1999-02-01,cornell-intel-pentium-iii-katmai-1999-02-01,Pentium III (katmai),Intel,historical processor dataset,cpu,cpu,1999-02-01,1999.083333,fp32_dense_peak_gflops,,GFLOP/s,dense non-tensor non-sparse FP32 vector peak,unresolved,unresolved,original_author_dataset,,,,,,,,unresolved,,No supported value found; retained as an explicit blank.
obs-transistors-million-nvidia-geforce-256,nvidia-geforce-256,NVIDIA GeForce 256,NVIDIA,client/gaming,gpu,gpu,1999-10-11,1999.777379,transistors_million,23,million transistors,device or multi-die package transistor count,direct,direct,primary,,,,,,{},,eligible,https://download.nvidia.com/developer/cg/Cg_Tutorial/Chapter_1.pdf; https://blogs.nvidia.com/blog/first-gpu-gaming-ai/,
obs-frequency-ghz-nvidia-geforce-256,nvidia-geforce-256,NVIDIA GeForce 256,NVIDIA,client/gaming,gpu,gpu,1999-10-11,1999.777379,frequency_ghz,0.12,GHz,nominal/base clock unless source states otherwise,direct,high,primary,,,,,graphics clock,{},,eligible,https://download.nvidia.com/developer/cg/Cg_Tutorial/Chapter_1.pdf; https://blogs.nvidia.com/blog/first-gpu-gaming-ai/,
obs-power-w-nvidia-geforce-256,nvidia-geforce-256,NVIDIA GeForce 256,NVIDIA,client/gaming,gpu,gpu,1999-10-11,1999.777379,power_w,,W,GPU TBP/TDP,unresolved,unresolved,primary,,,,,,,,unresolved,,No supported value found; retained as an explicit blank.
obs-cpu-physical-cores-nvidia-geforce-256,nvidia-geforce-256,NVIDIA GeForce 256,NVIDIA,client/gaming,gpu,gpu,1999-10-11,1999.777379,cpu_physical_cores,,physical cores,physical CPU cores,unresolved,unresolved,primary,,,,,,,,not_applicable_gpu,,No supported value found; retained as an explicit blank.
obs-gpu-compute-units-nvidia-geforce-256,nvidia-geforce-256,NVIDIA GeForce 256,NVIDIA,client/gaming,gpu,discrete_gpu,1999-10-11,1999.777379,gpu_compute_units,,SMs / CUs / GPU cores,"vendor-native GPU unit count; SM, CU, or Apple GPU core",unresolved,unresolved,primary,,,,,,,,unresolved,,No supported value found; retained as an explicit blank.
obs-cpu-single-thread-normalized-nvidia-geforce-256,nvidia-geforce-256,NVIDIA GeForce 256,NVIDIA,client/gaming,gpu,gpu,1999-10-11,1999.777379,cpu_single_thread_normalized,,normalized single-core index (legacy SPEC scale),one-copy benchmark normalized by the documented suite-specific continuity rule,unresolved,unresolved,primary,,,,,,,,not_applicable_gpu,,No supported value found; retained as an explicit blank.
obs-cpu-multicore-rate2000-int-base-nvidia-geforce-256,nvidia-geforce-256,NVIDIA GeForce 256,NVIDIA,client/gaming,gpu,gpu,1999-10-11,1999.777379,cpu_multicore_rate2000_int_base,,SPECint_rate_base2000 (one chip),measured integer throughput of one CPU package in a published system,unresolved,unresolved,primary,,,,,,,,not_applicable_gpu,,No supported value found; retained as an explicit blank.
obs-cpu-multicore-rate2006-int-base-nvidia-geforce-256,nvidia-geforce-256,NVIDIA GeForce 256,NVIDIA,client/gaming,gpu,gpu,1999-10-11,1999.777379,cpu_multicore_rate2006_int_base,,SPECint_rate_base2006 (one chip),measured integer throughput of one CPU package in a published system,unresolved,unresolved,primary,,,,,,,,not_applicable_gpu,,No supported value found; retained as an explicit blank.
obs-cpu-multicore-rate2017-int-base-nvidia-geforce-256,nvidia-geforce-256,NVIDIA GeForce 256,NVIDIA,client/gaming,gpu,gpu,1999-10-11,1999.777379,cpu_multicore_rate2017_int_base,,SPECrate2017_int_base (one chip),measured integer throughput of one CPU package in a published system,unresolved,unresolved,primary,,,,,,,,not_applicable_gpu,,No supported value found; retained as an explicit blank.
obs-cpu-multicore-index-nvidia-geforce-256,nvidia-geforce-256,NVIDIA GeForce 256,NVIDIA,client/gaming,gpu,gpu,1999-10-11,1999.777379,cpu_multicore_index,,estimated one-chip throughput index (2003=100),estimated integer-throughput index derived from a measured one-CPU-package SPEC rate,unresolved,unresolved,primary,,,,,,,,not_applicable_gpu,,No supported value found; retained as an explicit blank.
obs-fp32-dense-peak-gflops-nvidia-geforce-256,nvidia-geforce-256,NVIDIA GeForce 256,NVIDIA,client/gaming,gpu,discrete_gpu,1999-10-11,1999.777379,fp32_dense_peak_gflops,,GFLOP/s,dense non-tensor non-sparse FP32 vector peak,unresolved,unresolved,primary,,,,,,,,unresolved,,No supported value found; retained as an explicit blank.
obs-transistors-million-cornell-amd-k7-1999-11-01,cornell-amd-k7-1999-11-01,K7,AMD,historical processor dataset,cpu,cpu,1999-11-01,1999.833333,transistors_million,22,million transistors,device or multi-die package transistor count,direct,high,primary,,,,,,{},,eligible,https://github.com/cornell-brg/processor-trends/blob/main/data/processor-trends.csv#L38; https://github.com/cornell-brg/processor-trends,"Matched against the cleaned Cornell processor-trends source derived from and independently checked against the Stanford/Horowitz data. Copied from the Cornell normalized-performance field, which follows the Stanford cross-suite SPECint normalization method."
obs-frequency-ghz-cornell-amd-k7-1999-11-01,cornell-amd-k7-1999-11-01,K7,AMD,historical processor dataset,cpu,cpu,1999-11-01,1999.833333,frequency_ghz,0.75,GHz,nominal/base clock unless source states otherwise,direct,high,primary,,,,,,{},,eligible,https://github.com/cornell-brg/processor-trends/blob/main/data/processor-trends.csv#L38; https://github.com/cornell-brg/processor-trends,"Matched against the cleaned Cornell processor-trends source derived from and independently checked against the Stanford/Horowitz data. Copied from the Cornell normalized-performance field, which follows the Stanford cross-suite SPECint normalization method."
obs-power-w-cornell-amd-k7-1999-11-01,cornell-amd-k7-1999-11-01,K7,AMD,historical processor dataset,cpu,cpu,1999-11-01,1999.833333,power_w,35,W,CPU TDP,direct,high,primary,,,,,,{},,eligible,https://github.com/cornell-brg/processor-trends/blob/main/data/processor-trends.csv#L38; https://github.com/cornell-brg/processor-trends,"Matched against the cleaned Cornell processor-trends source derived from and independently checked against the Stanford/Horowitz data. Copied from the Cornell normalized-performance field, which follows the Stanford cross-suite SPECint normalization method."
obs-cpu-physical-cores-cornell-amd-k7-1999-11-01,cornell-amd-k7-1999-11-01,K7,AMD,historical processor dataset,cpu,cpu,1999-11-01,1999.833333,cpu_physical_cores,1,physical cores,physical CPU cores,direct,high,primary,,,,,,{},,eligible,https://github.com/cornell-brg/processor-trends/blob/main/data/processor-trends.csv#L38; https://github.com/cornell-brg/processor-trends,"Matched against the cleaned Cornell processor-trends source derived from and independently checked against the Stanford/Horowitz data. Copied from the Cornell normalized-performance field, which follows the Stanford cross-suite SPECint normalization method."
obs-gpu-compute-units-cornell-amd-k7-1999-11-01,cornell-amd-k7-1999-11-01,K7,AMD,historical processor dataset,cpu,cpu,1999-11-01,1999.833333,gpu_compute_units,,SMs / CUs / GPU cores,"vendor-native GPU unit count; SM, CU, or Apple GPU core",unresolved,unresolved,original_author_dataset,,,,,,,,not_applicable_cpu,,No supported value found; retained as an explicit blank.
obs-cpu-single-thread-normalized-cornell-amd-k7-1999-11-01,cornell-amd-k7-1999-11-01,K7,AMD,historical processor dataset,cpu,cpu,1999-11-01,1999.833333,cpu_single_thread_normalized,1.87088,normalized single-core index (legacy SPEC scale),one-copy benchmark normalized by the documented suite-specific continuity rule,normalized,high,primary,,,Stanford/Cornell normalized SPECint2006-equivalent performance,,,{},,eligible,https://github.com/cornell-brg/processor-trends/blob/main/data/processor-trends.csv#L38; https://github.com/cornell-brg/processor-trends,"Matched against the cleaned Cornell processor-trends source derived from and independently checked against the Stanford/Horowitz data. Copied from the Cornell normalized-performance field, which follows the Stanford cross-suite SPECint normalization method."
obs-cpu-multicore-rate2000-int-base-cornell-amd-k7-1999-11-01,cornell-amd-k7-1999-11-01,K7,AMD,historical processor dataset,cpu,cpu,1999-11-01,1999.833333,cpu_multicore_rate2000_int_base,,SPECint_rate_base2000 (one chip),measured integer throughput of one CPU package in a published system,unresolved,unresolved,original_author_dataset,,,,,,,,unresolved,,No supported value found; retained as an explicit blank.
obs-cpu-multicore-rate2006-int-base-cornell-amd-k7-1999-11-01,cornell-amd-k7-1999-11-01,K7,AMD,historical processor dataset,cpu,cpu,1999-11-01,1999.833333,cpu_multicore_rate2006_int_base,,SPECint_rate_base2006 (one chip),measured integer throughput of one CPU package in a published system,unresolved,unresolved,original_author_dataset,,,,,,,,unresolved,,No supported value found; retained as an explicit blank.
obs-cpu-multicore-rate2017-int-base-cornell-amd-k7-1999-11-01,cornell-amd-k7-1999-11-01,K7,AMD,historical processor dataset,cpu,cpu,1999-11-01,1999.833333,cpu_multicore_rate2017_int_base,,SPECrate2017_int_base (one chip),measured integer throughput of one CPU package in a published system,unresolved,unresolved,original_author_dataset,,,,,,,,unresolved,,No supported value found; retained as an explicit blank.
obs-cpu-multicore-index-cornell-amd-k7-1999-11-01,cornell-amd-k7-1999-11-01,K7,AMD,historical processor dataset,cpu,cpu,1999-11-01,1999.833333,cpu_multicore_index,,estimated one-chip throughput index (2003=100),estimated integer-throughput index derived from a measured one-CPU-package SPEC rate,unresolved,unresolved,original_author_dataset,,,,,,,,unresolved,,No supported value found; retained as an explicit blank.
obs-fp32-dense-peak-gflops-cornell-amd-k7-1999-11-01,cornell-amd-k7-1999-11-01,K7,AMD,historical processor dataset,cpu,cpu,1999-11-01,1999.833333,fp32_dense_peak_gflops,,GFLOP/s,dense non-tensor non-sparse FP32 vector peak,unresolved,unresolved,original_author_dataset,,,,,,,,unresolved,,No supported value found; retained as an explicit blank.
obs-transistors-million-nvidia-geforce2-gts,nvidia-geforce2-gts,NVIDIA GeForce2 GTS,NVIDIA,client/gaming,gpu,gpu,2000-04-26,2000.318446,transistors_million,25,million transistors,device or multi-die package transistor count,direct,direct,primary,,,,,,{},,eligible,https://download.nvidia.com/developer/cg/Cg_Tutorial/Chapter_1.pdf,
obs-frequency-ghz-nvidia-geforce2-gts,nvidia-geforce2-gts,NVIDIA GeForce2 GTS,NVIDIA,client/gaming,gpu,gpu,2000-04-26,2000.318446,frequency_ghz,,GHz,nominal/base clock unless source states otherwise,unresolved,unresolved,primary,,,,,,,,unresolved,,No supported value found; retained as an explicit blank.
obs-power-w-nvidia-geforce2-gts,nvidia-geforce2-gts,NVIDIA GeForce2 GTS,NVIDIA,client/gaming,gpu,gpu,2000-04-26,2000.318446,power_w,,W,GPU TBP/TDP,unresolved,unresolved,primary,,,,,,,,unresolved,,No supported value found; retained as an explicit blank.
obs-cpu-physical-cores-nvidia-geforce2-gts,nvidia-geforce2-gts,NVIDIA GeForce2 GTS,NVIDIA,client/gaming,gpu,gpu,2000-04-26,2000.318446,cpu_physical_cores,,physical cores,physical CPU cores,unresolved,unresolved,primary,,,,,,,,not_applicable_gpu,,No supported value found; retained as an explicit blank.
obs-gpu-compute-units-nvidia-geforce2-gts,nvidia-geforce2-gts,NVIDIA GeForce2 GTS,NVIDIA,client/gaming,gpu,discrete_gpu,2000-04-26,2000.318446,gpu_compute_units,,SMs / CUs / GPU cores,"vendor-native GPU unit count; SM, CU, or Apple GPU core",unresolved,unresolved,primary,,,,,,,,unresolved,,No supported value found; retained as an explicit blank.
obs-cpu-single-thread-normalized-nvidia-geforce2-gts,nvidia-geforce2-gts,NVIDIA GeForce2 GTS,NVIDIA,client/gaming,gpu,gpu,2000-04-26,2000.318446,cpu_single_thread_normalized,,normalized single-core index (legacy SPEC scale),one-copy benchmark normalized by the documented suite-specific continuity rule,unresolved,unresolved,primary,,,,,,,,not_applicable_gpu,,No supported value found; retained as an explicit blank.
obs-cpu-multicore-rate2000-int-base-nvidia-geforce2-gts,nvidia-geforce2-gts,NVIDIA GeForce2 GTS,NVIDIA,client/gaming,gpu,gpu,2000-04-26,2000.318446,cpu_multicore_rate2000_int_base,,SPECint_rate_base2000 (one chip),measured integer throughput of one CPU package in a published system,unresolved,unresolved,primary,,,,,,,,not_applicable_gpu,,No supported value found; retained as an explicit blank.
obs-cpu-multicore-rate2006-int-base-nvidia-geforce2-gts,nvidia-geforce2-gts,NVIDIA GeForce2 GTS,NVIDIA,client/gaming,gpu,gpu,2000-04-26,2000.318446,cpu_multicore_rate2006_int_base,,SPECint_rate_base2006 (one chip),measured integer throughput of one CPU package in a published system,unresolved,unresolved,primary,,,,,,,,not_applicable_gpu,,No supported value found; retained as an explicit blank.
obs-cpu-multicore-rate2017-int-base-nvidia-geforce2-gts,nvidia-geforce2-gts,NVIDIA GeForce2 GTS,NVIDIA,client/gaming,gpu,gpu,2000-04-26,2000.318446,cpu_multicore_rate2017_int_base,,SPECrate2017_int_base (one chip),measured integer throughput of one CPU package in a published system,unresolved,unresolved,primary,,,,,,,,not_applicable_gpu,,No supported value found; retained as an explicit blank.
obs-cpu-multicore-index-nvidia-geforce2-gts,nvidia-geforce2-gts,NVIDIA GeForce2 GTS,NVIDIA,client/gaming,gpu,gpu,2000-04-26,2000.318446,cpu_multicore_index,,estimated one-chip throughput index (2003=100),estimated integer-throughput index derived from a measured one-CPU-package SPEC rate,unresolved,unresolved,primary,,,,,,,,not_applicable_gpu,,No supported value found; retained as an explicit blank.
obs-fp32-dense-peak-gflops-nvidia-geforce2-gts,nvidia-geforce2-gts,NVIDIA GeForce2 GTS,NVIDIA,client/gaming,gpu,discrete_gpu,2000-04-26,2000.318446,fp32_dense_peak_gflops,,GFLOP/s,dense non-tensor non-sparse FP32 vector peak,unresolved,unresolved,primary,,,,,,,,unresolved,,No supported value found; retained as an explicit blank.
obs-transistors-million-cornell-amd-athlon-tbird-2000-05-01,cornell-amd-athlon-tbird-2000-05-01,Athlon Tbird,AMD,historical processor dataset,cpu,cpu,2000-05-01,2000.333333,transistors_million,37,million transistors,device or multi-die package transistor count,direct,high,primary,,,,,,{},,eligible,https://github.com/cornell-brg/processor-trends/blob/main/data/processor-trends.csv#L40; https://github.com/cornell-brg/processor-trends,"Matched against the cleaned Cornell processor-trends source derived from and independently checked against the Stanford/Horowitz data. Copied from the Cornell normalized-performance field, which follows the Stanford cross-suite SPECint normalization method."
obs-frequency-ghz-cornell-amd-athlon-tbird-2000-05-01,cornell-amd-athlon-tbird-2000-05-01,Athlon Tbird,AMD,historical processor dataset,cpu,cpu,2000-05-01,2000.333333,frequency_ghz,1,GHz,nominal/base clock unless source states otherwise,direct,high,primary,,,,,,{},,eligible,https://github.com/cornell-brg/processor-trends/blob/main/data/processor-trends.csv#L40; https://github.com/cornell-brg/processor-trends,"Matched against the cleaned Cornell processor-trends source derived from and independently checked against the Stanford/Horowitz data. Copied from the Cornell normalized-performance field, which follows the Stanford cross-suite SPECint normalization method."
obs-power-w-cornell-amd-athlon-tbird-2000-05-01,cornell-amd-athlon-tbird-2000-05-01,Athlon Tbird,AMD,historical processor dataset,cpu,cpu,2000-05-01,2000.333333,power_w,49,W,CPU TDP,direct,high,primary,,,,,,{},,eligible,https://github.com/cornell-brg/processor-trends/blob/main/data/processor-trends.csv#L40; https://github.com/cornell-brg/processor-trends,"Matched against the cleaned Cornell processor-trends source derived from and independently checked against the Stanford/Horowitz data. Copied from the Cornell normalized-performance field, which follows the Stanford cross-suite SPECint normalization method."
obs-cpu-physical-cores-cornell-amd-athlon-tbird-2000-05-01,cornell-amd-athlon-tbird-2000-05-01,Athlon Tbird,AMD,historical processor dataset,cpu,cpu,2000-05-01,2000.333333,cpu_physical_cores,1,physical cores,physical CPU cores,direct,high,primary,,,,,,{},,eligible,https://github.com/cornell-brg/processor-trends/blob/main/data/processor-trends.csv#L40; https://github.com/cornell-brg/processor-trends,"Matched against the cleaned Cornell processor-trends source derived from and independently checked against the Stanford/Horowitz data. Copied from the Cornell normalized-performance field, which follows the Stanford cross-suite SPECint normalization method."
obs-gpu-compute-units-cornell-amd-athlon-tbird-2000-05-01,cornell-amd-athlon-tbird-2000-05-01,Athlon Tbird,AMD,historical processor dataset,cpu,cpu,2000-05-01,2000.333333,gpu_compute_units,,SMs / CUs / GPU cores,"vendor-native GPU unit count; SM, CU, or Apple GPU core",unresolved,unresolved,original_author_dataset,,,,,,,,not_applicable_cpu,,No supported value found; retained as an explicit blank.
obs-cpu-single-thread-normalized-cornell-amd-athlon-tbird-2000-05-01,cornell-amd-athlon-tbird-2000-05-01,Athlon Tbird,AMD,historical processor dataset,cpu,cpu,2000-05-01,2000.333333,cpu_single_thread_normalized,2.6752,normalized single-core index (legacy SPEC scale),one-copy benchmark normalized by the documented suite-specific continuity rule,normalized,high,primary,,,Stanford/Cornell normalized SPECint2006-equivalent performance,,,{},,eligible,https://github.com/cornell-brg/processor-trends/blob/main/data/processor-trends.csv#L40; https://github.com/cornell-brg/processor-trends,"Matched against the cleaned Cornell processor-trends source derived from and independently checked against the Stanford/Horowitz data. Copied from the Cornell normalized-performance field, which follows the Stanford cross-suite SPECint normalization method."
obs-cpu-multicore-rate2000-int-base-cornell-amd-athlon-tbird-2000-05-01,cornell-amd-athlon-tbird-2000-05-01,Athlon Tbird,AMD,historical processor dataset,cpu,cpu,2000-05-01,2000.333333,cpu_multicore_rate2000_int_base,,SPECint_rate_base2000 (one chip),measured integer throughput of one CPU package in a published system,unresolved,unresolved,original_author_dataset,,,,,,,,unresolved,,No supported value found; retained as an explicit blank.
obs-cpu-multicore-rate2006-int-base-cornell-amd-athlon-tbird-2000-05-01,cornell-amd-athlon-tbird-2000-05-01,Athlon Tbird,AMD,historical processor dataset,cpu,cpu,2000-05-01,2000.333333,cpu_multicore_rate2006_int_base,,SPECint_rate_base2006 (one chip),measured integer throughput of one CPU package in a published system,unresolved,unresolved,original_author_dataset,,,,,,,,unresolved,,No supported value found; retained as an explicit blank.
obs-cpu-multicore-rate2017-int-base-cornell-amd-athlon-tbird-2000-05-01,cornell-amd-athlon-tbird-2000-05-01,Athlon Tbird,AMD,historical processor dataset,cpu,cpu,2000-05-01,2000.333333,cpu_multicore_rate2017_int_base,,SPECrate2017_int_base (one chip),measured integer throughput of one CPU package in a published system,unresolved,unresolved,original_author_dataset,,,,,,,,unresolved,,No supported value found; retained as an explicit blank.
obs-cpu-multicore-index-cornell-amd-athlon-tbird-2000-05-01,cornell-amd-athlon-tbird-2000-05-01,Athlon Tbird,AMD,historical processor dataset,cpu,cpu,2000-05-01,2000.333333,cpu_multicore_index,,estimated one-chip throughput index (2003=100),estimated integer-throughput index derived from a measured one-CPU-package SPEC rate,unresolved,unresolved,original_author_dataset,,,,,,,,unresolved,,No supported value found; retained as an explicit blank.
obs-fp32-dense-peak-gflops-cornell-amd-athlon-tbird-2000-05-01,cornell-amd-athlon-tbird-2000-05-01,Athlon Tbird,AMD,historical processor dataset,cpu,cpu,2000-05-01,2000.333333,fp32_dense_peak_gflops,,GFLOP/s,dense non-tensor non-sparse FP32 vector peak,unresolved,unresolved,original_author_dataset,,,,,,,,unresolved,,No supported value found; retained as an explicit blank.
obs-transistors-million-cornell-intel-pentium-iii-coppermine-2000-05-01,cornell-intel-pentium-iii-coppermine-2000-05-01,Pentium III (coppermine),Intel,historical processor dataset,cpu,cpu,2000-05-01,2000.333333,transistors_million,28,million transistors,device or multi-die package transistor count,direct,high,primary,,,,,,{},,eligible,https://github.com/cornell-brg/processor-trends/blob/main/data/processor-trends.csv#L39; https://github.com/cornell-brg/processor-trends,"Matched against the cleaned Cornell processor-trends source derived from and independently checked against the Stanford/Horowitz data. Copied from the Cornell normalized-performance field, which follows the Stanford cross-suite SPECint normalization method."
obs-frequency-ghz-cornell-intel-pentium-iii-coppermine-2000-05-01,cornell-intel-pentium-iii-coppermine-2000-05-01,Pentium III (coppermine),Intel,historical processor dataset,cpu,cpu,2000-05-01,2000.333333,frequency_ghz,1,GHz,nominal/base clock unless source states otherwise,direct,high,primary,,,,,,{},,eligible,https://github.com/cornell-brg/processor-trends/blob/main/data/processor-trends.csv#L39; https://github.com/cornell-brg/processor-trends,"Matched against the cleaned Cornell processor-trends source derived from and independently checked against the Stanford/Horowitz data. Copied from the Cornell normalized-performance field, which follows the Stanford cross-suite SPECint normalization method."
obs-power-w-cornell-intel-pentium-iii-coppermine-2000-05-01,cornell-intel-pentium-iii-coppermine-2000-05-01,Pentium III (coppermine),Intel,historical processor dataset,cpu,cpu,2000-05-01,2000.333333,power_w,20,W,CPU TDP,direct,high,primary,,,,,,{},,eligible,https://github.com/cornell-brg/processor-trends/blob/main/data/processor-trends.csv#L39; https://github.com/cornell-brg/processor-trends,"Matched against the cleaned Cornell processor-trends source derived from and independently checked against the Stanford/Horowitz data. Copied from the Cornell normalized-performance field, which follows the Stanford cross-suite SPECint normalization method."
obs-cpu-physical-cores-cornell-intel-pentium-iii-coppermine-2000-05-01,cornell-intel-pentium-iii-coppermine-2000-05-01,Pentium III (coppermine),Intel,historical processor dataset,cpu,cpu,2000-05-01,2000.333333,cpu_physical_cores,1,physical cores,physical CPU cores,direct,high,primary,,,,,,{},,eligible,https://github.com/cornell-brg/processor-trends/blob/main/data/processor-trends.csv#L39; https://github.com/cornell-brg/processor-trends,"Matched against the cleaned Cornell processor-trends source derived from and independently checked against the Stanford/Horowitz data. Copied from the Cornell normalized-performance field, which follows the Stanford cross-suite SPECint normalization method."
obs-gpu-compute-units-cornell-intel-pentium-iii-coppermine-2000-05-01,cornell-intel-pentium-iii-coppermine-2000-05-01,Pentium III (coppermine),Intel,historical processor dataset,cpu,cpu,2000-05-01,2000.333333,gpu_compute_units,,SMs / CUs / GPU cores,"vendor-native GPU unit count; SM, CU, or Apple GPU core",unresolved,unresolved,original_author_dataset,,,,,,,,not_applicable_cpu,,No supported value found; retained as an explicit blank.
obs-cpu-single-thread-normalized-cornell-intel-pentium-iii-coppermine-2000-05-01,cornell-intel-pentium-iii-coppermine-2000-05-01,Pentium III (coppermine),Intel,historical processor dataset,cpu,cpu,2000-05-01,2000.333333,cpu_single_thread_normalized,2.624,normalized single-core index (legacy SPEC scale),one-copy benchmark normalized by the documented suite-specific continuity rule,normalized,high,primary,,,Stanford/Cornell normalized SPECint2006-equivalent performance,,,{},,eligible,https://github.com/cornell-brg/processor-trends/blob/main/data/processor-trends.csv#L39; https://github.com/cornell-brg/processor-trends,"Matched against the cleaned Cornell processor-trends source derived from and independently checked against the Stanford/Horowitz data. Copied from the Cornell normalized-performance field, which follows the Stanford cross-suite SPECint normalization method."
obs-cpu-multicore-rate2000-int-base-cornell-intel-pentium-iii-coppermine-2000-05-01,cornell-intel-pentium-iii-coppermine-2000-05-01,Pentium III (coppermine),Intel,historical processor dataset,cpu,cpu,2000-05-01,2000.333333,cpu_multicore_rate2000_int_base,,SPECint_rate_base2000 (one chip),measured integer throughput of one CPU package in a published system,unresolved,unresolved,original_author_dataset,,,,,,,,unresolved,,No supported value found; retained as an explicit blank.
obs-cpu-multicore-rate2006-int-base-cornell-intel-pentium-iii-coppermine-2000-05-01,cornell-intel-pentium-iii-coppermine-2000-05-01,Pentium III (coppermine),Intel,historical processor dataset,cpu,cpu,2000-05-01,2000.333333,cpu_multicore_rate2006_int_base,,SPECint_rate_base2006 (one chip),measured integer throughput of one CPU package in a published system,unresolved,unresolved,original_author_dataset,,,,,,,,unresolved,,No supported value found; retained as an explicit blank.
obs-cpu-multicore-rate2017-int-base-cornell-intel-pentium-iii-coppermine-2000-05-01,cornell-intel-pentium-iii-coppermine-2000-05-01,Pentium III (coppermine),Intel,historical processor dataset,cpu,cpu,2000-05-01,2000.333333,cpu_multicore_rate2017_int_base,,SPECrate2017_int_base (one chip),measured integer throughput of one CPU package in a published system,unresolved,unresolved,original_author_dataset,,,,,,,,unresolved,,No supported value found; retained as an explicit blank.
obs-cpu-multicore-index-cornell-intel-pentium-iii-coppermine-2000-05-01,cornell-intel-pentium-iii-coppermine-2000-05-01,Pentium III (coppermine),Intel,historical processor dataset,cpu,cpu,2000-05-01,2000.333333,cpu_multicore_index,,estimated one-chip throughput index (2003=100),estimated integer-throughput index derived from a measured one-CPU-package SPEC rate,unresolved,unresolved,original_author_dataset,,,,,,,,unresolved,,No supported value found; retained as an explicit blank.
obs-fp32-dense-peak-gflops-cornell-intel-pentium-iii-coppermine-2000-05-01,cornell-intel-pentium-iii-coppermine-2000-05-01,Pentium III (coppermine),Intel,historical processor dataset,cpu,cpu,2000-05-01,2000.333333,fp32_dense_peak_gflops,,GFLOP/s,dense non-tensor non-sparse FP32 vector peak,unresolved,unresolved,original_author_dataset,,,,,,,,unresolved,,No supported value found; retained as an explicit blank.
obs-transistors-million-cornell-sun-ultrasparc-iii-2000-09-01,cornell-sun-ultrasparc-iii-2000-09-01,UltraSparc III,Sun,historical processor dataset,cpu,cpu,2000-09-01,2000.666667,transistors_million,29,million transistors,device or multi-die package transistor count,direct,high,primary,,,,,,{},,eligible,https://github.com/cornell-brg/processor-trends/blob/main/data/processor-trends.csv#L41; https://github.com/cornell-brg/processor-trends,"Matched against the cleaned Cornell processor-trends source derived from and independently checked against the Stanford/Horowitz data. Copied from the Cornell normalized-performance field, which follows the Stanford cross-suite SPECint normalization method."
obs-frequency-ghz-cornell-sun-ultrasparc-iii-2000-09-01,cornell-sun-ultrasparc-iii-2000-09-01,UltraSparc III,Sun,historical processor dataset,cpu,cpu,2000-09-01,2000.666667,frequency_ghz,0.9,GHz,nominal/base clock unless source states otherwise,direct,high,primary,,,,,,{},,eligible,https://github.com/cornell-brg/processor-trends/blob/main/data/processor-trends.csv#L41; https://github.com/cornell-brg/processor-trends,"Matched against the cleaned Cornell processor-trends source derived from and independently checked against the Stanford/Horowitz data. Copied from the Cornell normalized-performance field, which follows the Stanford cross-suite SPECint normalization method."
obs-power-w-cornell-sun-ultrasparc-iii-2000-09-01,cornell-sun-ultrasparc-iii-2000-09-01,UltraSparc III,Sun,historical processor dataset,cpu,cpu,2000-09-01,2000.666667,power_w,70,W,CPU TDP,direct,high,primary,,,,,,{},,eligible,https://github.com/cornell-brg/processor-trends/blob/main/data/processor-trends.csv#L41; https://github.com/cornell-brg/processor-trends,"Matched against the cleaned Cornell processor-trends source derived from and independently checked against the Stanford/Horowitz data. Copied from the Cornell normalized-performance field, which follows the Stanford cross-suite SPECint normalization method."
obs-cpu-physical-cores-cornell-sun-ultrasparc-iii-2000-09-01,cornell-sun-ultrasparc-iii-2000-09-01,UltraSparc III,Sun,historical processor dataset,cpu,cpu,2000-09-01,2000.666667,cpu_physical_cores,1,physical cores,physical CPU cores,direct,high,primary,,,,,,{},,eligible,https://github.com/cornell-brg/processor-trends/blob/main/data/processor-trends.csv#L41; https://github.com/cornell-brg/processor-trends,"Matched against the cleaned Cornell processor-trends source derived from and independently checked against the Stanford/Horowitz data. Copied from the Cornell normalized-performance field, which follows the Stanford cross-suite SPECint normalization method."
obs-gpu-compute-units-cornell-sun-ultrasparc-iii-2000-09-01,cornell-sun-ultrasparc-iii-2000-09-01,UltraSparc III,Sun,historical processor dataset,cpu,cpu,2000-09-01,2000.666667,gpu_compute_units,,SMs / CUs / GPU cores,"vendor-native GPU unit count; SM, CU, or Apple GPU core",unresolved,unresolved,original_author_dataset,,,,,,,,not_applicable_cpu,,No supported value found; retained as an explicit blank.
obs-cpu-single-thread-normalized-cornell-sun-ultrasparc-iii-2000-09-01,cornell-sun-ultrasparc-iii-2000-09-01,UltraSparc III,Sun,historical processor dataset,cpu,cpu,2000-09-01,2000.666667,cpu_single_thread_normalized,2.9888,normalized single-core index (legacy SPEC scale),one-copy benchmark normalized by the documented suite-specific continuity rule,normalized,high,primary,,,Stanford/Cornell normalized SPECint2006-equivalent performance,,,{},,eligible,https://github.com/cornell-brg/processor-trends/blob/main/data/processor-trends.csv#L41; https://github.com/cornell-brg/processor-trends,"Matched against the cleaned Cornell processor-trends source derived from and independently checked against the Stanford/Horowitz data. Copied from the Cornell normalized-performance field, which follows the Stanford cross-suite SPECint normalization method."
obs-cpu-multicore-rate2000-int-base-cornell-sun-ultrasparc-iii-2000-09-01,cornell-sun-ultrasparc-iii-2000-09-01,UltraSparc III,Sun,historical processor dataset,cpu,cpu,2000-09-01,2000.666667,cpu_multicore_rate2000_int_base,,SPECint_rate_base2000 (one chip),measured integer throughput of one CPU package in a published system,unresolved,unresolved,original_author_dataset,,,,,,,,unresolved,,No supported value found; retained as an explicit blank.
obs-cpu-multicore-rate2006-int-base-cornell-sun-ultrasparc-iii-2000-09-01,cornell-sun-ultrasparc-iii-2000-09-01,UltraSparc III,Sun,historical processor dataset,cpu,cpu,2000-09-01,2000.666667,cpu_multicore_rate2006_int_base,,SPECint_rate_base2006 (one chip),measured integer throughput of one CPU package in a published system,unresolved,unresolved,original_author_dataset,,,,,,,,unresolved,,No supported value found; retained as an explicit blank.
obs-cpu-multicore-rate2017-int-base-cornell-sun-ultrasparc-iii-2000-09-01,cornell-sun-ultrasparc-iii-2000-09-01,UltraSparc III,Sun,historical processor dataset,cpu,cpu,2000-09-01,2000.666667,cpu_multicore_rate2017_int_base,,SPECrate2017_int_base (one chip),measured integer throughput of one CPU package in a published system,unresolved,unresolved,original_author_dataset,,,,,,,,unresolved,,No supported value found; retained as an explicit blank.
obs-cpu-multicore-index-cornell-sun-ultrasparc-iii-2000-09-01,cornell-sun-ultrasparc-iii-2000-09-01,UltraSparc III,Sun,historical processor dataset,cpu,cpu,2000-09-01,2000.666667,cpu_multicore_index,,estimated one-chip throughput index (2003=100),estimated integer-throughput index derived from a measured one-CPU-package SPEC rate,unresolved,unresolved,original_author_dataset,,,,,,,,unresolved,,No supported value found; retained as an explicit blank.
obs-fp32-dense-peak-gflops-cornell-sun-ultrasparc-iii-2000-09-01,cornell-sun-ultrasparc-iii-2000-09-01,UltraSparc III,Sun,historical processor dataset,cpu,cpu,2000-09-01,2000.666667,fp32_dense_peak_gflops,,GFLOP/s,dense non-tensor non-sparse FP32 vector peak,unresolved,unresolved,original_author_dataset,,,,,,,,unresolved,,No supported value found; retained as an explicit blank.
obs-transistors-million-cornell-intel-pentium-4-willamette-2000-11-01,cornell-intel-pentium-4-willamette-2000-11-01,Pentium 4 (willamette),Intel,historical processor dataset,cpu,cpu,2000-11-01,2000.833333,transistors_million,42,million transistors,device or multi-die package transistor count,direct,high,primary,,,,,,{},,eligible,https://github.com/cornell-brg/processor-trends/blob/main/data/processor-trends.csv#L42; https://github.com/cornell-brg/processor-trends,"Matched against the cleaned Cornell processor-trends source derived from and independently checked against the Stanford/Horowitz data. Copied from the Cornell normalized-performance field, which follows the Stanford cross-suite SPECint normalization method."
obs-frequency-ghz-cornell-intel-pentium-4-willamette-2000-11-01,cornell-intel-pentium-4-willamette-2000-11-01,Pentium 4 (willamette),Intel,historical processor dataset,cpu,cpu,2000-11-01,2000.833333,frequency_ghz,2,GHz,nominal/base clock unless source states otherwise,direct,high,primary,,,,,,{},,eligible,https://github.com/cornell-brg/processor-trends/blob/main/data/processor-trends.csv#L42; https://github.com/cornell-brg/processor-trends,"Matched against the cleaned Cornell processor-trends source derived from and independently checked against the Stanford/Horowitz data. Copied from the Cornell normalized-performance field, which follows the Stanford cross-suite SPECint normalization method."
obs-power-w-cornell-intel-pentium-4-willamette-2000-11-01,cornell-intel-pentium-4-willamette-2000-11-01,Pentium 4 (willamette),Intel,historical processor dataset,cpu,cpu,2000-11-01,2000.833333,power_w,72,W,CPU TDP,direct,high,primary,,,,,,{},,eligible,https://github.com/cornell-brg/processor-trends/blob/main/data/processor-trends.csv#L42; https://github.com/cornell-brg/processor-trends,"Matched against the cleaned Cornell processor-trends source derived from and independently checked against the Stanford/Horowitz data. Copied from the Cornell normalized-performance field, which follows the Stanford cross-suite SPECint normalization method."
obs-cpu-physical-cores-cornell-intel-pentium-4-willamette-2000-11-01,cornell-intel-pentium-4-willamette-2000-11-01,Pentium 4 (willamette),Intel,historical processor dataset,cpu,cpu,2000-11-01,2000.833333,cpu_physical_cores,1,physical cores,physical CPU cores,direct,high,primary,,,,,,{},,eligible,https://github.com/cornell-brg/processor-trends/blob/main/data/processor-trends.csv#L42; https://github.com/cornell-brg/processor-trends,"Matched against the cleaned Cornell processor-trends source derived from and independently checked against the Stanford/Horowitz data. Copied from the Cornell normalized-performance field, which follows the Stanford cross-suite SPECint normalization method."
obs-gpu-compute-units-cornell-intel-pentium-4-willamette-2000-11-01,cornell-intel-pentium-4-willamette-2000-11-01,Pentium 4 (willamette),Intel,historical processor dataset,cpu,cpu,2000-11-01,2000.833333,gpu_compute_units,,SMs / CUs / GPU cores,"vendor-native GPU unit count; SM, CU, or Apple GPU core",unresolved,unresolved,original_author_dataset,,,,,,,,not_applicable_cpu,,No supported value found; retained as an explicit blank.
obs-cpu-single-thread-normalized-cornell-intel-pentium-4-willamette-2000-11-01,cornell-intel-pentium-4-willamette-2000-11-01,Pentium 4 (willamette),Intel,historical processor dataset,cpu,cpu,2000-11-01,2000.833333,cpu_single_thread_normalized,3.4304,normalized single-core index (legacy SPEC scale),one-copy benchmark normalized by the documented suite-specific continuity rule,normalized,high,primary,,,Stanford/Cornell normalized SPECint2006-equivalent performance,,,{},,eligible,https://github.com/cornell-brg/processor-trends/blob/main/data/processor-trends.csv#L42; https://github.com/cornell-brg/processor-trends,"Matched against the cleaned Cornell processor-trends source derived from and independently checked against the Stanford/Horowitz data. Copied from the Cornell normalized-performance field, which follows the Stanford cross-suite SPECint normalization method."
obs-cpu-multicore-rate2000-int-base-cornell-intel-pentium-4-willamette-2000-11-01,cornell-intel-pentium-4-willamette-2000-11-01,Pentium 4 (willamette),Intel,historical processor dataset,cpu,cpu,2000-11-01,2000.833333,cpu_multicore_rate2000_int_base,,SPECint_rate_base2000 (one chip),measured integer throughput of one CPU package in a published system,unresolved,unresolved,original_author_dataset,,,,,,,,unresolved,,No supported value found; retained as an explicit blank.
obs-cpu-multicore-rate2006-int-base-cornell-intel-pentium-4-willamette-2000-11-01,cornell-intel-pentium-4-willamette-2000-11-01,Pentium 4 (willamette),Intel,historical processor dataset,cpu,cpu,2000-11-01,2000.833333,cpu_multicore_rate2006_int_base,,SPECint_rate_base2006 (one chip),measured integer throughput of one CPU package in a published system,unresolved,unresolved,original_author_dataset,,,,,,,,unresolved,,No supported value found; retained as an explicit blank.
obs-cpu-multicore-rate2017-int-base-cornell-intel-pentium-4-willamette-2000-11-01,cornell-intel-pentium-4-willamette-2000-11-01,Pentium 4 (willamette),Intel,historical processor dataset,cpu,cpu,2000-11-01,2000.833333,cpu_multicore_rate2017_int_base,,SPECrate2017_int_base (one chip),measured integer throughput of one CPU package in a published system,unresolved,unresolved,original_author_dataset,,,,,,,,unresolved,,No supported value found; retained as an explicit blank.
obs-cpu-multicore-index-cornell-intel-pentium-4-willamette-2000-11-01,cornell-intel-pentium-4-willamette-2000-11-01,Pentium 4 (willamette),Intel,historical processor dataset,cpu,cpu,2000-11-01,2000.833333,cpu_multicore_index,,estimated one-chip throughput index (2003=100),estimated integer-throughput index derived from a measured one-CPU-package SPEC rate,unresolved,unresolved,original_author_dataset,,,,,,,,unresolved,,No supported value found; retained as an explicit blank.
obs-fp32-dense-peak-gflops-cornell-intel-pentium-4-willamette-2000-11-01,cornell-intel-pentium-4-willamette-2000-11-01,Pentium 4 (willamette),Intel,historical processor dataset,cpu,cpu,2000-11-01,2000.833333,fp32_dense_peak_gflops,,GFLOP/s,dense non-tensor non-sparse FP32 vector peak,unresolved,unresolved,original_author_dataset,,,,,,,,unresolved,,No supported value found; retained as an explicit blank.
obs-transistors-million-nvidia-geforce3,nvidia-geforce3,NVIDIA GeForce3,NVIDIA,client/gaming,gpu,gpu,2001-02-27,2001.154517,transistors_million,57,million transistors,device or multi-die package transistor count,direct,direct,primary,,,,,,{},,eligible,https://download.nvidia.com/developer/cg/Cg_Tutorial/Chapter_1.pdf,
obs-frequency-ghz-nvidia-geforce3,nvidia-geforce3,NVIDIA GeForce3,NVIDIA,client/gaming,gpu,gpu,2001-02-27,2001.154517,frequency_ghz,,GHz,nominal/base clock unless source states otherwise,unresolved,unresolved,primary,,,,,,,,unresolved,,No supported value found; retained as an explicit blank.
obs-power-w-nvidia-geforce3,nvidia-geforce3,NVIDIA GeForce3,NVIDIA,client/gaming,gpu,gpu,2001-02-27,2001.154517,power_w,,W,GPU TBP/TDP,unresolved,unresolved,primary,,,,,,,,unresolved,,No supported value found; retained as an explicit blank.
obs-cpu-physical-cores-nvidia-geforce3,nvidia-geforce3,NVIDIA GeForce3,NVIDIA,client/gaming,gpu,gpu,2001-02-27,2001.154517,cpu_physical_cores,,physical cores,physical CPU cores,unresolved,unresolved,primary,,,,,,,,not_applicable_gpu,,No supported value found; retained as an explicit blank.
obs-gpu-compute-units-nvidia-geforce3,nvidia-geforce3,NVIDIA GeForce3,NVIDIA,client/gaming,gpu,discrete_gpu,2001-02-27,2001.154517,gpu_compute_units,,SMs / CUs / GPU cores,"vendor-native GPU unit count; SM, CU, or Apple GPU core",unresolved,unresolved,primary,,,,,,,,unresolved,,No supported value found; retained as an explicit blank.
obs-cpu-single-thread-normalized-nvidia-geforce3,nvidia-geforce3,NVIDIA GeForce3,NVIDIA,client/gaming,gpu,gpu,2001-02-27,2001.154517,cpu_single_thread_normalized,,normalized single-core index (legacy SPEC scale),one-copy benchmark normalized by the documented suite-specific continuity rule,unresolved,unresolved,primary,,,,,,,,not_applicable_gpu,,No supported value found; retained as an explicit blank.
obs-cpu-multicore-rate2000-int-base-nvidia-geforce3,nvidia-geforce3,NVIDIA GeForce3,NVIDIA,client/gaming,gpu,gpu,2001-02-27,2001.154517,cpu_multicore_rate2000_int_base,,SPECint_rate_base2000 (one chip),measured integer throughput of one CPU package in a published system,unresolved,unresolved,primary,,,,,,,,not_applicable_gpu,,No supported value found; retained as an explicit blank.
obs-cpu-multicore-rate2006-int-base-nvidia-geforce3,nvidia-geforce3,NVIDIA GeForce3,NVIDIA,client/gaming,gpu,gpu,2001-02-27,2001.154517,cpu_multicore_rate2006_int_base,,SPECint_rate_base2006 (one chip),measured integer throughput of one CPU package in a published system,unresolved,unresolved,primary,,,,,,,,not_applicable_gpu,,No supported value found; retained as an explicit blank.
obs-cpu-multicore-rate2017-int-base-nvidia-geforce3,nvidia-geforce3,NVIDIA GeForce3,NVIDIA,client/gaming,gpu,gpu,2001-02-27,2001.154517,cpu_multicore_rate2017_int_base,,SPECrate2017_int_base (one chip),measured integer throughput of one CPU package in a published system,unresolved,unresolved,primary,,,,,,,,not_applicable_gpu,,No supported value found; retained as an explicit blank.
obs-cpu-multicore-index-nvidia-geforce3,nvidia-geforce3,NVIDIA GeForce3,NVIDIA,client/gaming,gpu,gpu,2001-02-27,2001.154517,cpu_multicore_index,,estimated one-chip throughput index (2003=100),estimated integer-throughput index derived from a measured one-CPU-package SPEC rate,unresolved,unresolved,primary,,,,,,,,not_applicable_gpu,,No supported value found; retained as an explicit blank.
obs-fp32-dense-peak-gflops-nvidia-geforce3,nvidia-geforce3,NVIDIA GeForce3,NVIDIA,client/gaming,gpu,discrete_gpu,2001-02-27,2001.154517,fp32_dense_peak_gflops,,GFLOP/s,dense non-tensor non-sparse FP32 vector peak,unresolved,unresolved,primary,,,,,,,,unresolved,,No supported value found; retained as an explicit blank.
obs-transistors-million-cornell-intel-itanium-2001-05-01,cornell-intel-itanium-2001-05-01,Itanium,Intel,historical processor dataset,cpu,cpu,2001-05-01,2001.333333,transistors_million,25,million transistors,device or multi-die package transistor count,direct,high,primary,,,,,,{},,eligible,https://github.com/cornell-brg/processor-trends/blob/main/data/processor-trends.csv#L43; https://github.com/cornell-brg/processor-trends,"Matched against the cleaned Cornell processor-trends source derived from and independently checked against the Stanford/Horowitz data. Copied from the Cornell normalized-performance field, which follows the Stanford cross-suite SPECint normalization method."
obs-frequency-ghz-cornell-intel-itanium-2001-05-01,cornell-intel-itanium-2001-05-01,Itanium,Intel,historical processor dataset,cpu,cpu,2001-05-01,2001.333333,frequency_ghz,0.8,GHz,nominal/base clock unless source states otherwise,direct,high,primary,,,,,,{},,eligible,https://github.com/cornell-brg/processor-trends/blob/main/data/processor-trends.csv#L43; https://github.com/cornell-brg/processor-trends,"Matched against the cleaned Cornell processor-trends source derived from and independently checked against the Stanford/Horowitz data. Copied from the Cornell normalized-performance field, which follows the Stanford cross-suite SPECint normalization method."
obs-power-w-cornell-intel-itanium-2001-05-01,cornell-intel-itanium-2001-05-01,Itanium,Intel,historical processor dataset,cpu,cpu,2001-05-01,2001.333333,power_w,98,W,CPU TDP,direct,high,primary,,,,,,{},,eligible,https://github.com/cornell-brg/processor-trends/blob/main/data/processor-trends.csv#L43; https://github.com/cornell-brg/processor-trends,"Matched against the cleaned Cornell processor-trends source derived from and independently checked against the Stanford/Horowitz data. Copied from the Cornell normalized-performance field, which follows the Stanford cross-suite SPECint normalization method."
obs-cpu-physical-cores-cornell-intel-itanium-2001-05-01,cornell-intel-itanium-2001-05-01,Itanium,Intel,historical processor dataset,cpu,cpu,2001-05-01,2001.333333,cpu_physical_cores,1,physical cores,physical CPU cores,direct,high,primary,,,,,,{},,eligible,https://github.com/cornell-brg/processor-trends/blob/main/data/processor-trends.csv#L43; https://github.com/cornell-brg/processor-trends,"Matched against the cleaned Cornell processor-trends source derived from and independently checked against the Stanford/Horowitz data. Copied from the Cornell normalized-performance field, which follows the Stanford cross-suite SPECint normalization method."
obs-gpu-compute-units-cornell-intel-itanium-2001-05-01,cornell-intel-itanium-2001-05-01,Itanium,Intel,historical processor dataset,cpu,cpu,2001-05-01,2001.333333,gpu_compute_units,,SMs / CUs / GPU cores,"vendor-native GPU unit count; SM, CU, or Apple GPU core",unresolved,unresolved,original_author_dataset,,,,,,,,not_applicable_cpu,,No supported value found; retained as an explicit blank.
obs-cpu-single-thread-normalized-cornell-intel-itanium-2001-05-01,cornell-intel-itanium-2001-05-01,Itanium,Intel,historical processor dataset,cpu,cpu,2001-05-01,2001.333333,cpu_single_thread_normalized,2.368,normalized single-core index (legacy SPEC scale),one-copy benchmark normalized by the documented suite-specific continuity rule,normalized,high,primary,,,Stanford/Cornell normalized SPECint2006-equivalent performance,,,{},,eligible,https://github.com/cornell-brg/processor-trends/blob/main/data/processor-trends.csv#L43; https://github.com/cornell-brg/processor-trends,"Matched against the cleaned Cornell processor-trends source derived from and independently checked against the Stanford/Horowitz data. Copied from the Cornell normalized-performance field, which follows the Stanford cross-suite SPECint normalization method."
obs-cpu-multicore-rate2000-int-base-cornell-intel-itanium-2001-05-01,cornell-intel-itanium-2001-05-01,Itanium,Intel,historical processor dataset,cpu,cpu,2001-05-01,2001.333333,cpu_multicore_rate2000_int_base,,SPECint_rate_base2000 (one chip),measured integer throughput of one CPU package in a published system,unresolved,unresolved,original_author_dataset,,,,,,,,unresolved,,No supported value found; retained as an explicit blank.
obs-cpu-multicore-rate2006-int-base-cornell-intel-itanium-2001-05-01,cornell-intel-itanium-2001-05-01,Itanium,Intel,historical processor dataset,cpu,cpu,2001-05-01,2001.333333,cpu_multicore_rate2006_int_base,,SPECint_rate_base2006 (one chip),measured integer throughput of one CPU package in a published system,unresolved,unresolved,original_author_dataset,,,,,,,,unresolved,,No supported value found; retained as an explicit blank.
obs-cpu-multicore-rate2017-int-base-cornell-intel-itanium-2001-05-01,cornell-intel-itanium-2001-05-01,Itanium,Intel,historical processor dataset,cpu,cpu,2001-05-01,2001.333333,cpu_multicore_rate2017_int_base,,SPECrate2017_int_base (one chip),measured integer throughput of one CPU package in a published system,unresolved,unresolved,original_author_dataset,,,,,,,,unresolved,,No supported value found; retained as an explicit blank.
obs-cpu-multicore-index-cornell-intel-itanium-2001-05-01,cornell-intel-itanium-2001-05-01,Itanium,Intel,historical processor dataset,cpu,cpu,2001-05-01,2001.333333,cpu_multicore_index,,estimated one-chip throughput index (2003=100),estimated integer-throughput index derived from a measured one-CPU-package SPEC rate,unresolved,unresolved,original_author_dataset,,,,,,,,unresolved,,No supported value found; retained as an explicit blank.
obs-fp32-dense-peak-gflops-cornell-intel-itanium-2001-05-01,cornell-intel-itanium-2001-05-01,Itanium,Intel,historical processor dataset,cpu,cpu,2001-05-01,2001.333333,fp32_dense_peak_gflops,,GFLOP/s,dense non-tensor non-sparse FP32 vector peak,unresolved,unresolved,original_author_dataset,,,,,,,,unresolved,,No supported value found; retained as an explicit blank.
obs-transistors-million-cornell-amd-k6-2-2001-06-01,cornell-amd-k6-2-2001-06-01,K6-2,AMD,historical processor dataset,cpu,cpu,2001-06-01,2001.416667,transistors_million,37,million transistors,device or multi-die package transistor count,direct,high,primary,,,,,,{},,eligible,https://github.com/cornell-brg/processor-trends/blob/main/data/processor-trends.csv#L44; https://github.com/cornell-brg/processor-trends,"Matched against the cleaned Cornell processor-trends source derived from and independently checked against the Stanford/Horowitz data. Copied from the Cornell normalized-performance field, which follows the Stanford cross-suite SPECint normalization method."
obs-frequency-ghz-cornell-amd-k6-2-2001-06-01,cornell-amd-k6-2-2001-06-01,K6-2,AMD,historical processor dataset,cpu,cpu,2001-06-01,2001.416667,frequency_ghz,1.4,GHz,nominal/base clock unless source states otherwise,direct,high,primary,,,,,,{},,eligible,https://github.com/cornell-brg/processor-trends/blob/main/data/processor-trends.csv#L44; https://github.com/cornell-brg/processor-trends,"Matched against the cleaned Cornell processor-trends source derived from and independently checked against the Stanford/Horowitz data. Copied from the Cornell normalized-performance field, which follows the Stanford cross-suite SPECint normalization method."
obs-power-w-cornell-amd-k6-2-2001-06-01,cornell-amd-k6-2-2001-06-01,K6-2,AMD,historical processor dataset,cpu,cpu,2001-06-01,2001.416667,power_w,56,W,CPU TDP,direct,high,primary,,,,,,{},,eligible,https://github.com/cornell-brg/processor-trends/blob/main/data/processor-trends.csv#L44; https://github.com/cornell-brg/processor-trends,"Matched against the cleaned Cornell processor-trends source derived from and independently checked against the Stanford/Horowitz data. Copied from the Cornell normalized-performance field, which follows the Stanford cross-suite SPECint normalization method."
obs-cpu-physical-cores-cornell-amd-k6-2-2001-06-01,cornell-amd-k6-2-2001-06-01,K6-2,AMD,historical processor dataset,cpu,cpu,2001-06-01,2001.416667,cpu_physical_cores,1,physical cores,physical CPU cores,direct,high,primary,,,,,,{},,eligible,https://github.com/cornell-brg/processor-trends/blob/main/data/processor-trends.csv#L44; https://github.com/cornell-brg/processor-trends,"Matched against the cleaned Cornell processor-trends source derived from and independently checked against the Stanford/Horowitz data. Copied from the Cornell normalized-performance field, which follows the Stanford cross-suite SPECint normalization method."
obs-gpu-compute-units-cornell-amd-k6-2-2001-06-01,cornell-amd-k6-2-2001-06-01,K6-2,AMD,historical processor dataset,cpu,cpu,2001-06-01,2001.416667,gpu_compute_units,,SMs / CUs / GPU cores,"vendor-native GPU unit count; SM, CU, or Apple GPU core",unresolved,unresolved,original_author_dataset,,,,,,,,not_applicable_cpu,,No supported value found; retained as an explicit blank.
obs-cpu-single-thread-normalized-cornell-amd-k6-2-2001-06-01,cornell-amd-k6-2-2001-06-01,K6-2,AMD,historical processor dataset,cpu,cpu,2001-06-01,2001.416667,cpu_single_thread_normalized,3.5456,normalized single-core index (legacy SPEC scale),one-copy benchmark normalized by the documented suite-specific continuity rule,normalized,high,primary,,,Stanford/Cornell normalized SPECint2006-equivalent performance,,,{},,eligible,https://github.com/cornell-brg/processor-trends/blob/main/data/processor-trends.csv#L44; https://github.com/cornell-brg/processor-trends,"Matched against the cleaned Cornell processor-trends source derived from and independently checked against the Stanford/Horowitz data. Copied from the Cornell normalized-performance field, which follows the Stanford cross-suite SPECint normalization method."
obs-cpu-multicore-rate2000-int-base-cornell-amd-k6-2-2001-06-01,cornell-amd-k6-2-2001-06-01,K6-2,AMD,historical processor dataset,cpu,cpu,2001-06-01,2001.416667,cpu_multicore_rate2000_int_base,,SPECint_rate_base2000 (one chip),measured integer throughput of one CPU package in a published system,unresolved,unresolved,original_author_dataset,,,,,,,,unresolved,,No supported value found; retained as an explicit blank.
obs-cpu-multicore-rate2006-int-base-cornell-amd-k6-2-2001-06-01,cornell-amd-k6-2-2001-06-01,K6-2,AMD,historical processor dataset,cpu,cpu,2001-06-01,2001.416667,cpu_multicore_rate2006_int_base,,SPECint_rate_base2006 (one chip),measured integer throughput of one CPU package in a published system,unresolved,unresolved,original_author_dataset,,,,,,,,unresolved,,No supported value found; retained as an explicit blank.
obs-cpu-multicore-rate2017-int-base-cornell-amd-k6-2-2001-06-01,cornell-amd-k6-2-2001-06-01,K6-2,AMD,historical processor dataset,cpu,cpu,2001-06-01,2001.416667,cpu_multicore_rate2017_int_base,,SPECrate2017_int_base (one chip),measured integer throughput of one CPU package in a published system,unresolved,unresolved,original_author_dataset,,,,,,,,unresolved,,No supported value found; retained as an explicit blank.
obs-cpu-multicore-index-cornell-amd-k6-2-2001-06-01,cornell-amd-k6-2-2001-06-01,K6-2,AMD,historical processor dataset,cpu,cpu,2001-06-01,2001.416667,cpu_multicore_index,,estimated one-chip throughput index (2003=100),estimated integer-throughput index derived from a measured one-CPU-package SPEC rate,unresolved,unresolved,original_author_dataset,,,,,,,,unresolved,,No supported value found; retained as an explicit blank.
obs-fp32-dense-peak-gflops-cornell-amd-k6-2-2001-06-01,cornell-amd-k6-2-2001-06-01,K6-2,AMD,historical processor dataset,cpu,cpu,2001-06-01,2001.416667,fp32_dense_peak_gflops,,GFLOP/s,dense non-tensor non-sparse FP32 vector peak,unresolved,unresolved,original_author_dataset,,,,,,,,unresolved,,No supported value found; retained as an explicit blank.
obs-transistors-million-ibm-power4,ibm-power4,IBM POWER4,IBM,server,cpu,cpu,2001-10-01,2001.750000,transistors_million,,million transistors,device or multi-die package transistor count,unresolved,unresolved,primary,,,,,,,,unresolved,,No supported value found; retained as an explicit blank.
obs-frequency-ghz-ibm-power4,ibm-power4,IBM POWER4,IBM,server,cpu,cpu,2001-10-01,2001.750000,frequency_ghz,,GHz,nominal/base clock unless source states otherwise,unresolved,unresolved,primary,,,,,,,,unresolved,,No supported value found; retained as an explicit blank.
obs-power-w-ibm-power4,ibm-power4,IBM POWER4,IBM,server,cpu,cpu,2001-10-01,2001.750000,power_w,,W,CPU TDP,unresolved,unresolved,primary,,,,,,,,unresolved,,No supported value found; retained as an explicit blank.
obs-cpu-physical-cores-ibm-power4,ibm-power4,IBM POWER4,IBM,server,cpu,cpu,2001-10-01,2001.750000,cpu_physical_cores,2,physical cores,physical CPU cores,direct,direct,primary,,,,,,{},,eligible,https://www.ibm.com/history/power,
obs-gpu-compute-units-ibm-power4,ibm-power4,IBM POWER4,IBM,server,cpu,cpu,2001-10-01,2001.750000,gpu_compute_units,,SMs / CUs / GPU cores,"vendor-native GPU unit count; SM, CU, or Apple GPU core",unresolved,unresolved,primary,,,,,,,,not_applicable_cpu,,No supported value found; retained as an explicit blank.
obs-cpu-single-thread-normalized-ibm-power4,ibm-power4,IBM POWER4,IBM,server,cpu,cpu,2001-10-01,2001.750000,cpu_single_thread_normalized,,normalized single-core index (legacy SPEC scale),one-copy benchmark normalized by the documented suite-specific continuity rule,unresolved,unresolved,primary,,,,,,,,unresolved,,No supported value found; retained as an explicit blank.
obs-cpu-multicore-rate2000-int-base-ibm-power4,ibm-power4,IBM POWER4,IBM,server,cpu,cpu,2001-10-01,2001.750000,cpu_multicore_rate2000_int_base,,SPECint_rate_base2000 (one chip),measured integer throughput of one CPU package in a published system,unresolved,unresolved,primary,,,,,,,,unresolved,,No supported value found; retained as an explicit blank.
obs-cpu-multicore-rate2006-int-base-ibm-power4,ibm-power4,IBM POWER4,IBM,server,cpu,cpu,2001-10-01,2001.750000,cpu_multicore_rate2006_int_base,,SPECint_rate_base2006 (one chip),measured integer throughput of one CPU package in a published system,unresolved,unresolved,primary,,,,,,,,unresolved,,No supported value found; retained as an explicit blank.
obs-cpu-multicore-rate2017-int-base-ibm-power4,ibm-power4,IBM POWER4,IBM,server,cpu,cpu,2001-10-01,2001.750000,cpu_multicore_rate2017_int_base,,SPECrate2017_int_base (one chip),measured integer throughput of one CPU package in a published system,unresolved,unresolved,primary,,,,,,,,unresolved,,No supported value found; retained as an explicit blank.
obs-cpu-multicore-index-ibm-power4,ibm-power4,IBM POWER4,IBM,server,cpu,cpu,2001-10-01,2001.750000,cpu_multicore_index,,estimated one-chip throughput index (2003=100),estimated integer-throughput index derived from a measured one-CPU-package SPEC rate,unresolved,unresolved,primary,,,,,,,,unresolved,,No supported value found; retained as an explicit blank.
obs-fp32-dense-peak-gflops-ibm-power4,ibm-power4,IBM POWER4,IBM,server,cpu,cpu,2001-10-01,2001.750000,fp32_dense_peak_gflops,,GFLOP/s,dense non-tensor non-sparse FP32 vector peak,unresolved,unresolved,primary,,,,,,,,unresolved,,No supported value found; retained as an explicit blank.
obs-transistors-million-cornell-intel-pentium-4-northwood-2002-01-01,cornell-intel-pentium-4-northwood-2002-01-01,Pentium 4 (northwood),Intel,historical processor dataset,cpu,cpu,2002-01-01,2002.000000,transistors_million,55,million transistors,device or multi-die package transistor count,direct,high,primary,,,,,,{},,eligible,https://github.com/cornell-brg/processor-trends/blob/main/data/processor-trends.csv#L45; https://github.com/cornell-brg/processor-trends,"Matched against the cleaned Cornell processor-trends source derived from and independently checked against the Stanford/Horowitz data. Copied from the Cornell normalized-performance field, which follows the Stanford cross-suite SPECint normalization method."
obs-frequency-ghz-cornell-intel-pentium-4-northwood-2002-01-01,cornell-intel-pentium-4-northwood-2002-01-01,Pentium 4 (northwood),Intel,historical processor dataset,cpu,cpu,2002-01-01,2002.000000,frequency_ghz,2.2,GHz,nominal/base clock unless source states otherwise,direct,high,primary,,,,,,{},,eligible,https://github.com/cornell-brg/processor-trends/blob/main/data/processor-trends.csv#L45; https://github.com/cornell-brg/processor-trends,"Matched against the cleaned Cornell processor-trends source derived from and independently checked against the Stanford/Horowitz data. Copied from the Cornell normalized-performance field, which follows the Stanford cross-suite SPECint normalization method."
obs-power-w-cornell-intel-pentium-4-northwood-2002-01-01,cornell-intel-pentium-4-northwood-2002-01-01,Pentium 4 (northwood),Intel,historical processor dataset,cpu,cpu,2002-01-01,2002.000000,power_w,48,W,CPU TDP,direct,high,primary,,,,,,{},,eligible,https://github.com/cornell-brg/processor-trends/blob/main/data/processor-trends.csv#L45; https://github.com/cornell-brg/processor-trends,"Matched against the cleaned Cornell processor-trends source derived from and independently checked against the Stanford/Horowitz data. Copied from the Cornell normalized-performance field, which follows the Stanford cross-suite SPECint normalization method."
obs-cpu-physical-cores-cornell-intel-pentium-4-northwood-2002-01-01,cornell-intel-pentium-4-northwood-2002-01-01,Pentium 4 (northwood),Intel,historical processor dataset,cpu,cpu,2002-01-01,2002.000000,cpu_physical_cores,1,physical cores,physical CPU cores,direct,high,primary,,,,,,{},,eligible,https://github.com/cornell-brg/processor-trends/blob/main/data/processor-trends.csv#L45; https://github.com/cornell-brg/processor-trends,"Matched against the cleaned Cornell processor-trends source derived from and independently checked against the Stanford/Horowitz data. Copied from the Cornell normalized-performance field, which follows the Stanford cross-suite SPECint normalization method."
obs-gpu-compute-units-cornell-intel-pentium-4-northwood-2002-01-01,cornell-intel-pentium-4-northwood-2002-01-01,Pentium 4 (northwood),Intel,historical processor dataset,cpu,cpu,2002-01-01,2002.000000,gpu_compute_units,,SMs / CUs / GPU cores,"vendor-native GPU unit count; SM, CU, or Apple GPU core",unresolved,unresolved,original_author_dataset,,,,,,,,not_applicable_cpu,,No supported value found; retained as an explicit blank.
obs-cpu-single-thread-normalized-cornell-intel-pentium-4-northwood-2002-01-01,cornell-intel-pentium-4-northwood-2002-01-01,Pentium 4 (northwood),Intel,historical processor dataset,cpu,cpu,2002-01-01,2002.000000,cpu_single_thread_normalized,5.1904,normalized single-core index (legacy SPEC scale),one-copy benchmark normalized by the documented suite-specific continuity rule,normalized,high,primary,,,Stanford/Cornell normalized SPECint2006-equivalent performance,,,{},,eligible,https://github.com/cornell-brg/processor-trends/blob/main/data/processor-trends.csv#L45; https://github.com/cornell-brg/processor-trends,"Matched against the cleaned Cornell processor-trends source derived from and independently checked against the Stanford/Horowitz data. Copied from the Cornell normalized-performance field, which follows the Stanford cross-suite SPECint normalization method."
obs-cpu-multicore-rate2000-int-base-cornell-intel-pentium-4-northwood-2002-01-01,cornell-intel-pentium-4-northwood-2002-01-01,Pentium 4 (northwood),Intel,historical processor dataset,cpu,cpu,2002-01-01,2002.000000,cpu_multicore_rate2000_int_base,,SPECint_rate_base2000 (one chip),measured integer throughput of one CPU package in a published system,unresolved,unresolved,original_author_dataset,,,,,,,,unresolved,,No supported value found; retained as an explicit blank.
obs-cpu-multicore-rate2006-int-base-cornell-intel-pentium-4-northwood-2002-01-01,cornell-intel-pentium-4-northwood-2002-01-01,Pentium 4 (northwood),Intel,historical processor dataset,cpu,cpu,2002-01-01,2002.000000,cpu_multicore_rate2006_int_base,,SPECint_rate_base2006 (one chip),measured integer throughput of one CPU package in a published system,unresolved,unresolved,original_author_dataset,,,,,,,,unresolved,,No supported value found; retained as an explicit blank.
obs-cpu-multicore-rate2017-int-base-cornell-intel-pentium-4-northwood-2002-01-01,cornell-intel-pentium-4-northwood-2002-01-01,Pentium 4 (northwood),Intel,historical processor dataset,cpu,cpu,2002-01-01,2002.000000,cpu_multicore_rate2017_int_base,,SPECrate2017_int_base (one chip),measured integer throughput of one CPU package in a published system,unresolved,unresolved,original_author_dataset,,,,,,,,unresolved,,No supported value found; retained as an explicit blank.
obs-cpu-multicore-index-cornell-intel-pentium-4-northwood-2002-01-01,cornell-intel-pentium-4-northwood-2002-01-01,Pentium 4 (northwood),Intel,historical processor dataset,cpu,cpu,2002-01-01,2002.000000,cpu_multicore_index,,estimated one-chip throughput index (2003=100),estimated integer-throughput index derived from a measured one-CPU-package SPEC rate,unresolved,unresolved,original_author_dataset,,,,,,,,unresolved,,No supported value found; retained as an explicit blank.
obs-fp32-dense-peak-gflops-cornell-intel-pentium-4-northwood-2002-01-01,cornell-intel-pentium-4-northwood-2002-01-01,Pentium 4 (northwood),Intel,historical processor dataset,cpu,cpu,2002-01-01,2002.000000,fp32_dense_peak_gflops,,GFLOP/s,dense non-tensor non-sparse FP32 vector peak,unresolved,unresolved,original_author_dataset,,,,,,,,unresolved,,No supported value found; retained as an explicit blank.
obs-transistors-million-nvidia-geforce4-ti,nvidia-geforce4-ti,NVIDIA GeForce4 Ti,NVIDIA,client/gaming,gpu,gpu,2002-02-06,2002.097023,transistors_million,63,million transistors,device or multi-die package transistor count,direct,direct,primary,,,,,,{},,eligible,https://download.nvidia.com/developer/cg/Cg_Tutorial/Chapter_1.pdf,
obs-frequency-ghz-nvidia-geforce4-ti,nvidia-geforce4-ti,NVIDIA GeForce4 Ti,NVIDIA,client/gaming,gpu,gpu,2002-02-06,2002.097023,frequency_ghz,,GHz,nominal/base clock unless source states otherwise,unresolved,unresolved,primary,,,,,,,,unresolved,,No supported value found; retained as an explicit blank.
obs-power-w-nvidia-geforce4-ti,nvidia-geforce4-ti,NVIDIA GeForce4 Ti,NVIDIA,client/gaming,gpu,gpu,2002-02-06,2002.097023,power_w,,W,GPU TBP/TDP,unresolved,unresolved,primary,,,,,,,,unresolved,,No supported value found; retained as an explicit blank.
obs-cpu-physical-cores-nvidia-geforce4-ti,nvidia-geforce4-ti,NVIDIA GeForce4 Ti,NVIDIA,client/gaming,gpu,gpu,2002-02-06,2002.097023,cpu_physical_cores,,physical cores,physical CPU cores,unresolved,unresolved,primary,,,,,,,,not_applicable_gpu,,No supported value found; retained as an explicit blank.
obs-gpu-compute-units-nvidia-geforce4-ti,nvidia-geforce4-ti,NVIDIA GeForce4 Ti,NVIDIA,client/gaming,gpu,discrete_gpu,2002-02-06,2002.097023,gpu_compute_units,,SMs / CUs / GPU cores,"vendor-native GPU unit count; SM, CU, or Apple GPU core",unresolved,unresolved,primary,,,,,,,,unresolved,,No supported value found; retained as an explicit blank.
obs-cpu-single-thread-normalized-nvidia-geforce4-ti,nvidia-geforce4-ti,NVIDIA GeForce4 Ti,NVIDIA,client/gaming,gpu,gpu,2002-02-06,2002.097023,cpu_single_thread_normalized,,normalized single-core index (legacy SPEC scale),one-copy benchmark normalized by the documented suite-specific continuity rule,unresolved,unresolved,primary,,,,,,,,not_applicable_gpu,,No supported value found; retained as an explicit blank.
obs-cpu-multicore-rate2000-int-base-nvidia-geforce4-ti,nvidia-geforce4-ti,NVIDIA GeForce4 Ti,NVIDIA,client/gaming,gpu,gpu,2002-02-06,2002.097023,cpu_multicore_rate2000_int_base,,SPECint_rate_base2000 (one chip),measured integer throughput of one CPU package in a published system,unresolved,unresolved,primary,,,,,,,,not_applicable_gpu,,No supported value found; retained as an explicit blank.
obs-cpu-multicore-rate2006-int-base-nvidia-geforce4-ti,nvidia-geforce4-ti,NVIDIA GeForce4 Ti,NVIDIA,client/gaming,gpu,gpu,2002-02-06,2002.097023,cpu_multicore_rate2006_int_base,,SPECint_rate_base2006 (one chip),measured integer throughput of one CPU package in a published system,unresolved,unresolved,primary,,,,,,,,not_applicable_gpu,,No supported value found; retained as an explicit blank.
obs-cpu-multicore-rate2017-int-base-nvidia-geforce4-ti,nvidia-geforce4-ti,NVIDIA GeForce4 Ti,NVIDIA,client/gaming,gpu,gpu,2002-02-06,2002.097023,cpu_multicore_rate2017_int_base,,SPECrate2017_int_base (one chip),measured integer throughput of one CPU package in a published system,unresolved,unresolved,primary,,,,,,,,not_applicable_gpu,,No supported value found; retained as an explicit blank.
obs-cpu-multicore-index-nvidia-geforce4-ti,nvidia-geforce4-ti,NVIDIA GeForce4 Ti,NVIDIA,client/gaming,gpu,gpu,2002-02-06,2002.097023,cpu_multicore_index,,estimated one-chip throughput index (2003=100),estimated integer-throughput index derived from a measured one-CPU-package SPEC rate,unresolved,unresolved,primary,,,,,,,,not_applicable_gpu,,No supported value found; retained as an explicit blank.
obs-fp32-dense-peak-gflops-nvidia-geforce4-ti,nvidia-geforce4-ti,NVIDIA GeForce4 Ti,NVIDIA,client/gaming,gpu,discrete_gpu,2002-02-06,2002.097023,fp32_dense_peak_gflops,,GFLOP/s,dense non-tensor non-sparse FP32 vector peak,unresolved,unresolved,primary,,,,,,,,unresolved,,No supported value found; retained as an explicit blank.
obs-transistors-million-cornell-amd-athlon-xp-tbred-2002-06-01,cornell-amd-athlon-xp-tbred-2002-06-01,Athlon XP Tbred,AMD,historical processor dataset,cpu,cpu,2002-06-01,2002.416667,transistors_million,37.2,million transistors,device or multi-die package transistor count,direct,high,primary,,,,,,{},,eligible,https://github.com/cornell-brg/processor-trends/blob/main/data/processor-trends.csv#L46; https://github.com/cornell-brg/processor-trends,"Matched against the cleaned Cornell processor-trends source derived from and independently checked against the Stanford/Horowitz data. Copied from the Cornell normalized-performance field, which follows the Stanford cross-suite SPECint normalization method."
obs-frequency-ghz-cornell-amd-athlon-xp-tbred-2002-06-01,cornell-amd-athlon-xp-tbred-2002-06-01,Athlon XP Tbred,AMD,historical processor dataset,cpu,cpu,2002-06-01,2002.416667,frequency_ghz,1.8,GHz,nominal/base clock unless source states otherwise,direct,high,primary,,,,,,{},,eligible,https://github.com/cornell-brg/processor-trends/blob/main/data/processor-trends.csv#L46; https://github.com/cornell-brg/processor-trends,"Matched against the cleaned Cornell processor-trends source derived from and independently checked against the Stanford/Horowitz data. Copied from the Cornell normalized-performance field, which follows the Stanford cross-suite SPECint normalization method."
obs-power-w-cornell-amd-athlon-xp-tbred-2002-06-01,cornell-amd-athlon-xp-tbred-2002-06-01,Athlon XP Tbred,AMD,historical processor dataset,cpu,cpu,2002-06-01,2002.416667,power_w,62,W,CPU TDP,direct,high,primary,,,,,,{},,eligible,https://github.com/cornell-brg/processor-trends/blob/main/data/processor-trends.csv#L46; https://github.com/cornell-brg/processor-trends,"Matched against the cleaned Cornell processor-trends source derived from and independently checked against the Stanford/Horowitz data. Copied from the Cornell normalized-performance field, which follows the Stanford cross-suite SPECint normalization method."
obs-cpu-physical-cores-cornell-amd-athlon-xp-tbred-2002-06-01,cornell-amd-athlon-xp-tbred-2002-06-01,Athlon XP Tbred,AMD,historical processor dataset,cpu,cpu,2002-06-01,2002.416667,cpu_physical_cores,1,physical cores,physical CPU cores,direct,high,primary,,,,,,{},,eligible,https://github.com/cornell-brg/processor-trends/blob/main/data/processor-trends.csv#L46; https://github.com/cornell-brg/processor-trends,"Matched against the cleaned Cornell processor-trends source derived from and independently checked against the Stanford/Horowitz data. Copied from the Cornell normalized-performance field, which follows the Stanford cross-suite SPECint normalization method."
obs-gpu-compute-units-cornell-amd-athlon-xp-tbred-2002-06-01,cornell-amd-athlon-xp-tbred-2002-06-01,Athlon XP Tbred,AMD,historical processor dataset,cpu,cpu,2002-06-01,2002.416667,gpu_compute_units,,SMs / CUs / GPU cores,"vendor-native GPU unit count; SM, CU, or Apple GPU core",unresolved,unresolved,original_author_dataset,,,,,,,,not_applicable_cpu,,No supported value found; retained as an explicit blank.
obs-cpu-single-thread-normalized-cornell-amd-athlon-xp-tbred-2002-06-01,cornell-amd-athlon-xp-tbred-2002-06-01,Athlon XP Tbred,AMD,historical processor dataset,cpu,cpu,2002-06-01,2002.416667,cpu_single_thread_normalized,4.7232,normalized single-core index (legacy SPEC scale),one-copy benchmark normalized by the documented suite-specific continuity rule,normalized,high,primary,,,Stanford/Cornell normalized SPECint2006-equivalent performance,,,{},,eligible,https://github.com/cornell-brg/processor-trends/blob/main/data/processor-trends.csv#L46; https://github.com/cornell-brg/processor-trends,"Matched against the cleaned Cornell processor-trends source derived from and independently checked against the Stanford/Horowitz data. Copied from the Cornell normalized-performance field, which follows the Stanford cross-suite SPECint normalization method."
obs-cpu-multicore-rate2000-int-base-cornell-amd-athlon-xp-tbred-2002-06-01,cornell-amd-athlon-xp-tbred-2002-06-01,Athlon XP Tbred,AMD,historical processor dataset,cpu,cpu,2002-06-01,2002.416667,cpu_multicore_rate2000_int_base,,SPECint_rate_base2000 (one chip),measured integer throughput of one CPU package in a published system,unresolved,unresolved,original_author_dataset,,,,,,,,unresolved,,No supported value found; retained as an explicit blank.
obs-cpu-multicore-rate2006-int-base-cornell-amd-athlon-xp-tbred-2002-06-01,cornell-amd-athlon-xp-tbred-2002-06-01,Athlon XP Tbred,AMD,historical processor dataset,cpu,cpu,2002-06-01,2002.416667,cpu_multicore_rate2006_int_base,,SPECint_rate_base2006 (one chip),measured integer throughput of one CPU package in a published system,unresolved,unresolved,original_author_dataset,,,,,,,,unresolved,,No supported value found; retained as an explicit blank.
obs-cpu-multicore-rate2017-int-base-cornell-amd-athlon-xp-tbred-2002-06-01,cornell-amd-athlon-xp-tbred-2002-06-01,Athlon XP Tbred,AMD,historical processor dataset,cpu,cpu,2002-06-01,2002.416667,cpu_multicore_rate2017_int_base,,SPECrate2017_int_base (one chip),measured integer throughput of one CPU package in a published system,unresolved,unresolved,original_author_dataset,,,,,,,,unresolved,,No supported value found; retained as an explicit blank.
obs-cpu-multicore-index-cornell-amd-athlon-xp-tbred-2002-06-01,cornell-amd-athlon-xp-tbred-2002-06-01,Athlon XP Tbred,AMD,historical processor dataset,cpu,cpu,2002-06-01,2002.416667,cpu_multicore_index,,estimated one-chip throughput index (2003=100),estimated integer-throughput index derived from a measured one-CPU-package SPEC rate,unresolved,unresolved,original_author_dataset,,,,,,,,unresolved,,No supported value found; retained as an explicit blank.
obs-fp32-dense-peak-gflops-cornell-amd-athlon-xp-tbred-2002-06-01,cornell-amd-athlon-xp-tbred-2002-06-01,Athlon XP Tbred,AMD,historical processor dataset,cpu,cpu,2002-06-01,2002.416667,fp32_dense_peak_gflops,,GFLOP/s,dense non-tensor non-sparse FP32 vector peak,unresolved,unresolved,original_author_dataset,,,,,,,,unresolved,,No supported value found; retained as an explicit blank.
obs-transistors-million-cornell-intel-itanium-2-2002-07-01,cornell-intel-itanium-2-2002-07-01,Itanium 2,Intel,historical processor dataset,cpu,cpu,2002-07-01,2002.500000,transistors_million,221,million transistors,device or multi-die package transistor count,direct,high,primary,,,,,,{},,eligible,https://github.com/cornell-brg/processor-trends/blob/main/data/processor-trends.csv#L47; https://github.com/cornell-brg/processor-trends,"Matched against the cleaned Cornell processor-trends source derived from and independently checked against the Stanford/Horowitz data. Copied from the Cornell normalized-performance field, which follows the Stanford cross-suite SPECint normalization method."
obs-frequency-ghz-cornell-intel-itanium-2-2002-07-01,cornell-intel-itanium-2-2002-07-01,Itanium 2,Intel,historical processor dataset,cpu,cpu,2002-07-01,2002.500000,frequency_ghz,1,GHz,nominal/base clock unless source states otherwise,direct,high,primary,,,,,,{},,eligible,https://github.com/cornell-brg/processor-trends/blob/main/data/processor-trends.csv#L47; https://github.com/cornell-brg/processor-trends,"Matched against the cleaned Cornell processor-trends source derived from and independently checked against the Stanford/Horowitz data. Copied from the Cornell normalized-performance field, which follows the Stanford cross-suite SPECint normalization method."
obs-power-w-cornell-intel-itanium-2-2002-07-01,cornell-intel-itanium-2-2002-07-01,Itanium 2,Intel,historical processor dataset,cpu,cpu,2002-07-01,2002.500000,power_w,98,W,CPU TDP,direct,high,primary,,,,,,{},,eligible,https://github.com/cornell-brg/processor-trends/blob/main/data/processor-trends.csv#L47; https://github.com/cornell-brg/processor-trends,"Matched against the cleaned Cornell processor-trends source derived from and independently checked against the Stanford/Horowitz data. Copied from the Cornell normalized-performance field, which follows the Stanford cross-suite SPECint normalization method."
obs-cpu-physical-cores-cornell-intel-itanium-2-2002-07-01,cornell-intel-itanium-2-2002-07-01,Itanium 2,Intel,historical processor dataset,cpu,cpu,2002-07-01,2002.500000,cpu_physical_cores,1,physical cores,physical CPU cores,direct,high,primary,,,,,,{},,eligible,https://github.com/cornell-brg/processor-trends/blob/main/data/processor-trends.csv#L47; https://github.com/cornell-brg/processor-trends,"Matched against the cleaned Cornell processor-trends source derived from and independently checked against the Stanford/Horowitz data. Copied from the Cornell normalized-performance field, which follows the Stanford cross-suite SPECint normalization method."
obs-gpu-compute-units-cornell-intel-itanium-2-2002-07-01,cornell-intel-itanium-2-2002-07-01,Itanium 2,Intel,historical processor dataset,cpu,cpu,2002-07-01,2002.500000,gpu_compute_units,,SMs / CUs / GPU cores,"vendor-native GPU unit count; SM, CU, or Apple GPU core",unresolved,unresolved,original_author_dataset,,,,,,,,not_applicable_cpu,,No supported value found; retained as an explicit blank.
obs-cpu-single-thread-normalized-cornell-intel-itanium-2-2002-07-01,cornell-intel-itanium-2-2002-07-01,Itanium 2,Intel,historical processor dataset,cpu,cpu,2002-07-01,2002.500000,cpu_single_thread_normalized,5.184,normalized single-core index (legacy SPEC scale),one-copy benchmark normalized by the documented suite-specific continuity rule,normalized,high,primary,,,Stanford/Cornell normalized SPECint2006-equivalent performance,,,{},,eligible,https://github.com/cornell-brg/processor-trends/blob/main/data/processor-trends.csv#L47; https://github.com/cornell-brg/processor-trends,"Matched against the cleaned Cornell processor-trends source derived from and independently checked against the Stanford/Horowitz data. Copied from the Cornell normalized-performance field, which follows the Stanford cross-suite SPECint normalization method."
obs-cpu-multicore-rate2000-int-base-cornell-intel-itanium-2-2002-07-01,cornell-intel-itanium-2-2002-07-01,Itanium 2,Intel,historical processor dataset,cpu,cpu,2002-07-01,2002.500000,cpu_multicore_rate2000_int_base,,SPECint_rate_base2000 (one chip),measured integer throughput of one CPU package in a published system,unresolved,unresolved,original_author_dataset,,,,,,,,unresolved,,No supported value found; retained as an explicit blank.
obs-cpu-multicore-rate2006-int-base-cornell-intel-itanium-2-2002-07-01,cornell-intel-itanium-2-2002-07-01,Itanium 2,Intel,historical processor dataset,cpu,cpu,2002-07-01,2002.500000,cpu_multicore_rate2006_int_base,,SPECint_rate_base2006 (one chip),measured integer throughput of one CPU package in a published system,unresolved,unresolved,original_author_dataset,,,,,,,,unresolved,,No supported value found; retained as an explicit blank.
obs-cpu-multicore-rate2017-int-base-cornell-intel-itanium-2-2002-07-01,cornell-intel-itanium-2-2002-07-01,Itanium 2,Intel,historical processor dataset,cpu,cpu,2002-07-01,2002.500000,cpu_multicore_rate2017_int_base,,SPECrate2017_int_base (one chip),measured integer throughput of one CPU package in a published system,unresolved,unresolved,original_author_dataset,,,,,,,,unresolved,,No supported value found; retained as an explicit blank.
obs-cpu-multicore-index-cornell-intel-itanium-2-2002-07-01,cornell-intel-itanium-2-2002-07-01,Itanium 2,Intel,historical processor dataset,cpu,cpu,2002-07-01,2002.500000,cpu_multicore_index,,estimated one-chip throughput index (2003=100),estimated integer-throughput index derived from a measured one-CPU-package SPEC rate,unresolved,unresolved,original_author_dataset,,,,,,,,unresolved,,No supported value found; retained as an explicit blank.
obs-fp32-dense-peak-gflops-cornell-intel-itanium-2-2002-07-01,cornell-intel-itanium-2-2002-07-01,Itanium 2,Intel,historical processor dataset,cpu,cpu,2002-07-01,2002.500000,fp32_dense_peak_gflops,,GFLOP/s,dense non-tensor non-sparse FP32 vector peak,unresolved,unresolved,original_author_dataset,,,,,,,,unresolved,,No supported value found; retained as an explicit blank.
obs-transistors-million-cornell-dec-alpha-21364-2003-01-01,cornell-dec-alpha-21364-2003-01-01,Alpha 21364,DEC,historical processor dataset,cpu,cpu,2003-01-01,2003.000000,transistors_million,152,million transistors,device or multi-die package transistor count,direct,high,primary,,,,,,{},,eligible,https://github.com/cornell-brg/processor-trends/blob/main/data/processor-trends.csv#L48; https://github.com/cornell-brg/processor-trends,"Matched against the cleaned Cornell processor-trends source derived from and independently checked against the Stanford/Horowitz data. Copied from the Cornell normalized-performance field, which follows the Stanford cross-suite SPECint normalization method."
obs-frequency-ghz-cornell-dec-alpha-21364-2003-01-01,cornell-dec-alpha-21364-2003-01-01,Alpha 21364,DEC,historical processor dataset,cpu,cpu,2003-01-01,2003.000000,frequency_ghz,1.15,GHz,nominal/base clock unless source states otherwise,direct,high,primary,,,,,,{},,eligible,https://github.com/cornell-brg/processor-trends/blob/main/data/processor-trends.csv#L48; https://github.com/cornell-brg/processor-trends,"Matched against the cleaned Cornell processor-trends source derived from and independently checked against the Stanford/Horowitz data. Copied from the Cornell normalized-performance field, which follows the Stanford cross-suite SPECint normalization method."
obs-power-w-cornell-dec-alpha-21364-2003-01-01,cornell-dec-alpha-21364-2003-01-01,Alpha 21364,DEC,historical processor dataset,cpu,cpu,2003-01-01,2003.000000,power_w,155,W,CPU TDP,direct,high,primary,,,,,,{},,eligible,https://github.com/cornell-brg/processor-trends/blob/main/data/processor-trends.csv#L48; https://github.com/cornell-brg/processor-trends,"Matched against the cleaned Cornell processor-trends source derived from and independently checked against the Stanford/Horowitz data. Copied from the Cornell normalized-performance field, which follows the Stanford cross-suite SPECint normalization method."
obs-cpu-physical-cores-cornell-dec-alpha-21364-2003-01-01,cornell-dec-alpha-21364-2003-01-01,Alpha 21364,DEC,historical processor dataset,cpu,cpu,2003-01-01,2003.000000,cpu_physical_cores,1,physical cores,physical CPU cores,direct,high,primary,,,,,,{},,eligible,https://github.com/cornell-brg/processor-trends/blob/main/data/processor-trends.csv#L48; https://github.com/cornell-brg/processor-trends,"Matched against the cleaned Cornell processor-trends source derived from and independently checked against the Stanford/Horowitz data. Copied from the Cornell normalized-performance field, which follows the Stanford cross-suite SPECint normalization method."
obs-gpu-compute-units-cornell-dec-alpha-21364-2003-01-01,cornell-dec-alpha-21364-2003-01-01,Alpha 21364,DEC,historical processor dataset,cpu,cpu,2003-01-01,2003.000000,gpu_compute_units,,SMs / CUs / GPU cores,"vendor-native GPU unit count; SM, CU, or Apple GPU core",unresolved,unresolved,original_author_dataset,,,,,,,,not_applicable_cpu,,No supported value found; retained as an explicit blank.
obs-cpu-single-thread-normalized-cornell-dec-alpha-21364-2003-01-01,cornell-dec-alpha-21364-2003-01-01,Alpha 21364,DEC,historical processor dataset,cpu,cpu,2003-01-01,2003.000000,cpu_single_thread_normalized,5.6128,normalized single-core index (legacy SPEC scale),one-copy benchmark normalized by the documented suite-specific continuity rule,normalized,high,primary,,,Stanford/Cornell normalized SPECint2006-equivalent performance,,,{},,eligible,https://github.com/cornell-brg/processor-trends/blob/main/data/processor-trends.csv#L48; https://github.com/cornell-brg/processor-trends,"Matched against the cleaned Cornell processor-trends source derived from and independently checked against the Stanford/Horowitz data. Copied from the Cornell normalized-performance field, which follows the Stanford cross-suite SPECint normalization method."
obs-cpu-multicore-rate2000-int-base-cornell-dec-alpha-21364-2003-01-01,cornell-dec-alpha-21364-2003-01-01,Alpha 21364,DEC,historical processor dataset,cpu,cpu,2003-01-01,2003.000000,cpu_multicore_rate2000_int_base,,SPECint_rate_base2000 (one chip),measured integer throughput of one CPU package in a published system,unresolved,unresolved,original_author_dataset,,,,,,,,unresolved,,No supported value found; retained as an explicit blank.
obs-cpu-multicore-rate2006-int-base-cornell-dec-alpha-21364-2003-01-01,cornell-dec-alpha-21364-2003-01-01,Alpha 21364,DEC,historical processor dataset,cpu,cpu,2003-01-01,2003.000000,cpu_multicore_rate2006_int_base,,SPECint_rate_base2006 (one chip),measured integer throughput of one CPU package in a published system,unresolved,unresolved,original_author_dataset,,,,,,,,unresolved,,No supported value found; retained as an explicit blank.
obs-cpu-multicore-rate2017-int-base-cornell-dec-alpha-21364-2003-01-01,cornell-dec-alpha-21364-2003-01-01,Alpha 21364,DEC,historical processor dataset,cpu,cpu,2003-01-01,2003.000000,cpu_multicore_rate2017_int_base,,SPECrate2017_int_base (one chip),measured integer throughput of one CPU package in a published system,unresolved,unresolved,original_author_dataset,,,,,,,,unresolved,,No supported value found; retained as an explicit blank.
obs-cpu-multicore-index-cornell-dec-alpha-21364-2003-01-01,cornell-dec-alpha-21364-2003-01-01,Alpha 21364,DEC,historical processor dataset,cpu,cpu,2003-01-01,2003.000000,cpu_multicore_index,,estimated one-chip throughput index (2003=100),estimated integer-throughput index derived from a measured one-CPU-package SPEC rate,unresolved,unresolved,original_author_dataset,,,,,,,,unresolved,,No supported value found; retained as an explicit blank.
obs-fp32-dense-peak-gflops-cornell-dec-alpha-21364-2003-01-01,cornell-dec-alpha-21364-2003-01-01,Alpha 21364,DEC,historical processor dataset,cpu,cpu,2003-01-01,2003.000000,fp32_dense_peak_gflops,,GFLOP/s,dense non-tensor non-sparse FP32 vector peak,unresolved,unresolved,original_author_dataset,,,,,,,,unresolved,,No supported value found; retained as an explicit blank.
obs-transistors-million-nvidia-geforce-fx-5800,nvidia-geforce-fx-5800,NVIDIA GeForce FX 5800,NVIDIA,client/gaming,gpu,gpu,2003-01-27,2003.071184,transistors_million,125,million transistors,device or multi-die package transistor count,direct,direct,primary,,,,,,{},,eligible,https://download.nvidia.com/developer/cg/Cg_Tutorial/Chapter_1.pdf,
obs-frequency-ghz-nvidia-geforce-fx-5800,nvidia-geforce-fx-5800,NVIDIA GeForce FX 5800,NVIDIA,client/gaming,gpu,gpu,2003-01-27,2003.071184,frequency_ghz,,GHz,nominal/base clock unless source states otherwise,unresolved,unresolved,primary,,,,,,,,unresolved,,No supported value found; retained as an explicit blank.
obs-power-w-nvidia-geforce-fx-5800,nvidia-geforce-fx-5800,NVIDIA GeForce FX 5800,NVIDIA,client/gaming,gpu,gpu,2003-01-27,2003.071184,power_w,,W,GPU TBP/TDP,unresolved,unresolved,primary,,,,,,,,unresolved,,No supported value found; retained as an explicit blank.
obs-cpu-physical-cores-nvidia-geforce-fx-5800,nvidia-geforce-fx-5800,NVIDIA GeForce FX 5800,NVIDIA,client/gaming,gpu,gpu,2003-01-27,2003.071184,cpu_physical_cores,,physical cores,physical CPU cores,unresolved,unresolved,primary,,,,,,,,not_applicable_gpu,,No supported value found; retained as an explicit blank.
obs-gpu-compute-units-nvidia-geforce-fx-5800,nvidia-geforce-fx-5800,NVIDIA GeForce FX 5800,NVIDIA,client/gaming,gpu,discrete_gpu,2003-01-27,2003.071184,gpu_compute_units,,SMs / CUs / GPU cores,"vendor-native GPU unit count; SM, CU, or Apple GPU core",unresolved,unresolved,primary,,,,,,,,unresolved,,No supported value found; retained as an explicit blank.
obs-cpu-single-thread-normalized-nvidia-geforce-fx-5800,nvidia-geforce-fx-5800,NVIDIA GeForce FX 5800,NVIDIA,client/gaming,gpu,gpu,2003-01-27,2003.071184,cpu_single_thread_normalized,,normalized single-core index (legacy SPEC scale),one-copy benchmark normalized by the documented suite-specific continuity rule,unresolved,unresolved,primary,,,,,,,,not_applicable_gpu,,No supported value found; retained as an explicit blank.
obs-cpu-multicore-rate2000-int-base-nvidia-geforce-fx-5800,nvidia-geforce-fx-5800,NVIDIA GeForce FX 5800,NVIDIA,client/gaming,gpu,gpu,2003-01-27,2003.071184,cpu_multicore_rate2000_int_base,,SPECint_rate_base2000 (one chip),measured integer throughput of one CPU package in a published system,unresolved,unresolved,primary,,,,,,,,not_applicable_gpu,,No supported value found; retained as an explicit blank.
obs-cpu-multicore-rate2006-int-base-nvidia-geforce-fx-5800,nvidia-geforce-fx-5800,NVIDIA GeForce FX 5800,NVIDIA,client/gaming,gpu,gpu,2003-01-27,2003.071184,cpu_multicore_rate2006_int_base,,SPECint_rate_base2006 (one chip),measured integer throughput of one CPU package in a published system,unresolved,unresolved,primary,,,,,,,,not_applicable_gpu,,No supported value found; retained as an explicit blank.
obs-cpu-multicore-rate2017-int-base-nvidia-geforce-fx-5800,nvidia-geforce-fx-5800,NVIDIA GeForce FX 5800,NVIDIA,client/gaming,gpu,gpu,2003-01-27,2003.071184,cpu_multicore_rate2017_int_base,,SPECrate2017_int_base (one chip),measured integer throughput of one CPU package in a published system,unresolved,unresolved,primary,,,,,,,,not_applicable_gpu,,No supported value found; retained as an explicit blank.
obs-cpu-multicore-index-nvidia-geforce-fx-5800,nvidia-geforce-fx-5800,NVIDIA GeForce FX 5800,NVIDIA,client/gaming,gpu,gpu,2003-01-27,2003.071184,cpu_multicore_index,,estimated one-chip throughput index (2003=100),estimated integer-throughput index derived from a measured one-CPU-package SPEC rate,unresolved,unresolved,primary,,,,,,,,not_applicable_gpu,,No supported value found; retained as an explicit blank.
obs-fp32-dense-peak-gflops-nvidia-geforce-fx-5800,nvidia-geforce-fx-5800,NVIDIA GeForce FX 5800,NVIDIA,client/gaming,gpu,discrete_gpu,2003-01-27,2003.071184,fp32_dense_peak_gflops,,GFLOP/s,dense non-tensor non-sparse FP32 vector peak,unresolved,unresolved,primary,,,,,,,,unresolved,,No supported value found; retained as an explicit blank.
obs-transistors-million-cornell-amd-athlon-xp-barton-2003-02-01,cornell-amd-athlon-xp-barton-2003-02-01,Athlon XP Barton,AMD,historical processor dataset,cpu,cpu,2003-02-01,2003.083333,transistors_million,54.3,million transistors,device or multi-die package transistor count,direct,high,primary,,,,,,{},,eligible,https://github.com/cornell-brg/processor-trends/blob/main/data/processor-trends.csv#L49; https://github.com/cornell-brg/processor-trends,"Matched against the cleaned Cornell processor-trends source derived from and independently checked against the Stanford/Horowitz data. Copied from the Cornell normalized-performance field, which follows the Stanford cross-suite SPECint normalization method."
obs-frequency-ghz-cornell-amd-athlon-xp-barton-2003-02-01,cornell-amd-athlon-xp-barton-2003-02-01,Athlon XP Barton,AMD,historical processor dataset,cpu,cpu,2003-02-01,2003.083333,frequency_ghz,2.16,GHz,nominal/base clock unless source states otherwise,direct,high,primary,,,,,,{},,eligible,https://github.com/cornell-brg/processor-trends/blob/main/data/processor-trends.csv#L49; https://github.com/cornell-brg/processor-trends,"Matched against the cleaned Cornell processor-trends source derived from and independently checked against the Stanford/Horowitz data. Copied from the Cornell normalized-performance field, which follows the Stanford cross-suite SPECint normalization method."
obs-power-w-cornell-amd-athlon-xp-barton-2003-02-01,cornell-amd-athlon-xp-barton-2003-02-01,Athlon XP Barton,AMD,historical processor dataset,cpu,cpu,2003-02-01,2003.083333,power_w,74,W,CPU TDP,direct,high,primary,,,,,,{},,eligible,https://github.com/cornell-brg/processor-trends/blob/main/data/processor-trends.csv#L49; https://github.com/cornell-brg/processor-trends,"Matched against the cleaned Cornell processor-trends source derived from and independently checked against the Stanford/Horowitz data. Copied from the Cornell normalized-performance field, which follows the Stanford cross-suite SPECint normalization method."
obs-cpu-physical-cores-cornell-amd-athlon-xp-barton-2003-02-01,cornell-amd-athlon-xp-barton-2003-02-01,Athlon XP Barton,AMD,historical processor dataset,cpu,cpu,2003-02-01,2003.083333,cpu_physical_cores,1,physical cores,physical CPU cores,direct,high,primary,,,,,,{},,eligible,https://github.com/cornell-brg/processor-trends/blob/main/data/processor-trends.csv#L49; https://github.com/cornell-brg/processor-trends,"Matched against the cleaned Cornell processor-trends source derived from and independently checked against the Stanford/Horowitz data. Copied from the Cornell normalized-performance field, which follows the Stanford cross-suite SPECint normalization method."
obs-gpu-compute-units-cornell-amd-athlon-xp-barton-2003-02-01,cornell-amd-athlon-xp-barton-2003-02-01,Athlon XP Barton,AMD,historical processor dataset,cpu,cpu,2003-02-01,2003.083333,gpu_compute_units,,SMs / CUs / GPU cores,"vendor-native GPU unit count; SM, CU, or Apple GPU core",unresolved,unresolved,original_author_dataset,,,,,,,,not_applicable_cpu,,No supported value found; retained as an explicit blank.
obs-cpu-single-thread-normalized-cornell-amd-athlon-xp-barton-2003-02-01,cornell-amd-athlon-xp-barton-2003-02-01,Athlon XP Barton,AMD,historical processor dataset,cpu,cpu,2003-02-01,2003.083333,cpu_single_thread_normalized,6.368,normalized single-core index (legacy SPEC scale),one-copy benchmark normalized by the documented suite-specific continuity rule,normalized,high,primary,,,Stanford/Cornell normalized SPECint2006-equivalent performance,,,{},,eligible,https://github.com/cornell-brg/processor-trends/blob/main/data/processor-trends.csv#L49; https://github.com/cornell-brg/processor-trends,"Matched against the cleaned Cornell processor-trends source derived from and independently checked against the Stanford/Horowitz data. Copied from the Cornell normalized-performance field, which follows the Stanford cross-suite SPECint normalization method."
obs-cpu-multicore-rate2000-int-base-cornell-amd-athlon-xp-barton-2003-02-01,cornell-amd-athlon-xp-barton-2003-02-01,Athlon XP Barton,AMD,historical processor dataset,cpu,cpu,2003-02-01,2003.083333,cpu_multicore_rate2000_int_base,,SPECint_rate_base2000 (one chip),measured integer throughput of one CPU package in a published system,unresolved,unresolved,original_author_dataset,,,,,,,,unresolved,,No supported value found; retained as an explicit blank.
obs-cpu-multicore-rate2006-int-base-cornell-amd-athlon-xp-barton-2003-02-01,cornell-amd-athlon-xp-barton-2003-02-01,Athlon XP Barton,AMD,historical processor dataset,cpu,cpu,2003-02-01,2003.083333,cpu_multicore_rate2006_int_base,,SPECint_rate_base2006 (one chip),measured integer throughput of one CPU package in a published system,unresolved,unresolved,original_author_dataset,,,,,,,,unresolved,,No supported value found; retained as an explicit blank.
obs-cpu-multicore-rate2017-int-base-cornell-amd-athlon-xp-barton-2003-02-01,cornell-amd-athlon-xp-barton-2003-02-01,Athlon XP Barton,AMD,historical processor dataset,cpu,cpu,2003-02-01,2003.083333,cpu_multicore_rate2017_int_base,,SPECrate2017_int_base (one chip),measured integer throughput of one CPU package in a published system,unresolved,unresolved,original_author_dataset,,,,,,,,unresolved,,No supported value found; retained as an explicit blank.
obs-cpu-multicore-index-cornell-amd-athlon-xp-barton-2003-02-01,cornell-amd-athlon-xp-barton-2003-02-01,Athlon XP Barton,AMD,historical processor dataset,cpu,cpu,2003-02-01,2003.083333,cpu_multicore_index,,estimated one-chip throughput index (2003=100),estimated integer-throughput index derived from a measured one-CPU-package SPEC rate,unresolved,unresolved,original_author_dataset,,,,,,,,unresolved,,No supported value found; retained as an explicit blank.
obs-fp32-dense-peak-gflops-cornell-amd-athlon-xp-barton-2003-02-01,cornell-amd-athlon-xp-barton-2003-02-01,Athlon XP Barton,AMD,historical processor dataset,cpu,cpu,2003-02-01,2003.083333,fp32_dense_peak_gflops,,GFLOP/s,dense non-tensor non-sparse FP32 vector peak,unresolved,unresolved,original_author_dataset,,,,,,,,unresolved,,No supported value found; retained as an explicit blank.
obs-transistors-million-cornell-amd-opteron-2003-04-01,cornell-amd-opteron-2003-04-01,Opteron,AMD,historical processor dataset,cpu,cpu,2003-04-01,2003.250000,transistors_million,106,million transistors,device or multi-die package transistor count,direct,high,primary,,,,,,{},,eligible,https://github.com/cornell-brg/processor-trends/blob/main/data/processor-trends.csv#L50; https://github.com/cornell-brg/processor-trends,"Matched against the cleaned Cornell processor-trends source derived from and independently checked against the Stanford/Horowitz data. Copied from the Cornell normalized-performance field, which follows the Stanford cross-suite SPECint normalization method."
obs-frequency-ghz-cornell-amd-opteron-2003-04-01,cornell-amd-opteron-2003-04-01,Opteron,AMD,historical processor dataset,cpu,cpu,2003-04-01,2003.250000,frequency_ghz,1.8,GHz,nominal/base clock unless source states otherwise,direct,high,primary,,,,,,{},,eligible,https://github.com/cornell-brg/processor-trends/blob/main/data/processor-trends.csv#L50; https://github.com/cornell-brg/processor-trends,"Matched against the cleaned Cornell processor-trends source derived from and independently checked against the Stanford/Horowitz data. Copied from the Cornell normalized-performance field, which follows the Stanford cross-suite SPECint normalization method."
obs-power-w-cornell-amd-opteron-2003-04-01,cornell-amd-opteron-2003-04-01,Opteron,AMD,historical processor dataset,cpu,cpu,2003-04-01,2003.250000,power_w,89,W,CPU TDP,direct,high,primary,,,,,,{},,eligible,https://github.com/cornell-brg/processor-trends/blob/main/data/processor-trends.csv#L50; https://github.com/cornell-brg/processor-trends,"Matched against the cleaned Cornell processor-trends source derived from and independently checked against the Stanford/Horowitz data. Copied from the Cornell normalized-performance field, which follows the Stanford cross-suite SPECint normalization method."
obs-cpu-physical-cores-cornell-amd-opteron-2003-04-01,cornell-amd-opteron-2003-04-01,Opteron,AMD,historical processor dataset,cpu,cpu,2003-04-01,2003.250000,cpu_physical_cores,1,physical cores,physical CPU cores,direct,high,primary,,,,,,{},,eligible,https://github.com/cornell-brg/processor-trends/blob/main/data/processor-trends.csv#L50; https://github.com/cornell-brg/processor-trends,"Matched against the cleaned Cornell processor-trends source derived from and independently checked against the Stanford/Horowitz data. Copied from the Cornell normalized-performance field, which follows the Stanford cross-suite SPECint normalization method."
obs-gpu-compute-units-cornell-amd-opteron-2003-04-01,cornell-amd-opteron-2003-04-01,Opteron,AMD,historical processor dataset,cpu,cpu,2003-04-01,2003.250000,gpu_compute_units,,SMs / CUs / GPU cores,"vendor-native GPU unit count; SM, CU, or Apple GPU core",unresolved,unresolved,original_author_dataset,,,,,,,,not_applicable_cpu,,No supported value found; retained as an explicit blank.
obs-cpu-single-thread-normalized-cornell-amd-opteron-2003-04-01,cornell-amd-opteron-2003-04-01,Opteron,AMD,historical processor dataset,cpu,cpu,2003-04-01,2003.250000,cpu_single_thread_normalized,7.488,normalized single-core index (legacy SPEC scale),one-copy benchmark normalized by the documented suite-specific continuity rule,normalized,high,primary,,,Stanford/Cornell normalized SPECint2006-equivalent performance,,,{},,eligible,https://github.com/cornell-brg/processor-trends/blob/main/data/processor-trends.csv#L50; https://github.com/cornell-brg/processor-trends,"Matched against the cleaned Cornell processor-trends source derived from and independently checked against the Stanford/Horowitz data. Copied from the Cornell normalized-performance field, which follows the Stanford cross-suite SPECint normalization method."
obs-cpu-multicore-rate2000-int-base-cornell-amd-opteron-2003-04-01,cornell-amd-opteron-2003-04-01,Opteron,AMD,historical processor dataset,cpu,cpu,2003-04-01,2003.250000,cpu_multicore_rate2000_int_base,,SPECint_rate_base2000 (one chip),measured integer throughput of one CPU package in a published system,unresolved,unresolved,original_author_dataset,,,,,,,,unresolved,,No supported value found; retained as an explicit blank.
obs-cpu-multicore-rate2006-int-base-cornell-amd-opteron-2003-04-01,cornell-amd-opteron-2003-04-01,Opteron,AMD,historical processor dataset,cpu,cpu,2003-04-01,2003.250000,cpu_multicore_rate2006_int_base,,SPECint_rate_base2006 (one chip),measured integer throughput of one CPU package in a published system,unresolved,unresolved,original_author_dataset,,,,,,,,unresolved,,No supported value found; retained as an explicit blank.
obs-cpu-multicore-rate2017-int-base-cornell-amd-opteron-2003-04-01,cornell-amd-opteron-2003-04-01,Opteron,AMD,historical processor dataset,cpu,cpu,2003-04-01,2003.250000,cpu_multicore_rate2017_int_base,,SPECrate2017_int_base (one chip),measured integer throughput of one CPU package in a published system,unresolved,unresolved,original_author_dataset,,,,,,,,unresolved,,No supported value found; retained as an explicit blank.
obs-cpu-multicore-index-cornell-amd-opteron-2003-04-01,cornell-amd-opteron-2003-04-01,Opteron,AMD,historical processor dataset,cpu,cpu,2003-04-01,2003.250000,cpu_multicore_index,,estimated one-chip throughput index (2003=100),estimated integer-throughput index derived from a measured one-CPU-package SPEC rate,unresolved,unresolved,original_author_dataset,,,,,,,,unresolved,,No supported value found; retained as an explicit blank.
obs-fp32-dense-peak-gflops-cornell-amd-opteron-2003-04-01,cornell-amd-opteron-2003-04-01,Opteron,AMD,historical processor dataset,cpu,cpu,2003-04-01,2003.250000,fp32_dense_peak_gflops,,GFLOP/s,dense non-tensor non-sparse FP32 vector peak,unresolved,unresolved,original_author_dataset,,,,,,,,unresolved,,No supported value found; retained as an explicit blank.
obs-transistors-million-spec-ibm-power4-plus-2003-06,spec-ibm-power4-plus-2003-06,IBM POWER4+,IBM,server,cpu,cpu,2003-06-01,2003.416667,transistors_million,,million transistors,device or multi-die package transistor count,unresolved,unresolved,primary,,,,,,,,unresolved,,No supported value found; retained as an explicit blank.
obs-frequency-ghz-spec-ibm-power4-plus-2003-06,spec-ibm-power4-plus-2003-06,IBM POWER4+,IBM,server,cpu,cpu,2003-06-01,2003.416667,frequency_ghz,,GHz,nominal/base clock unless source states otherwise,unresolved,unresolved,primary,,,,,,,,unresolved,,No supported value found; retained as an explicit blank.
obs-power-w-spec-ibm-power4-plus-2003-06,spec-ibm-power4-plus-2003-06,IBM POWER4+,IBM,server,cpu,cpu,2003-06-01,2003.416667,power_w,,W,CPU TDP,unresolved,unresolved,primary,,,,,,,,unresolved,,No supported value found; retained as an explicit blank.
obs-cpu-physical-cores-spec-ibm-power4-plus-2003-06,spec-ibm-power4-plus-2003-06,IBM POWER4+,IBM,server,cpu,cpu,2003-06-01,2003.416667,cpu_physical_cores,2,physical cores,physical CPU cores,direct,direct,primary,,,,,,{},,eligible,https://open.spec.org/cpu2000/results/res2003q2/cpu2000-20030527-02198.html,
obs-gpu-compute-units-spec-ibm-power4-plus-2003-06,spec-ibm-power4-plus-2003-06,IBM POWER4+,IBM,server,cpu,cpu,2003-06-01,2003.416667,gpu_compute_units,,SMs / CUs / GPU cores,"vendor-native GPU unit count; SM, CU, or Apple GPU core",unresolved,unresolved,primary,,,,,,,,not_applicable_cpu,,No supported value found; retained as an explicit blank.
obs-cpu-single-thread-normalized-spec-ibm-power4-plus-2003-06,spec-ibm-power4-plus-2003-06,IBM POWER4+,IBM,server,cpu,cpu,2003-06-01,2003.416667,cpu_single_thread_normalized,,normalized single-core index (legacy SPEC scale),one-copy benchmark normalized by the documented suite-specific continuity rule,unresolved,unresolved,primary,,,,,,,,unresolved,,No supported value found; retained as an explicit blank.
obs-cpu-multicore-rate2000-int-base-spec-ibm-power4-plus-2003-06,spec-ibm-power4-plus-2003-06,IBM POWER4+,IBM,server,cpu,cpu,2003-06-01,2003.416667,cpu_multicore_rate2000_int_base,15.2,SPECint_rate_base2000 (one chip),measured integer throughput of one CPU package in a published system,measured,direct,primary,SPECint_rate_base2000,15.2,,,,{},,supporting_raw_benchmark_not_plotted,https://open.spec.org/cpu2000/results/res2003q2/cpu2000-20030527-02198.html,Published one-chip system result: IBM eServer pSeries 615 Model 6E3; hardware availability 2003-06. Score belongs to this tested configuration and this SPEC suite only; scores from other suites are not comparable.
obs-cpu-multicore-rate2006-int-base-spec-ibm-power4-plus-2003-06,spec-ibm-power4-plus-2003-06,IBM POWER4+,IBM,server,cpu,cpu,2003-06-01,2003.416667,cpu_multicore_rate2006_int_base,,SPECint_rate_base2006 (one chip),measured integer throughput of one CPU package in a published system,unresolved,unresolved,primary,,,,,,,,unresolved,,No supported value found; retained as an explicit blank.
obs-cpu-multicore-rate2017-int-base-spec-ibm-power4-plus-2003-06,spec-ibm-power4-plus-2003-06,IBM POWER4+,IBM,server,cpu,cpu,2003-06-01,2003.416667,cpu_multicore_rate2017_int_base,,SPECrate2017_int_base (one chip),measured integer throughput of one CPU package in a published system,unresolved,unresolved,primary,,,,,,,,unresolved,,No supported value found; retained as an explicit blank.
obs-cpu-multicore-index-spec-ibm-power4-plus-2003-06,spec-ibm-power4-plus-2003-06,IBM POWER4+,IBM,server,cpu,cpu,2003-06-01,2003.416667,cpu_multicore_index,100,estimated one-chip throughput index (2003=100),estimated integer-throughput index derived from a measured one-CPU-package SPEC rate,normalized,medium,derived_from_primary,SPECint_rate_base2000,15.2,Educational index; POWER4+ 2003 one-chip SPECint_rate_base2000 15.2 = 100. Bridges use median log ratios of matched one-chip processor results; not an official SPEC conversion.,,,"{""base_index"": 100.0, ""base_score"": 15.2, ""cpu2000_to_cpu2006"": 0.4988558352402746, ""cpu2006_to_cpu2017"": 0.12486988466935224, ""denominator_for_suite"": 15.2, ""raw_score"": 15.2}",base_index * raw_score / denominator_for_suite,eligible,https://open.spec.org/cpu2000/results/res2003q2/cpu2000-20030527-02198.html; https://open.spec.org/cpu2000/results/res2006q3/cpu2000-20060705-06399.html; https://open.spec.org/cpu2000/results/res2006q3/cpu2000-20060904-07199.html; https://spec.org/cpu2006/results/res2018q1/cpu2006-20171212-51326.pdf; https://www.spec.org/cpu2000/results/res2006q3/cpu2000-20060705-06403.pdf; https://www.spec.org/cpu2006/results/res2006q3/cpu2006-20060904-00079.pdf; https://www.spec.org/cpu2006/results/res2006q3/cpu2006-20060904-00082.pdf; https://www.spec.org/cpu2006/results/res2007q3/cpu2006-20070723-01554.pdf; https://www.spec.org/cpu2006/results/res2017q2/cpu2006-20170529-47129.html; https://www.spec.org/cpu2017/results/res2017q4/cpu2017-20171211-01450.html; https://www.spec.org/cpu2017/results/res2018q1/cpu2017-20171212-01664.html,Estimated cross-suite index from measured one-chip rate. Raw result and all bridge reports are retained; consult cpu-throughput-bridges.json. SPEC does not endorse cross-suite score conversion.
obs-fp32-dense-peak-gflops-spec-ibm-power4-plus-2003-06,spec-ibm-power4-plus-2003-06,IBM POWER4+,IBM,server,cpu,cpu,2003-06-01,2003.416667,fp32_dense_peak_gflops,,GFLOP/s,dense non-tensor non-sparse FP32 vector peak,unresolved,unresolved,primary,,,,,,,,unresolved,,No supported value found; retained as an explicit blank.
obs-transistors-million-nvidia-geforce-6800-ultra,nvidia-geforce-6800-ultra,NVIDIA GeForce 6800 Ultra,NVIDIA,client/gaming,gpu,gpu,2004-04-14,2004.285592,transistors_million,222,million transistors,device or multi-die package transistor count,direct,direct,primary,,,,,,{},,eligible,https://developer.nvidia.com/gpugems/gpugems2/part-iv-general-purpose-computation-gpus-primer/chapter-30-geforce-6-series-gpu,
obs-frequency-ghz-nvidia-geforce-6800-ultra,nvidia-geforce-6800-ultra,NVIDIA GeForce 6800 Ultra,NVIDIA,client/gaming,gpu,gpu,2004-04-14,2004.285592,frequency_ghz,0.425,GHz,nominal/base clock unless source states otherwise,direct,direct,primary,,,,,internal graphics clock,{},,eligible,https://developer.nvidia.com/gpugems/gpugems2/part-iv-general-purpose-computation-gpus-primer/chapter-30-geforce-6-series-gpu,
obs-power-w-nvidia-geforce-6800-ultra,nvidia-geforce-6800-ultra,NVIDIA GeForce 6800 Ultra,NVIDIA,client/gaming,gpu,gpu,2004-04-14,2004.285592,power_w,,W,GPU TBP/TDP,unresolved,unresolved,primary,,,,,,,,unresolved,,No supported value found; retained as an explicit blank.
obs-cpu-physical-cores-nvidia-geforce-6800-ultra,nvidia-geforce-6800-ultra,NVIDIA GeForce 6800 Ultra,NVIDIA,client/gaming,gpu,gpu,2004-04-14,2004.285592,cpu_physical_cores,,physical cores,physical CPU cores,unresolved,unresolved,primary,,,,,,,,not_applicable_gpu,,No supported value found; retained as an explicit blank.
obs-gpu-compute-units-nvidia-geforce-6800-ultra,nvidia-geforce-6800-ultra,NVIDIA GeForce 6800 Ultra,NVIDIA,client/gaming,gpu,discrete_gpu,2004-04-14,2004.285592,gpu_compute_units,,SMs / CUs / GPU cores,"vendor-native GPU unit count; SM, CU, or Apple GPU core",unresolved,unresolved,primary,,,,,,,,unresolved,,No supported value found; retained as an explicit blank.
obs-cpu-single-thread-normalized-nvidia-geforce-6800-ultra,nvidia-geforce-6800-ultra,NVIDIA GeForce 6800 Ultra,NVIDIA,client/gaming,gpu,gpu,2004-04-14,2004.285592,cpu_single_thread_normalized,,normalized single-core index (legacy SPEC scale),one-copy benchmark normalized by the documented suite-specific continuity rule,unresolved,unresolved,primary,,,,,,,,not_applicable_gpu,,No supported value found; retained as an explicit blank.
obs-cpu-multicore-rate2000-int-base-nvidia-geforce-6800-ultra,nvidia-geforce-6800-ultra,NVIDIA GeForce 6800 Ultra,NVIDIA,client/gaming,gpu,gpu,2004-04-14,2004.285592,cpu_multicore_rate2000_int_base,,SPECint_rate_base2000 (one chip),measured integer throughput of one CPU package in a published system,unresolved,unresolved,primary,,,,,,,,not_applicable_gpu,,No supported value found; retained as an explicit blank.
obs-cpu-multicore-rate2006-int-base-nvidia-geforce-6800-ultra,nvidia-geforce-6800-ultra,NVIDIA GeForce 6800 Ultra,NVIDIA,client/gaming,gpu,gpu,2004-04-14,2004.285592,cpu_multicore_rate2006_int_base,,SPECint_rate_base2006 (one chip),measured integer throughput of one CPU package in a published system,unresolved,unresolved,primary,,,,,,,,not_applicable_gpu,,No supported value found; retained as an explicit blank.
obs-cpu-multicore-rate2017-int-base-nvidia-geforce-6800-ultra,nvidia-geforce-6800-ultra,NVIDIA GeForce 6800 Ultra,NVIDIA,client/gaming,gpu,gpu,2004-04-14,2004.285592,cpu_multicore_rate2017_int_base,,SPECrate2017_int_base (one chip),measured integer throughput of one CPU package in a published system,unresolved,unresolved,primary,,,,,,,,not_applicable_gpu,,No supported value found; retained as an explicit blank.
obs-cpu-multicore-index-nvidia-geforce-6800-ultra,nvidia-geforce-6800-ultra,NVIDIA GeForce 6800 Ultra,NVIDIA,client/gaming,gpu,gpu,2004-04-14,2004.285592,cpu_multicore_index,,estimated one-chip throughput index (2003=100),estimated integer-throughput index derived from a measured one-CPU-package SPEC rate,unresolved,unresolved,primary,,,,,,,,not_applicable_gpu,,No supported value found; retained as an explicit blank.
obs-fp32-dense-peak-gflops-nvidia-geforce-6800-ultra,nvidia-geforce-6800-ultra,NVIDIA GeForce 6800 Ultra,NVIDIA,client/gaming,gpu,discrete_gpu,2004-04-14,2004.285592,fp32_dense_peak_gflops,,GFLOP/s,dense non-tensor non-sparse FP32 vector peak,unresolved,unresolved,primary,,,,,,,,unresolved,,No supported value found; retained as an explicit blank.
obs-transistors-million-cornell-amd-athlon-64-fx-55-2004-06-01,cornell-amd-athlon-64-fx-55-2004-06-01,Athlon 64 FX-55,AMD,historical processor dataset,cpu,cpu,2004-06-01,2004.416667,transistors_million,106,million transistors,device or multi-die package transistor count,direct,high,primary,,,,,,{},,eligible,https://github.com/cornell-brg/processor-trends/blob/main/data/processor-trends.csv#L51; https://github.com/cornell-brg/processor-trends,"Matched against the cleaned Cornell processor-trends source derived from and independently checked against the Stanford/Horowitz data. Copied from the Cornell normalized-performance field, which follows the Stanford cross-suite SPECint normalization method."
obs-frequency-ghz-cornell-amd-athlon-64-fx-55-2004-06-01,cornell-amd-athlon-64-fx-55-2004-06-01,Athlon 64 FX-55,AMD,historical processor dataset,cpu,cpu,2004-06-01,2004.416667,frequency_ghz,2.6,GHz,nominal/base clock unless source states otherwise,direct,high,primary,,,,,,{},,eligible,https://github.com/cornell-brg/processor-trends/blob/main/data/processor-trends.csv#L51; https://github.com/cornell-brg/processor-trends,"Matched against the cleaned Cornell processor-trends source derived from and independently checked against the Stanford/Horowitz data. Copied from the Cornell normalized-performance field, which follows the Stanford cross-suite SPECint normalization method."
obs-power-w-cornell-amd-athlon-64-fx-55-2004-06-01,cornell-amd-athlon-64-fx-55-2004-06-01,Athlon 64 FX-55,AMD,historical processor dataset,cpu,cpu,2004-06-01,2004.416667,power_w,89,W,CPU TDP,direct,high,primary,,,,,,{},,eligible,https://github.com/cornell-brg/processor-trends/blob/main/data/processor-trends.csv#L51; https://github.com/cornell-brg/processor-trends,"Matched against the cleaned Cornell processor-trends source derived from and independently checked against the Stanford/Horowitz data. Copied from the Cornell normalized-performance field, which follows the Stanford cross-suite SPECint normalization method."
obs-cpu-physical-cores-cornell-amd-athlon-64-fx-55-2004-06-01,cornell-amd-athlon-64-fx-55-2004-06-01,Athlon 64 FX-55,AMD,historical processor dataset,cpu,cpu,2004-06-01,2004.416667,cpu_physical_cores,1,physical cores,physical CPU cores,direct,high,primary,,,,,,{},,eligible,https://github.com/cornell-brg/processor-trends/blob/main/data/processor-trends.csv#L51; https://github.com/cornell-brg/processor-trends,"Matched against the cleaned Cornell processor-trends source derived from and independently checked against the Stanford/Horowitz data. Copied from the Cornell normalized-performance field, which follows the Stanford cross-suite SPECint normalization method."
obs-gpu-compute-units-cornell-amd-athlon-64-fx-55-2004-06-01,cornell-amd-athlon-64-fx-55-2004-06-01,Athlon 64 FX-55,AMD,historical processor dataset,cpu,cpu,2004-06-01,2004.416667,gpu_compute_units,,SMs / CUs / GPU cores,"vendor-native GPU unit count; SM, CU, or Apple GPU core",unresolved,unresolved,original_author_dataset,,,,,,,,not_applicable_cpu,,No supported value found; retained as an explicit blank.
obs-cpu-single-thread-normalized-cornell-amd-athlon-64-fx-55-2004-06-01,cornell-amd-athlon-64-fx-55-2004-06-01,Athlon 64 FX-55,AMD,historical processor dataset,cpu,cpu,2004-06-01,2004.416667,cpu_single_thread_normalized,11.8656,normalized single-core index (legacy SPEC scale),one-copy benchmark normalized by the documented suite-specific continuity rule,normalized,high,primary,,,Stanford/Cornell normalized SPECint2006-equivalent performance,,,{},,eligible,https://github.com/cornell-brg/processor-trends/blob/main/data/processor-trends.csv#L51; https://github.com/cornell-brg/processor-trends,"Matched against the cleaned Cornell processor-trends source derived from and independently checked against the Stanford/Horowitz data. Copied from the Cornell normalized-performance field, which follows the Stanford cross-suite SPECint normalization method."
obs-cpu-multicore-rate2000-int-base-cornell-amd-athlon-64-fx-55-2004-06-01,cornell-amd-athlon-64-fx-55-2004-06-01,Athlon 64 FX-55,AMD,historical processor dataset,cpu,cpu,2004-06-01,2004.416667,cpu_multicore_rate2000_int_base,,SPECint_rate_base2000 (one chip),measured integer throughput of one CPU package in a published system,unresolved,unresolved,original_author_dataset,,,,,,,,unresolved,,No supported value found; retained as an explicit blank.
obs-cpu-multicore-rate2006-int-base-cornell-amd-athlon-64-fx-55-2004-06-01,cornell-amd-athlon-64-fx-55-2004-06-01,Athlon 64 FX-55,AMD,historical processor dataset,cpu,cpu,2004-06-01,2004.416667,cpu_multicore_rate2006_int_base,,SPECint_rate_base2006 (one chip),measured integer throughput of one CPU package in a published system,unresolved,unresolved,original_author_dataset,,,,,,,,unresolved,,No supported value found; retained as an explicit blank.
obs-cpu-multicore-rate2017-int-base-cornell-amd-athlon-64-fx-55-2004-06-01,cornell-amd-athlon-64-fx-55-2004-06-01,Athlon 64 FX-55,AMD,historical processor dataset,cpu,cpu,2004-06-01,2004.416667,cpu_multicore_rate2017_int_base,,SPECrate2017_int_base (one chip),measured integer throughput of one CPU package in a published system,unresolved,unresolved,original_author_dataset,,,,,,,,unresolved,,No supported value found; retained as an explicit blank.
obs-cpu-multicore-index-cornell-amd-athlon-64-fx-55-2004-06-01,cornell-amd-athlon-64-fx-55-2004-06-01,Athlon 64 FX-55,AMD,historical processor dataset,cpu,cpu,2004-06-01,2004.416667,cpu_multicore_index,,estimated one-chip throughput index (2003=100),estimated integer-throughput index derived from a measured one-CPU-package SPEC rate,unresolved,unresolved,original_author_dataset,,,,,,,,unresolved,,No supported value found; retained as an explicit blank.
obs-fp32-dense-peak-gflops-cornell-amd-athlon-64-fx-55-2004-06-01,cornell-amd-athlon-64-fx-55-2004-06-01,Athlon 64 FX-55,AMD,historical processor dataset,cpu,cpu,2004-06-01,2004.416667,fp32_dense_peak_gflops,,GFLOP/s,dense non-tensor non-sparse FP32 vector peak,unresolved,unresolved,original_author_dataset,,,,,,,,unresolved,,No supported value found; retained as an explicit blank.
obs-transistors-million-cornell-intel-pentium-4-prescott-2004-06-01,cornell-intel-pentium-4-prescott-2004-06-01,Pentium 4 (prescott),Intel,historical processor dataset,cpu,cpu,2004-06-01,2004.416667,transistors_million,125,million transistors,device or multi-die package transistor count,direct,high,primary,,,,,,{},,eligible,https://github.com/cornell-brg/processor-trends/blob/main/data/processor-trends.csv#L52; https://github.com/cornell-brg/processor-trends,"Matched against the cleaned Cornell processor-trends source derived from and independently checked against the Stanford/Horowitz data. Copied from the Cornell normalized-performance field, which follows the Stanford cross-suite SPECint normalization method."
obs-frequency-ghz-cornell-intel-pentium-4-prescott-2004-06-01,cornell-intel-pentium-4-prescott-2004-06-01,Pentium 4 (prescott),Intel,historical processor dataset,cpu,cpu,2004-06-01,2004.416667,frequency_ghz,3.6,GHz,nominal/base clock unless source states otherwise,direct,high,primary,,,,,,{},,eligible,https://github.com/cornell-brg/processor-trends/blob/main/data/processor-trends.csv#L52; https://github.com/cornell-brg/processor-trends,"Matched against the cleaned Cornell processor-trends source derived from and independently checked against the Stanford/Horowitz data. Copied from the Cornell normalized-performance field, which follows the Stanford cross-suite SPECint normalization method."
obs-power-w-cornell-intel-pentium-4-prescott-2004-06-01,cornell-intel-pentium-4-prescott-2004-06-01,Pentium 4 (prescott),Intel,historical processor dataset,cpu,cpu,2004-06-01,2004.416667,power_w,115,W,CPU TDP,direct,high,primary,,,,,,{},,eligible,https://github.com/cornell-brg/processor-trends/blob/main/data/processor-trends.csv#L52; https://github.com/cornell-brg/processor-trends,"Matched against the cleaned Cornell processor-trends source derived from and independently checked against the Stanford/Horowitz data. Copied from the Cornell normalized-performance field, which follows the Stanford cross-suite SPECint normalization method."
obs-cpu-physical-cores-cornell-intel-pentium-4-prescott-2004-06-01,cornell-intel-pentium-4-prescott-2004-06-01,Pentium 4 (prescott),Intel,historical processor dataset,cpu,cpu,2004-06-01,2004.416667,cpu_physical_cores,1,physical cores,physical CPU cores,direct,high,primary,,,,,,{},,eligible,https://github.com/cornell-brg/processor-trends/blob/main/data/processor-trends.csv#L52; https://github.com/cornell-brg/processor-trends,"Matched against the cleaned Cornell processor-trends source derived from and independently checked against the Stanford/Horowitz data. Copied from the Cornell normalized-performance field, which follows the Stanford cross-suite SPECint normalization method."
obs-gpu-compute-units-cornell-intel-pentium-4-prescott-2004-06-01,cornell-intel-pentium-4-prescott-2004-06-01,Pentium 4 (prescott),Intel,historical processor dataset,cpu,cpu,2004-06-01,2004.416667,gpu_compute_units,,SMs / CUs / GPU cores,"vendor-native GPU unit count; SM, CU, or Apple GPU core",unresolved,unresolved,original_author_dataset,,,,,,,,not_applicable_cpu,,No supported value found; retained as an explicit blank.
obs-cpu-single-thread-normalized-cornell-intel-pentium-4-prescott-2004-06-01,cornell-intel-pentium-4-prescott-2004-06-01,Pentium 4 (prescott),Intel,historical processor dataset,cpu,cpu,2004-06-01,2004.416667,cpu_single_thread_normalized,10.08,normalized single-core index (legacy SPEC scale),one-copy benchmark normalized by the documented suite-specific continuity rule,normalized,high,primary,,,Stanford/Cornell normalized SPECint2006-equivalent performance,,,{},,eligible,https://github.com/cornell-brg/processor-trends/blob/main/data/processor-trends.csv#L52; https://github.com/cornell-brg/processor-trends,"Matched against the cleaned Cornell processor-trends source derived from and independently checked against the Stanford/Horowitz data. Copied from the Cornell normalized-performance field, which follows the Stanford cross-suite SPECint normalization method."
obs-cpu-multicore-rate2000-int-base-cornell-intel-pentium-4-prescott-2004-06-01,cornell-intel-pentium-4-prescott-2004-06-01,Pentium 4 (prescott),Intel,historical processor dataset,cpu,cpu,2004-06-01,2004.416667,cpu_multicore_rate2000_int_base,,SPECint_rate_base2000 (one chip),measured integer throughput of one CPU package in a published system,unresolved,unresolved,original_author_dataset,,,,,,,,unresolved,,No supported value found; retained as an explicit blank.
obs-cpu-multicore-rate2006-int-base-cornell-intel-pentium-4-prescott-2004-06-01,cornell-intel-pentium-4-prescott-2004-06-01,Pentium 4 (prescott),Intel,historical processor dataset,cpu,cpu,2004-06-01,2004.416667,cpu_multicore_rate2006_int_base,,SPECint_rate_base2006 (one chip),measured integer throughput of one CPU package in a published system,unresolved,unresolved,original_author_dataset,,,,,,,,unresolved,,No supported value found; retained as an explicit blank.
obs-cpu-multicore-rate2017-int-base-cornell-intel-pentium-4-prescott-2004-06-01,cornell-intel-pentium-4-prescott-2004-06-01,Pentium 4 (prescott),Intel,historical processor dataset,cpu,cpu,2004-06-01,2004.416667,cpu_multicore_rate2017_int_base,,SPECrate2017_int_base (one chip),measured integer throughput of one CPU package in a published system,unresolved,unresolved,original_author_dataset,,,,,,,,unresolved,,No supported value found; retained as an explicit blank.
obs-cpu-multicore-index-cornell-intel-pentium-4-prescott-2004-06-01,cornell-intel-pentium-4-prescott-2004-06-01,Pentium 4 (prescott),Intel,historical processor dataset,cpu,cpu,2004-06-01,2004.416667,cpu_multicore_index,,estimated one-chip throughput index (2003=100),estimated integer-throughput index derived from a measured one-CPU-package SPEC rate,unresolved,unresolved,original_author_dataset,,,,,,,,unresolved,,No supported value found; retained as an explicit blank.
obs-fp32-dense-peak-gflops-cornell-intel-pentium-4-prescott-2004-06-01,cornell-intel-pentium-4-prescott-2004-06-01,Pentium 4 (prescott),Intel,historical processor dataset,cpu,cpu,2004-06-01,2004.416667,fp32_dense_peak_gflops,,GFLOP/s,dense non-tensor non-sparse FP32 vector peak,unresolved,unresolved,original_author_dataset,,,,,,,,unresolved,,No supported value found; retained as an explicit blank.
obs-transistors-million-cornell-ibm-power5-2004-06-01,cornell-ibm-power5-2004-06-01,Power5,IBM,historical processor dataset,cpu,cpu,2004-06-01,2004.416667,transistors_million,276,million transistors,device or multi-die package transistor count,direct,high,primary,,,,,,{},,eligible,https://github.com/cornell-brg/processor-trends/blob/main/data/processor-trends.csv#L53; https://github.com/cornell-brg/processor-trends,"Matched against the cleaned Cornell processor-trends source derived from and independently checked against the Stanford/Horowitz data. Copied from the Cornell normalized-performance field, which follows the Stanford cross-suite SPECint normalization method."
obs-frequency-ghz-cornell-ibm-power5-2004-06-01,cornell-ibm-power5-2004-06-01,Power5,IBM,historical processor dataset,cpu,cpu,2004-06-01,2004.416667,frequency_ghz,1.9,GHz,nominal/base clock unless source states otherwise,direct,high,primary,,,,,,{},,eligible,https://github.com/cornell-brg/processor-trends/blob/main/data/processor-trends.csv#L53; https://github.com/cornell-brg/processor-trends,"Matched against the cleaned Cornell processor-trends source derived from and independently checked against the Stanford/Horowitz data. Copied from the Cornell normalized-performance field, which follows the Stanford cross-suite SPECint normalization method."
obs-power-w-cornell-ibm-power5-2004-06-01,cornell-ibm-power5-2004-06-01,Power5,IBM,historical processor dataset,cpu,cpu,2004-06-01,2004.416667,power_w,100,W,CPU TDP,direct,high,primary,,,,,,{},,eligible,https://github.com/cornell-brg/processor-trends/blob/main/data/processor-trends.csv#L53; https://github.com/cornell-brg/processor-trends,"Matched against the cleaned Cornell processor-trends source derived from and independently checked against the Stanford/Horowitz data. Copied from the Cornell normalized-performance field, which follows the Stanford cross-suite SPECint normalization method."
obs-cpu-physical-cores-cornell-ibm-power5-2004-06-01,cornell-ibm-power5-2004-06-01,Power5,IBM,historical processor dataset,cpu,cpu,2004-06-01,2004.416667,cpu_physical_cores,2,physical cores,physical CPU cores,direct,high,primary,,,,,,{},,eligible,https://github.com/cornell-brg/processor-trends/blob/main/data/processor-trends.csv#L53; https://github.com/cornell-brg/processor-trends,"Matched against the cleaned Cornell processor-trends source derived from and independently checked against the Stanford/Horowitz data. Copied from the Cornell normalized-performance field, which follows the Stanford cross-suite SPECint normalization method."
obs-gpu-compute-units-cornell-ibm-power5-2004-06-01,cornell-ibm-power5-2004-06-01,Power5,IBM,historical processor dataset,cpu,cpu,2004-06-01,2004.416667,gpu_compute_units,,SMs / CUs / GPU cores,"vendor-native GPU unit count; SM, CU, or Apple GPU core",unresolved,unresolved,original_author_dataset,,,,,,,,not_applicable_cpu,,No supported value found; retained as an explicit blank.
obs-cpu-single-thread-normalized-cornell-ibm-power5-2004-06-01,cornell-ibm-power5-2004-06-01,Power5,IBM,historical processor dataset,cpu,cpu,2004-06-01,2004.416667,cpu_single_thread_normalized,8.9472,normalized single-core index (legacy SPEC scale),one-copy benchmark normalized by the documented suite-specific continuity rule,normalized,high,primary,,,Stanford/Cornell normalized SPECint2006-equivalent performance,,,{},,eligible,https://github.com/cornell-brg/processor-trends/blob/main/data/processor-trends.csv#L53; https://github.com/cornell-brg/processor-trends,"Matched against the cleaned Cornell processor-trends source derived from and independently checked against the Stanford/Horowitz data. Copied from the Cornell normalized-performance field, which follows the Stanford cross-suite SPECint normalization method."
obs-cpu-multicore-rate2000-int-base-cornell-ibm-power5-2004-06-01,cornell-ibm-power5-2004-06-01,Power5,IBM,historical processor dataset,cpu,cpu,2004-06-01,2004.416667,cpu_multicore_rate2000_int_base,30.3,SPECint_rate_base2000 (one chip),measured integer throughput of one CPU package in a published system,measured,direct,primary,SPECint_rate_base2000,30.3,,,,{},,supporting_raw_benchmark_not_plotted,https://www.spec.org/cpu2000/results/res2004q3/cpu2000-20040804-03310.pdf,Published one-chip system result: IBM POWER5 1650 MHz one-chip configuration; hardware availability 2004-08. Score belongs to this tested configuration and this SPEC suite only; scores from other suites are not comparable.
obs-cpu-multicore-rate2006-int-base-cornell-ibm-power5-2004-06-01,cornell-ibm-power5-2004-06-01,Power5,IBM,historical processor dataset,cpu,cpu,2004-06-01,2004.416667,cpu_multicore_rate2006_int_base,,SPECint_rate_base2006 (one chip),measured integer throughput of one CPU package in a published system,unresolved,unresolved,original_author_dataset,,,,,,,,unresolved,,No supported value found; retained as an explicit blank.
obs-cpu-multicore-rate2017-int-base-cornell-ibm-power5-2004-06-01,cornell-ibm-power5-2004-06-01,Power5,IBM,historical processor dataset,cpu,cpu,2004-06-01,2004.416667,cpu_multicore_rate2017_int_base,,SPECrate2017_int_base (one chip),measured integer throughput of one CPU package in a published system,unresolved,unresolved,original_author_dataset,,,,,,,,unresolved,,No supported value found; retained as an explicit blank.
obs-cpu-multicore-index-cornell-ibm-power5-2004-06-01,cornell-ibm-power5-2004-06-01,Power5,IBM,historical processor dataset,cpu,cpu,2004-06-01,2004.416667,cpu_multicore_index,199.342105263,estimated one-chip throughput index (2003=100),estimated integer-throughput index derived from a measured one-CPU-package SPEC rate,normalized,medium,derived_from_primary,SPECint_rate_base2000,30.3,Educational index; POWER4+ 2003 one-chip SPECint_rate_base2000 15.2 = 100. Bridges use median log ratios of matched one-chip processor results; not an official SPEC conversion.,,,"{""base_index"": 100.0, ""base_score"": 15.2, ""cpu2000_to_cpu2006"": 0.4988558352402746, ""cpu2006_to_cpu2017"": 0.12486988466935224, ""denominator_for_suite"": 15.2, ""raw_score"": 30.3}",base_index * raw_score / denominator_for_suite,eligible,https://open.spec.org/cpu2000/results/res2006q3/cpu2000-20060705-06399.html; https://open.spec.org/cpu2000/results/res2006q3/cpu2000-20060904-07199.html; https://spec.org/cpu2006/results/res2018q1/cpu2006-20171212-51326.pdf; https://www.spec.org/cpu2000/results/res2004q3/cpu2000-20040804-03310.pdf; https://www.spec.org/cpu2000/results/res2006q3/cpu2000-20060705-06403.pdf; https://www.spec.org/cpu2006/results/res2006q3/cpu2006-20060904-00079.pdf; https://www.spec.org/cpu2006/results/res2006q3/cpu2006-20060904-00082.pdf; https://www.spec.org/cpu2006/results/res2007q3/cpu2006-20070723-01554.pdf; https://www.spec.org/cpu2006/results/res2017q2/cpu2006-20170529-47129.html; https://www.spec.org/cpu2017/results/res2017q4/cpu2017-20171211-01450.html; https://www.spec.org/cpu2017/results/res2018q1/cpu2017-20171212-01664.html,Estimated cross-suite index from measured one-chip rate. Raw result and all bridge reports are retained; consult cpu-throughput-bridges.json. SPEC does not endorse cross-suite score conversion.
obs-fp32-dense-peak-gflops-cornell-ibm-power5-2004-06-01,cornell-ibm-power5-2004-06-01,Power5,IBM,historical processor dataset,cpu,cpu,2004-06-01,2004.416667,fp32_dense_peak_gflops,,GFLOP/s,dense non-tensor non-sparse FP32 vector peak,unresolved,unresolved,original_author_dataset,,,,,,,,unresolved,,No supported value found; retained as an explicit blank.
obs-transistors-million-cornell-intel-pentium-d-840-2005-05-01,cornell-intel-pentium-d-840-2005-05-01,Pentium D (840),Intel,historical processor dataset,cpu,cpu,2005-05-01,2005.333333,transistors_million,230,million transistors,device or multi-die package transistor count,direct,high,primary,,,,,,{},,eligible,https://github.com/cornell-brg/processor-trends/blob/main/data/processor-trends.csv#L54; https://github.com/cornell-brg/processor-trends,"Matched against the cleaned Cornell processor-trends source derived from and independently checked against the Stanford/Horowitz data. Copied from the Cornell normalized-performance field, which follows the Stanford cross-suite SPECint normalization method."
obs-frequency-ghz-cornell-intel-pentium-d-840-2005-05-01,cornell-intel-pentium-d-840-2005-05-01,Pentium D (840),Intel,historical processor dataset,cpu,cpu,2005-05-01,2005.333333,frequency_ghz,3.2,GHz,nominal/base clock unless source states otherwise,direct,high,primary,,,,,,{},,eligible,https://github.com/cornell-brg/processor-trends/blob/main/data/processor-trends.csv#L54; https://github.com/cornell-brg/processor-trends,"Matched against the cleaned Cornell processor-trends source derived from and independently checked against the Stanford/Horowitz data. Copied from the Cornell normalized-performance field, which follows the Stanford cross-suite SPECint normalization method."
obs-power-w-cornell-intel-pentium-d-840-2005-05-01,cornell-intel-pentium-d-840-2005-05-01,Pentium D (840),Intel,historical processor dataset,cpu,cpu,2005-05-01,2005.333333,power_w,130,W,CPU TDP,direct,high,primary,,,,,,{},,eligible,https://github.com/cornell-brg/processor-trends/blob/main/data/processor-trends.csv#L54; https://github.com/cornell-brg/processor-trends,"Matched against the cleaned Cornell processor-trends source derived from and independently checked against the Stanford/Horowitz data. Copied from the Cornell normalized-performance field, which follows the Stanford cross-suite SPECint normalization method."
obs-cpu-physical-cores-cornell-intel-pentium-d-840-2005-05-01,cornell-intel-pentium-d-840-2005-05-01,Pentium D (840),Intel,historical processor dataset,cpu,cpu,2005-05-01,2005.333333,cpu_physical_cores,2,physical cores,physical CPU cores,direct,high,primary,,,,,,{},,eligible,https://github.com/cornell-brg/processor-trends/blob/main/data/processor-trends.csv#L54; https://github.com/cornell-brg/processor-trends,"Matched against the cleaned Cornell processor-trends source derived from and independently checked against the Stanford/Horowitz data. Copied from the Cornell normalized-performance field, which follows the Stanford cross-suite SPECint normalization method."
obs-gpu-compute-units-cornell-intel-pentium-d-840-2005-05-01,cornell-intel-pentium-d-840-2005-05-01,Pentium D (840),Intel,historical processor dataset,cpu,cpu,2005-05-01,2005.333333,gpu_compute_units,,SMs / CUs / GPU cores,"vendor-native GPU unit count; SM, CU, or Apple GPU core",unresolved,unresolved,original_author_dataset,,,,,,,,not_applicable_cpu,,No supported value found; retained as an explicit blank.
obs-cpu-single-thread-normalized-cornell-intel-pentium-d-840-2005-05-01,cornell-intel-pentium-d-840-2005-05-01,Pentium D (840),Intel,historical processor dataset,cpu,cpu,2005-05-01,2005.333333,cpu_single_thread_normalized,9.5104,normalized single-core index (legacy SPEC scale),one-copy benchmark normalized by the documented suite-specific continuity rule,normalized,high,primary,,,Stanford/Cornell normalized SPECint2006-equivalent performance,,,{},,eligible,https://github.com/cornell-brg/processor-trends/blob/main/data/processor-trends.csv#L54; https://github.com/cornell-brg/processor-trends,"Matched against the cleaned Cornell processor-trends source derived from and independently checked against the Stanford/Horowitz data. Copied from the Cornell normalized-performance field, which follows the Stanford cross-suite SPECint normalization method."
obs-cpu-multicore-rate2000-int-base-cornell-intel-pentium-d-840-2005-05-01,cornell-intel-pentium-d-840-2005-05-01,Pentium D (840),Intel,historical processor dataset,cpu,cpu,2005-05-01,2005.333333,cpu_multicore_rate2000_int_base,32.7,SPECint_rate_base2000 (one chip),measured integer throughput of one CPU package in a published system,measured,direct,primary,SPECint_rate_base2000,32.7,,,,{},,supporting_raw_benchmark_not_plotted,https://open.spec.org/cpu2000/results/res2005q4/cpu2000-20051208-05160.html,Published one-chip system result: Fujitsu Siemens CELSIUS M440; hardware availability 2005-07. Score belongs to this tested configuration and this SPEC suite only; scores from other suites are not comparable.
obs-cpu-multicore-rate2006-int-base-cornell-intel-pentium-d-840-2005-05-01,cornell-intel-pentium-d-840-2005-05-01,Pentium D (840),Intel,historical processor dataset,cpu,cpu,2005-05-01,2005.333333,cpu_multicore_rate2006_int_base,,SPECint_rate_base2006 (one chip),measured integer throughput of one CPU package in a published system,unresolved,unresolved,original_author_dataset,,,,,,,,unresolved,,No supported value found; retained as an explicit blank.
obs-cpu-multicore-rate2017-int-base-cornell-intel-pentium-d-840-2005-05-01,cornell-intel-pentium-d-840-2005-05-01,Pentium D (840),Intel,historical processor dataset,cpu,cpu,2005-05-01,2005.333333,cpu_multicore_rate2017_int_base,,SPECrate2017_int_base (one chip),measured integer throughput of one CPU package in a published system,unresolved,unresolved,original_author_dataset,,,,,,,,unresolved,,No supported value found; retained as an explicit blank.
obs-cpu-multicore-index-cornell-intel-pentium-d-840-2005-05-01,cornell-intel-pentium-d-840-2005-05-01,Pentium D (840),Intel,historical processor dataset,cpu,cpu,2005-05-01,2005.333333,cpu_multicore_index,215.131578947,estimated one-chip throughput index (2003=100),estimated integer-throughput index derived from a measured one-CPU-package SPEC rate,normalized,medium,derived_from_primary,SPECint_rate_base2000,32.7,Educational index; POWER4+ 2003 one-chip SPECint_rate_base2000 15.2 = 100. Bridges use median log ratios of matched one-chip processor results; not an official SPEC conversion.,,,"{""base_index"": 100.0, ""base_score"": 15.2, ""cpu2000_to_cpu2006"": 0.4988558352402746, ""cpu2006_to_cpu2017"": 0.12486988466935224, ""denominator_for_suite"": 15.2, ""raw_score"": 32.7}",base_index * raw_score / denominator_for_suite,eligible,https://open.spec.org/cpu2000/results/res2005q4/cpu2000-20051208-05160.html; https://open.spec.org/cpu2000/results/res2006q3/cpu2000-20060705-06399.html; https://open.spec.org/cpu2000/results/res2006q3/cpu2000-20060904-07199.html; https://spec.org/cpu2006/results/res2018q1/cpu2006-20171212-51326.pdf; https://www.spec.org/cpu2000/results/res2006q3/cpu2000-20060705-06403.pdf; https://www.spec.org/cpu2006/results/res2006q3/cpu2006-20060904-00079.pdf; https://www.spec.org/cpu2006/results/res2006q3/cpu2006-20060904-00082.pdf; https://www.spec.org/cpu2006/results/res2007q3/cpu2006-20070723-01554.pdf; https://www.spec.org/cpu2006/results/res2017q2/cpu2006-20170529-47129.html; https://www.spec.org/cpu2017/results/res2017q4/cpu2017-20171211-01450.html; https://www.spec.org/cpu2017/results/res2018q1/cpu2017-20171212-01664.html,Estimated cross-suite index from measured one-chip rate. Raw result and all bridge reports are retained; consult cpu-throughput-bridges.json. SPEC does not endorse cross-suite score conversion.
obs-fp32-dense-peak-gflops-cornell-intel-pentium-d-840-2005-05-01,cornell-intel-pentium-d-840-2005-05-01,Pentium D (840),Intel,historical processor dataset,cpu,cpu,2005-05-01,2005.333333,fp32_dense_peak_gflops,,GFLOP/s,dense non-tensor non-sparse FP32 vector peak,unresolved,unresolved,original_author_dataset,,,,,,,,unresolved,,No supported value found; retained as an explicit blank.
obs-transistors-million-cornell-amd-athlon-64-fx-57-2005-06-01,cornell-amd-athlon-64-fx-57-2005-06-01,Athlon 64 FX-57,AMD,historical processor dataset,cpu,cpu,2005-06-01,2005.416667,transistors_million,114,million transistors,device or multi-die package transistor count,direct,high,primary,,,,,,{},,eligible,https://github.com/cornell-brg/processor-trends/blob/main/data/processor-trends.csv#L55; https://github.com/cornell-brg/processor-trends,"Matched against the cleaned Cornell processor-trends source derived from and independently checked against the Stanford/Horowitz data. Copied from the Cornell normalized-performance field, which follows the Stanford cross-suite SPECint normalization method."
obs-frequency-ghz-cornell-amd-athlon-64-fx-57-2005-06-01,cornell-amd-athlon-64-fx-57-2005-06-01,Athlon 64 FX-57,AMD,historical processor dataset,cpu,cpu,2005-06-01,2005.416667,frequency_ghz,2.8,GHz,nominal/base clock unless source states otherwise,direct,high,primary,,,,,,{},,eligible,https://github.com/cornell-brg/processor-trends/blob/main/data/processor-trends.csv#L55; https://github.com/cornell-brg/processor-trends,"Matched against the cleaned Cornell processor-trends source derived from and independently checked against the Stanford/Horowitz data. Copied from the Cornell normalized-performance field, which follows the Stanford cross-suite SPECint normalization method."
obs-power-w-cornell-amd-athlon-64-fx-57-2005-06-01,cornell-amd-athlon-64-fx-57-2005-06-01,Athlon 64 FX-57,AMD,historical processor dataset,cpu,cpu,2005-06-01,2005.416667,power_w,85,W,CPU TDP,direct,high,primary,,,,,,{},,eligible,https://github.com/cornell-brg/processor-trends/blob/main/data/processor-trends.csv#L55; https://github.com/cornell-brg/processor-trends,"Matched against the cleaned Cornell processor-trends source derived from and independently checked against the Stanford/Horowitz data. Copied from the Cornell normalized-performance field, which follows the Stanford cross-suite SPECint normalization method."
obs-cpu-physical-cores-cornell-amd-athlon-64-fx-57-2005-06-01,cornell-amd-athlon-64-fx-57-2005-06-01,Athlon 64 FX-57,AMD,historical processor dataset,cpu,cpu,2005-06-01,2005.416667,cpu_physical_cores,1,physical cores,physical CPU cores,direct,high,primary,,,,,,{},,eligible,https://github.com/cornell-brg/processor-trends/blob/main/data/processor-trends.csv#L55; https://github.com/cornell-brg/processor-trends,"Matched against the cleaned Cornell processor-trends source derived from and independently checked against the Stanford/Horowitz data. Copied from the Cornell normalized-performance field, which follows the Stanford cross-suite SPECint normalization method."
obs-gpu-compute-units-cornell-amd-athlon-64-fx-57-2005-06-01,cornell-amd-athlon-64-fx-57-2005-06-01,Athlon 64 FX-57,AMD,historical processor dataset,cpu,cpu,2005-06-01,2005.416667,gpu_compute_units,,SMs / CUs / GPU cores,"vendor-native GPU unit count; SM, CU, or Apple GPU core",unresolved,unresolved,original_author_dataset,,,,,,,,not_applicable_cpu,,No supported value found; retained as an explicit blank.
obs-cpu-single-thread-normalized-cornell-amd-athlon-64-fx-57-2005-06-01,cornell-amd-athlon-64-fx-57-2005-06-01,Athlon 64 FX-57,AMD,historical processor dataset,cpu,cpu,2005-06-01,2005.416667,cpu_single_thread_normalized,11.9168,normalized single-core index (legacy SPEC scale),one-copy benchmark normalized by the documented suite-specific continuity rule,normalized,high,primary,,,Stanford/Cornell normalized SPECint2006-equivalent performance,,,{},,eligible,https://github.com/cornell-brg/processor-trends/blob/main/data/processor-trends.csv#L55; https://github.com/cornell-brg/processor-trends,"Matched against the cleaned Cornell processor-trends source derived from and independently checked against the Stanford/Horowitz data. Copied from the Cornell normalized-performance field, which follows the Stanford cross-suite SPECint normalization method."
obs-cpu-multicore-rate2000-int-base-cornell-amd-athlon-64-fx-57-2005-06-01,cornell-amd-athlon-64-fx-57-2005-06-01,Athlon 64 FX-57,AMD,historical processor dataset,cpu,cpu,2005-06-01,2005.416667,cpu_multicore_rate2000_int_base,,SPECint_rate_base2000 (one chip),measured integer throughput of one CPU package in a published system,unresolved,unresolved,original_author_dataset,,,,,,,,unresolved,,No supported value found; retained as an explicit blank.
obs-cpu-multicore-rate2006-int-base-cornell-amd-athlon-64-fx-57-2005-06-01,cornell-amd-athlon-64-fx-57-2005-06-01,Athlon 64 FX-57,AMD,historical processor dataset,cpu,cpu,2005-06-01,2005.416667,cpu_multicore_rate2006_int_base,,SPECint_rate_base2006 (one chip),measured integer throughput of one CPU package in a published system,unresolved,unresolved,original_author_dataset,,,,,,,,unresolved,,No supported value found; retained as an explicit blank.
obs-cpu-multicore-rate2017-int-base-cornell-amd-athlon-64-fx-57-2005-06-01,cornell-amd-athlon-64-fx-57-2005-06-01,Athlon 64 FX-57,AMD,historical processor dataset,cpu,cpu,2005-06-01,2005.416667,cpu_multicore_rate2017_int_base,,SPECrate2017_int_base (one chip),measured integer throughput of one CPU package in a published system,unresolved,unresolved,original_author_dataset,,,,,,,,unresolved,,No supported value found; retained as an explicit blank.
obs-cpu-multicore-index-cornell-amd-athlon-64-fx-57-2005-06-01,cornell-amd-athlon-64-fx-57-2005-06-01,Athlon 64 FX-57,AMD,historical processor dataset,cpu,cpu,2005-06-01,2005.416667,cpu_multicore_index,,estimated one-chip throughput index (2003=100),estimated integer-throughput index derived from a measured one-CPU-package SPEC rate,unresolved,unresolved,original_author_dataset,,,,,,,,unresolved,,No supported value found; retained as an explicit blank.
obs-fp32-dense-peak-gflops-cornell-amd-athlon-64-fx-57-2005-06-01,cornell-amd-athlon-64-fx-57-2005-06-01,Athlon 64 FX-57,AMD,historical processor dataset,cpu,cpu,2005-06-01,2005.416667,fp32_dense_peak_gflops,,GFLOP/s,dense non-tensor non-sparse FP32 vector peak,unresolved,unresolved,original_author_dataset,,,,,,,,unresolved,,No supported value found; retained as an explicit blank.
obs-transistors-million-nvidia-geforce-7800-gtx,nvidia-geforce-7800-gtx,NVIDIA GeForce 7800 GTX,NVIDIA,client/gaming,gpu,gpu,2005-06-22,2005.474162,transistors_million,302,million transistors,device or multi-die package transistor count,direct,medium,secondary,,,,,,{},,eligible,https://forums.developer.nvidia.com/t/gpu-vs-cpu-comparison-over-the-last-years/13097,
obs-frequency-ghz-nvidia-geforce-7800-gtx,nvidia-geforce-7800-gtx,NVIDIA GeForce 7800 GTX,NVIDIA,client/gaming,gpu,gpu,2005-06-22,2005.474162,frequency_ghz,,GHz,nominal/base clock unless source states otherwise,unresolved,unresolved,primary,,,,,,,,unresolved,,No supported value found; retained as an explicit blank.
obs-power-w-nvidia-geforce-7800-gtx,nvidia-geforce-7800-gtx,NVIDIA GeForce 7800 GTX,NVIDIA,client/gaming,gpu,gpu,2005-06-22,2005.474162,power_w,,W,GPU TBP/TDP,unresolved,unresolved,primary,,,,,,,,unresolved,,No supported value found; retained as an explicit blank.
obs-cpu-physical-cores-nvidia-geforce-7800-gtx,nvidia-geforce-7800-gtx,NVIDIA GeForce 7800 GTX,NVIDIA,client/gaming,gpu,gpu,2005-06-22,2005.474162,cpu_physical_cores,,physical cores,physical CPU cores,unresolved,unresolved,primary,,,,,,,,not_applicable_gpu,,No supported value found; retained as an explicit blank.
obs-gpu-compute-units-nvidia-geforce-7800-gtx,nvidia-geforce-7800-gtx,NVIDIA GeForce 7800 GTX,NVIDIA,client/gaming,gpu,discrete_gpu,2005-06-22,2005.474162,gpu_compute_units,,SMs / CUs / GPU cores,"vendor-native GPU unit count; SM, CU, or Apple GPU core",unresolved,unresolved,primary,,,,,,,,unresolved,,No supported value found; retained as an explicit blank.
obs-cpu-single-thread-normalized-nvidia-geforce-7800-gtx,nvidia-geforce-7800-gtx,NVIDIA GeForce 7800 GTX,NVIDIA,client/gaming,gpu,gpu,2005-06-22,2005.474162,cpu_single_thread_normalized,,normalized single-core index (legacy SPEC scale),one-copy benchmark normalized by the documented suite-specific continuity rule,unresolved,unresolved,primary,,,,,,,,not_applicable_gpu,,No supported value found; retained as an explicit blank.
obs-cpu-multicore-rate2000-int-base-nvidia-geforce-7800-gtx,nvidia-geforce-7800-gtx,NVIDIA GeForce 7800 GTX,NVIDIA,client/gaming,gpu,gpu,2005-06-22,2005.474162,cpu_multicore_rate2000_int_base,,SPECint_rate_base2000 (one chip),measured integer throughput of one CPU package in a published system,unresolved,unresolved,primary,,,,,,,,not_applicable_gpu,,No supported value found; retained as an explicit blank.
obs-cpu-multicore-rate2006-int-base-nvidia-geforce-7800-gtx,nvidia-geforce-7800-gtx,NVIDIA GeForce 7800 GTX,NVIDIA,client/gaming,gpu,gpu,2005-06-22,2005.474162,cpu_multicore_rate2006_int_base,,SPECint_rate_base2006 (one chip),measured integer throughput of one CPU package in a published system,unresolved,unresolved,primary,,,,,,,,not_applicable_gpu,,No supported value found; retained as an explicit blank.
obs-cpu-multicore-rate2017-int-base-nvidia-geforce-7800-gtx,nvidia-geforce-7800-gtx,NVIDIA GeForce 7800 GTX,NVIDIA,client/gaming,gpu,gpu,2005-06-22,2005.474162,cpu_multicore_rate2017_int_base,,SPECrate2017_int_base (one chip),measured integer throughput of one CPU package in a published system,unresolved,unresolved,primary,,,,,,,,not_applicable_gpu,,No supported value found; retained as an explicit blank.
obs-cpu-multicore-index-nvidia-geforce-7800-gtx,nvidia-geforce-7800-gtx,NVIDIA GeForce 7800 GTX,NVIDIA,client/gaming,gpu,gpu,2005-06-22,2005.474162,cpu_multicore_index,,estimated one-chip throughput index (2003=100),estimated integer-throughput index derived from a measured one-CPU-package SPEC rate,unresolved,unresolved,primary,,,,,,,,not_applicable_gpu,,No supported value found; retained as an explicit blank.
obs-fp32-dense-peak-gflops-nvidia-geforce-7800-gtx,nvidia-geforce-7800-gtx,NVIDIA GeForce 7800 GTX,NVIDIA,client/gaming,gpu,discrete_gpu,2005-06-22,2005.474162,fp32_dense_peak_gflops,165,GFLOP/s,dense non-tensor non-sparse FP32 vector peak,direct,medium,secondary,,,,FP32 vector dense,,{},,eligible,https://forums.developer.nvidia.com/t/gpu-vs-cpu-comparison-over-the-last-years/13097,
obs-transistors-million-cornell-sun-ultrasparc-t1-niagara-2005-07-01,cornell-sun-ultrasparc-t1-niagara-2005-07-01,UltraSparc T1 (Niagara),Sun,historical processor dataset,cpu,cpu,2005-07-01,2005.500000,transistors_million,300,million transistors,device or multi-die package transistor count,direct,high,primary,,,,,,{},,eligible,https://github.com/cornell-brg/processor-trends/blob/main/data/processor-trends.csv#L56; https://github.com/cornell-brg/processor-trends; https://www.oracle.com/docs/tech/2008-oct-opensparc-slide-cast-04-ds.pdf; https://www.oracle.com/servers/technologies/opensparc-t1-page.html; https://www.spec.org/cpu2006/,Matched against the cleaned Cornell processor-trends source derived from and independently checked against the Stanford/Horowitz data. No published SPEC CPU integer speed or rate result was found for the 1.2 GHz UltraSPARC T1. Other integer and web-server benchmarks are not convertible to SPECint.
obs-frequency-ghz-cornell-sun-ultrasparc-t1-niagara-2005-07-01,cornell-sun-ultrasparc-t1-niagara-2005-07-01,UltraSparc T1 (Niagara),Sun,historical processor dataset,cpu,cpu,2005-07-01,2005.500000,frequency_ghz,1.2,GHz,nominal/base clock unless source states otherwise,direct,high,primary,,,,,,{},,eligible,https://github.com/cornell-brg/processor-trends/blob/main/data/processor-trends.csv#L56; https://github.com/cornell-brg/processor-trends; https://www.oracle.com/docs/tech/2008-oct-opensparc-slide-cast-04-ds.pdf; https://www.oracle.com/servers/technologies/opensparc-t1-page.html; https://www.spec.org/cpu2006/,Matched against the cleaned Cornell processor-trends source derived from and independently checked against the Stanford/Horowitz data. No published SPEC CPU integer speed or rate result was found for the 1.2 GHz UltraSPARC T1. Other integer and web-server benchmarks are not convertible to SPECint.
obs-power-w-cornell-sun-ultrasparc-t1-niagara-2005-07-01,cornell-sun-ultrasparc-t1-niagara-2005-07-01,UltraSparc T1 (Niagara),Sun,historical processor dataset,cpu,cpu,2005-07-01,2005.500000,power_w,72,W,CPU TDP,direct,high,primary,,,,,,{},,eligible,https://github.com/cornell-brg/processor-trends/blob/main/data/processor-trends.csv#L56; https://github.com/cornell-brg/processor-trends; https://www.oracle.com/docs/tech/2008-oct-opensparc-slide-cast-04-ds.pdf; https://www.oracle.com/servers/technologies/opensparc-t1-page.html; https://www.spec.org/cpu2006/,Matched against the cleaned Cornell processor-trends source derived from and independently checked against the Stanford/Horowitz data. No published SPEC CPU integer speed or rate result was found for the 1.2 GHz UltraSPARC T1. Other integer and web-server benchmarks are not convertible to SPECint.
obs-cpu-physical-cores-cornell-sun-ultrasparc-t1-niagara-2005-07-01,cornell-sun-ultrasparc-t1-niagara-2005-07-01,UltraSparc T1 (Niagara),Sun,historical processor dataset,cpu,cpu,2005-07-01,2005.500000,cpu_physical_cores,8,physical cores,physical CPU cores,direct,high,primary,,,,,,{},,eligible,https://github.com/cornell-brg/processor-trends/blob/main/data/processor-trends.csv#L56; https://github.com/cornell-brg/processor-trends; https://www.oracle.com/docs/tech/2008-oct-opensparc-slide-cast-04-ds.pdf; https://www.oracle.com/servers/technologies/opensparc-t1-page.html; https://www.spec.org/cpu2006/,Matched against the cleaned Cornell processor-trends source derived from and independently checked against the Stanford/Horowitz data. No published SPEC CPU integer speed or rate result was found for the 1.2 GHz UltraSPARC T1. Other integer and web-server benchmarks are not convertible to SPECint.
obs-gpu-compute-units-cornell-sun-ultrasparc-t1-niagara-2005-07-01,cornell-sun-ultrasparc-t1-niagara-2005-07-01,UltraSparc T1 (Niagara),Sun,historical processor dataset,cpu,cpu,2005-07-01,2005.500000,gpu_compute_units,,SMs / CUs / GPU cores,"vendor-native GPU unit count; SM, CU, or Apple GPU core",unresolved,unresolved,original_author_dataset,,,,,,,,not_applicable_cpu,,No supported value found; retained as an explicit blank.
obs-cpu-single-thread-normalized-cornell-sun-ultrasparc-t1-niagara-2005-07-01,cornell-sun-ultrasparc-t1-niagara-2005-07-01,UltraSparc T1 (Niagara),Sun,historical processor dataset,cpu,cpu,2005-07-01,2005.500000,cpu_single_thread_normalized,,normalized single-core index (legacy SPEC scale),one-copy benchmark normalized by the documented suite-specific continuity rule,unresolved,unresolved,original_author_dataset,,,,,,,,unresolved,,No supported value found; retained as an explicit blank.
obs-cpu-multicore-rate2000-int-base-cornell-sun-ultrasparc-t1-niagara-2005-07-01,cornell-sun-ultrasparc-t1-niagara-2005-07-01,UltraSparc T1 (Niagara),Sun,historical processor dataset,cpu,cpu,2005-07-01,2005.500000,cpu_multicore_rate2000_int_base,,SPECint_rate_base2000 (one chip),measured integer throughput of one CPU package in a published system,unresolved,unresolved,original_author_dataset,,,,,,,,unresolved,,No supported value found; retained as an explicit blank.
obs-cpu-multicore-rate2006-int-base-cornell-sun-ultrasparc-t1-niagara-2005-07-01,cornell-sun-ultrasparc-t1-niagara-2005-07-01,UltraSparc T1 (Niagara),Sun,historical processor dataset,cpu,cpu,2005-07-01,2005.500000,cpu_multicore_rate2006_int_base,,SPECint_rate_base2006 (one chip),measured integer throughput of one CPU package in a published system,unresolved,unresolved,original_author_dataset,,,,,,,,unresolved,,No supported value found; retained as an explicit blank.
obs-cpu-multicore-rate2017-int-base-cornell-sun-ultrasparc-t1-niagara-2005-07-01,cornell-sun-ultrasparc-t1-niagara-2005-07-01,UltraSparc T1 (Niagara),Sun,historical processor dataset,cpu,cpu,2005-07-01,2005.500000,cpu_multicore_rate2017_int_base,,SPECrate2017_int_base (one chip),measured integer throughput of one CPU package in a published system,unresolved,unresolved,original_author_dataset,,,,,,,,unresolved,,No supported value found; retained as an explicit blank.
obs-cpu-multicore-index-cornell-sun-ultrasparc-t1-niagara-2005-07-01,cornell-sun-ultrasparc-t1-niagara-2005-07-01,UltraSparc T1 (Niagara),Sun,historical processor dataset,cpu,cpu,2005-07-01,2005.500000,cpu_multicore_index,,estimated one-chip throughput index (2003=100),estimated integer-throughput index derived from a measured one-CPU-package SPEC rate,unresolved,unresolved,original_author_dataset,,,,,,,,unresolved,,No supported value found; retained as an explicit blank.
obs-fp32-dense-peak-gflops-cornell-sun-ultrasparc-t1-niagara-2005-07-01,cornell-sun-ultrasparc-t1-niagara-2005-07-01,UltraSparc T1 (Niagara),Sun,historical processor dataset,cpu,cpu,2005-07-01,2005.500000,fp32_dense_peak_gflops,,GFLOP/s,dense non-tensor non-sparse FP32 vector peak,unresolved,unresolved,original_author_dataset,,,,,,,,unresolved,,No supported value found; retained as an explicit blank.
obs-transistors-million-cornell-amd-turion-64-x2-mt-40-lancaster-2005-08-01,cornell-amd-turion-64-x2-mt-40-lancaster-2005-08-01,Turion 64 X2 MT-40 (Lancaster),AMD,historical processor dataset,cpu,cpu,2005-08-01,2005.583333,transistors_million,114,million transistors,device or multi-die package transistor count,direct,high,primary,,,,,,{},,eligible,https://github.com/cornell-brg/processor-trends/blob/main/data/processor-trends.csv#L57; https://github.com/cornell-brg/processor-trends; https://www.spec.org/cpu2006/results/res2007q3/cpu2006-20070723-01527.pdf; https://pc.watch.impress.co.jp/docs/article/modelno/amdold.htm,"Matched against the cleaned Cornell processor-trends source derived from and independently checked against the Stanford/Horowitz data. The source record conflicts internally: MT-40 Lancaster is a 2.2 GHz single-core part, while the row says two cores. A nearby TL-60 result cannot safely be assigned to this ambiguous identity."
obs-frequency-ghz-cornell-amd-turion-64-x2-mt-40-lancaster-2005-08-01,cornell-amd-turion-64-x2-mt-40-lancaster-2005-08-01,Turion 64 X2 MT-40 (Lancaster),AMD,historical processor dataset,cpu,cpu,2005-08-01,2005.583333,frequency_ghz,2.2,GHz,nominal/base clock unless source states otherwise,direct,high,primary,,,,,,{},,eligible,https://github.com/cornell-brg/processor-trends/blob/main/data/processor-trends.csv#L57; https://github.com/cornell-brg/processor-trends; https://www.spec.org/cpu2006/results/res2007q3/cpu2006-20070723-01527.pdf; https://pc.watch.impress.co.jp/docs/article/modelno/amdold.htm,"Matched against the cleaned Cornell processor-trends source derived from and independently checked against the Stanford/Horowitz data. The source record conflicts internally: MT-40 Lancaster is a 2.2 GHz single-core part, while the row says two cores. A nearby TL-60 result cannot safely be assigned to this ambiguous identity."
obs-power-w-cornell-amd-turion-64-x2-mt-40-lancaster-2005-08-01,cornell-amd-turion-64-x2-mt-40-lancaster-2005-08-01,Turion 64 X2 MT-40 (Lancaster),AMD,historical processor dataset,cpu,cpu,2005-08-01,2005.583333,power_w,25,W,CPU TDP,direct,high,primary,,,,,,{},,eligible,https://github.com/cornell-brg/processor-trends/blob/main/data/processor-trends.csv#L57; https://github.com/cornell-brg/processor-trends; https://www.spec.org/cpu2006/results/res2007q3/cpu2006-20070723-01527.pdf; https://pc.watch.impress.co.jp/docs/article/modelno/amdold.htm,"Matched against the cleaned Cornell processor-trends source derived from and independently checked against the Stanford/Horowitz data. The source record conflicts internally: MT-40 Lancaster is a 2.2 GHz single-core part, while the row says two cores. A nearby TL-60 result cannot safely be assigned to this ambiguous identity."
obs-cpu-physical-cores-cornell-amd-turion-64-x2-mt-40-lancaster-2005-08-01,cornell-amd-turion-64-x2-mt-40-lancaster-2005-08-01,Turion 64 X2 MT-40 (Lancaster),AMD,historical processor dataset,cpu,cpu,2005-08-01,2005.583333,cpu_physical_cores,2,physical cores,physical CPU cores,direct,high,primary,,,,,,{},,eligible,https://github.com/cornell-brg/processor-trends/blob/main/data/processor-trends.csv#L57; https://github.com/cornell-brg/processor-trends; https://www.spec.org/cpu2006/results/res2007q3/cpu2006-20070723-01527.pdf; https://pc.watch.impress.co.jp/docs/article/modelno/amdold.htm,"Matched against the cleaned Cornell processor-trends source derived from and independently checked against the Stanford/Horowitz data. The source record conflicts internally: MT-40 Lancaster is a 2.2 GHz single-core part, while the row says two cores. A nearby TL-60 result cannot safely be assigned to this ambiguous identity."
obs-gpu-compute-units-cornell-amd-turion-64-x2-mt-40-lancaster-2005-08-01,cornell-amd-turion-64-x2-mt-40-lancaster-2005-08-01,Turion 64 X2 MT-40 (Lancaster),AMD,historical processor dataset,cpu,cpu,2005-08-01,2005.583333,gpu_compute_units,,SMs / CUs / GPU cores,"vendor-native GPU unit count; SM, CU, or Apple GPU core",unresolved,unresolved,original_author_dataset,,,,,,,,not_applicable_cpu,,No supported value found; retained as an explicit blank.
obs-cpu-single-thread-normalized-cornell-amd-turion-64-x2-mt-40-lancaster-2005-08-01,cornell-amd-turion-64-x2-mt-40-lancaster-2005-08-01,Turion 64 X2 MT-40 (Lancaster),AMD,historical processor dataset,cpu,cpu,2005-08-01,2005.583333,cpu_single_thread_normalized,,normalized single-core index (legacy SPEC scale),one-copy benchmark normalized by the documented suite-specific continuity rule,unresolved,unresolved,original_author_dataset,,,,,,,,unresolved,,No supported value found; retained as an explicit blank.
obs-cpu-multicore-rate2000-int-base-cornell-amd-turion-64-x2-mt-40-lancaster-2005-08-01,cornell-amd-turion-64-x2-mt-40-lancaster-2005-08-01,Turion 64 X2 MT-40 (Lancaster),AMD,historical processor dataset,cpu,cpu,2005-08-01,2005.583333,cpu_multicore_rate2000_int_base,,SPECint_rate_base2000 (one chip),measured integer throughput of one CPU package in a published system,unresolved,unresolved,original_author_dataset,,,,,,,,unresolved,,No supported value found; retained as an explicit blank.
obs-cpu-multicore-rate2006-int-base-cornell-amd-turion-64-x2-mt-40-lancaster-2005-08-01,cornell-amd-turion-64-x2-mt-40-lancaster-2005-08-01,Turion 64 X2 MT-40 (Lancaster),AMD,historical processor dataset,cpu,cpu,2005-08-01,2005.583333,cpu_multicore_rate2006_int_base,,SPECint_rate_base2006 (one chip),measured integer throughput of one CPU package in a published system,unresolved,unresolved,original_author_dataset,,,,,,,,unresolved,,No supported value found; retained as an explicit blank.
obs-cpu-multicore-rate2017-int-base-cornell-amd-turion-64-x2-mt-40-lancaster-2005-08-01,cornell-amd-turion-64-x2-mt-40-lancaster-2005-08-01,Turion 64 X2 MT-40 (Lancaster),AMD,historical processor dataset,cpu,cpu,2005-08-01,2005.583333,cpu_multicore_rate2017_int_base,,SPECrate2017_int_base (one chip),measured integer throughput of one CPU package in a published system,unresolved,unresolved,original_author_dataset,,,,,,,,unresolved,,No supported value found; retained as an explicit blank.
obs-cpu-multicore-index-cornell-amd-turion-64-x2-mt-40-lancaster-2005-08-01,cornell-amd-turion-64-x2-mt-40-lancaster-2005-08-01,Turion 64 X2 MT-40 (Lancaster),AMD,historical processor dataset,cpu,cpu,2005-08-01,2005.583333,cpu_multicore_index,,estimated one-chip throughput index (2003=100),estimated integer-throughput index derived from a measured one-CPU-package SPEC rate,unresolved,unresolved,original_author_dataset,,,,,,,,unresolved,,No supported value found; retained as an explicit blank.
obs-fp32-dense-peak-gflops-cornell-amd-turion-64-x2-mt-40-lancaster-2005-08-01,cornell-amd-turion-64-x2-mt-40-lancaster-2005-08-01,Turion 64 X2 MT-40 (Lancaster),AMD,historical processor dataset,cpu,cpu,2005-08-01,2005.583333,fp32_dense_peak_gflops,,GFLOP/s,dense non-tensor non-sparse FP32 vector peak,unresolved,unresolved,original_author_dataset,,,,,,,,unresolved,,No supported value found; retained as an explicit blank.
obs-transistors-million-cornell-amd-athlon-64-5000-brisbane-2006-06-01,cornell-amd-athlon-64-5000-brisbane-2006-06-01,Athlon 64 5000+ (Brisbane),AMD,historical processor dataset,cpu,cpu,2006-06-01,2006.416667,transistors_million,154,million transistors,device or multi-die package transistor count,direct,high,primary,,,,,,{},,eligible,https://github.com/cornell-brg/processor-trends/blob/main/data/processor-trends.csv#L58; https://github.com/cornell-brg/processor-trends,"Matched against the cleaned Cornell processor-trends source derived from and independently checked against the Stanford/Horowitz data. Copied from the Cornell normalized-performance field, which follows the Stanford cross-suite SPECint normalization method."
obs-frequency-ghz-cornell-amd-athlon-64-5000-brisbane-2006-06-01,cornell-amd-athlon-64-5000-brisbane-2006-06-01,Athlon 64 5000+ (Brisbane),AMD,historical processor dataset,cpu,cpu,2006-06-01,2006.416667,frequency_ghz,2.6,GHz,nominal/base clock unless source states otherwise,direct,high,primary,,,,,,{},,eligible,https://github.com/cornell-brg/processor-trends/blob/main/data/processor-trends.csv#L58; https://github.com/cornell-brg/processor-trends,"Matched against the cleaned Cornell processor-trends source derived from and independently checked against the Stanford/Horowitz data. Copied from the Cornell normalized-performance field, which follows the Stanford cross-suite SPECint normalization method."
obs-power-w-cornell-amd-athlon-64-5000-brisbane-2006-06-01,cornell-amd-athlon-64-5000-brisbane-2006-06-01,Athlon 64 5000+ (Brisbane),AMD,historical processor dataset,cpu,cpu,2006-06-01,2006.416667,power_w,65,W,CPU TDP,direct,high,primary,,,,,,{},,eligible,https://github.com/cornell-brg/processor-trends/blob/main/data/processor-trends.csv#L58; https://github.com/cornell-brg/processor-trends,"Matched against the cleaned Cornell processor-trends source derived from and independently checked against the Stanford/Horowitz data. Copied from the Cornell normalized-performance field, which follows the Stanford cross-suite SPECint normalization method."
obs-cpu-physical-cores-cornell-amd-athlon-64-5000-brisbane-2006-06-01,cornell-amd-athlon-64-5000-brisbane-2006-06-01,Athlon 64 5000+ (Brisbane),AMD,historical processor dataset,cpu,cpu,2006-06-01,2006.416667,cpu_physical_cores,2,physical cores,physical CPU cores,direct,high,primary,,,,,,{},,eligible,https://github.com/cornell-brg/processor-trends/blob/main/data/processor-trends.csv#L58; https://github.com/cornell-brg/processor-trends,"Matched against the cleaned Cornell processor-trends source derived from and independently checked against the Stanford/Horowitz data. Copied from the Cornell normalized-performance field, which follows the Stanford cross-suite SPECint normalization method."
obs-gpu-compute-units-cornell-amd-athlon-64-5000-brisbane-2006-06-01,cornell-amd-athlon-64-5000-brisbane-2006-06-01,Athlon 64 5000+ (Brisbane),AMD,historical processor dataset,cpu,cpu,2006-06-01,2006.416667,gpu_compute_units,,SMs / CUs / GPU cores,"vendor-native GPU unit count; SM, CU, or Apple GPU core",unresolved,unresolved,original_author_dataset,,,,,,,,not_applicable_cpu,,No supported value found; retained as an explicit blank.
obs-cpu-single-thread-normalized-cornell-amd-athlon-64-5000-brisbane-2006-06-01,cornell-amd-athlon-64-5000-brisbane-2006-06-01,Athlon 64 5000+ (Brisbane),AMD,historical processor dataset,cpu,cpu,2006-06-01,2006.416667,cpu_single_thread_normalized,10.4,normalized single-core index (legacy SPEC scale),one-copy benchmark normalized by the documented suite-specific continuity rule,normalized,high,primary,,,Stanford/Cornell normalized SPECint2006-equivalent performance,,,{},,eligible,https://github.com/cornell-brg/processor-trends/blob/main/data/processor-trends.csv#L58; https://github.com/cornell-brg/processor-trends,"Matched against the cleaned Cornell processor-trends source derived from and independently checked against the Stanford/Horowitz data. Copied from the Cornell normalized-performance field, which follows the Stanford cross-suite SPECint normalization method."
obs-cpu-multicore-rate2000-int-base-cornell-amd-athlon-64-5000-brisbane-2006-06-01,cornell-amd-athlon-64-5000-brisbane-2006-06-01,Athlon 64 5000+ (Brisbane),AMD,historical processor dataset,cpu,cpu,2006-06-01,2006.416667,cpu_multicore_rate2000_int_base,,SPECint_rate_base2000 (one chip),measured integer throughput of one CPU package in a published system,unresolved,unresolved,original_author_dataset,,,,,,,,unresolved,,No supported value found; retained as an explicit blank.
obs-cpu-multicore-rate2006-int-base-cornell-amd-athlon-64-5000-brisbane-2006-06-01,cornell-amd-athlon-64-5000-brisbane-2006-06-01,Athlon 64 5000+ (Brisbane),AMD,historical processor dataset,cpu,cpu,2006-06-01,2006.416667,cpu_multicore_rate2006_int_base,,SPECint_rate_base2006 (one chip),measured integer throughput of one CPU package in a published system,unresolved,unresolved,original_author_dataset,,,,,,,,unresolved,,No supported value found; retained as an explicit blank.
obs-cpu-multicore-rate2017-int-base-cornell-amd-athlon-64-5000-brisbane-2006-06-01,cornell-amd-athlon-64-5000-brisbane-2006-06-01,Athlon 64 5000+ (Brisbane),AMD,historical processor dataset,cpu,cpu,2006-06-01,2006.416667,cpu_multicore_rate2017_int_base,,SPECrate2017_int_base (one chip),measured integer throughput of one CPU package in a published system,unresolved,unresolved,original_author_dataset,,,,,,,,unresolved,,No supported value found; retained as an explicit blank.
obs-cpu-multicore-index-cornell-amd-athlon-64-5000-brisbane-2006-06-01,cornell-amd-athlon-64-5000-brisbane-2006-06-01,Athlon 64 5000+ (Brisbane),AMD,historical processor dataset,cpu,cpu,2006-06-01,2006.416667,cpu_multicore_index,,estimated one-chip throughput index (2003=100),estimated integer-throughput index derived from a measured one-CPU-package SPEC rate,unresolved,unresolved,original_author_dataset,,,,,,,,unresolved,,No supported value found; retained as an explicit blank.
obs-fp32-dense-peak-gflops-cornell-amd-athlon-64-5000-brisbane-2006-06-01,cornell-amd-athlon-64-5000-brisbane-2006-06-01,Athlon 64 5000+ (Brisbane),AMD,historical processor dataset,cpu,cpu,2006-06-01,2006.416667,fp32_dense_peak_gflops,,GFLOP/s,dense non-tensor non-sparse FP32 vector peak,unresolved,unresolved,original_author_dataset,,,,,,,,unresolved,,No supported value found; retained as an explicit blank.
obs-transistors-million-cornell-intel-pentium-d-950-2006-06-01,cornell-intel-pentium-d-950-2006-06-01,Pentium D (950),Intel,historical processor dataset,cpu,cpu,2006-06-01,2006.416667,transistors_million,376,million transistors,device or multi-die package transistor count,direct,high,primary,,,,,,{},,eligible,https://github.com/cornell-brg/processor-trends/blob/main/data/processor-trends.csv#L59; https://github.com/cornell-brg/processor-trends,"Matched against the cleaned Cornell processor-trends source derived from and independently checked against the Stanford/Horowitz data. Copied from the Cornell normalized-performance field, which follows the Stanford cross-suite SPECint normalization method."
obs-frequency-ghz-cornell-intel-pentium-d-950-2006-06-01,cornell-intel-pentium-d-950-2006-06-01,Pentium D (950),Intel,historical processor dataset,cpu,cpu,2006-06-01,2006.416667,frequency_ghz,3.6,GHz,nominal/base clock unless source states otherwise,direct,high,primary,,,,,,{},,eligible,https://github.com/cornell-brg/processor-trends/blob/main/data/processor-trends.csv#L59; https://github.com/cornell-brg/processor-trends,"Matched against the cleaned Cornell processor-trends source derived from and independently checked against the Stanford/Horowitz data. Copied from the Cornell normalized-performance field, which follows the Stanford cross-suite SPECint normalization method."
obs-power-w-cornell-intel-pentium-d-950-2006-06-01,cornell-intel-pentium-d-950-2006-06-01,Pentium D (950),Intel,historical processor dataset,cpu,cpu,2006-06-01,2006.416667,power_w,130,W,CPU TDP,direct,high,primary,,,,,,{},,eligible,https://github.com/cornell-brg/processor-trends/blob/main/data/processor-trends.csv#L59; https://github.com/cornell-brg/processor-trends,"Matched against the cleaned Cornell processor-trends source derived from and independently checked against the Stanford/Horowitz data. Copied from the Cornell normalized-performance field, which follows the Stanford cross-suite SPECint normalization method."
obs-cpu-physical-cores-cornell-intel-pentium-d-950-2006-06-01,cornell-intel-pentium-d-950-2006-06-01,Pentium D (950),Intel,historical processor dataset,cpu,cpu,2006-06-01,2006.416667,cpu_physical_cores,2,physical cores,physical CPU cores,direct,high,primary,,,,,,{},,eligible,https://github.com/cornell-brg/processor-trends/blob/main/data/processor-trends.csv#L59; https://github.com/cornell-brg/processor-trends,"Matched against the cleaned Cornell processor-trends source derived from and independently checked against the Stanford/Horowitz data. Copied from the Cornell normalized-performance field, which follows the Stanford cross-suite SPECint normalization method."
obs-gpu-compute-units-cornell-intel-pentium-d-950-2006-06-01,cornell-intel-pentium-d-950-2006-06-01,Pentium D (950),Intel,historical processor dataset,cpu,cpu,2006-06-01,2006.416667,gpu_compute_units,,SMs / CUs / GPU cores,"vendor-native GPU unit count; SM, CU, or Apple GPU core",unresolved,unresolved,original_author_dataset,,,,,,,,not_applicable_cpu,,No supported value found; retained as an explicit blank.
obs-cpu-single-thread-normalized-cornell-intel-pentium-d-950-2006-06-01,cornell-intel-pentium-d-950-2006-06-01,Pentium D (950),Intel,historical processor dataset,cpu,cpu,2006-06-01,2006.416667,cpu_single_thread_normalized,11.6096,normalized single-core index (legacy SPEC scale),one-copy benchmark normalized by the documented suite-specific continuity rule,normalized,high,primary,,,Stanford/Cornell normalized SPECint2006-equivalent performance,,,{},,eligible,https://github.com/cornell-brg/processor-trends/blob/main/data/processor-trends.csv#L59; https://github.com/cornell-brg/processor-trends,"Matched against the cleaned Cornell processor-trends source derived from and independently checked against the Stanford/Horowitz data. Copied from the Cornell normalized-performance field, which follows the Stanford cross-suite SPECint normalization method."
obs-cpu-multicore-rate2000-int-base-cornell-intel-pentium-d-950-2006-06-01,cornell-intel-pentium-d-950-2006-06-01,Pentium D (950),Intel,historical processor dataset,cpu,cpu,2006-06-01,2006.416667,cpu_multicore_rate2000_int_base,,SPECint_rate_base2000 (one chip),measured integer throughput of one CPU package in a published system,unresolved,unresolved,original_author_dataset,,,,,,,,unresolved,,No supported value found; retained as an explicit blank.
obs-cpu-multicore-rate2006-int-base-cornell-intel-pentium-d-950-2006-06-01,cornell-intel-pentium-d-950-2006-06-01,Pentium D (950),Intel,historical processor dataset,cpu,cpu,2006-06-01,2006.416667,cpu_multicore_rate2006_int_base,,SPECint_rate_base2006 (one chip),measured integer throughput of one CPU package in a published system,unresolved,unresolved,original_author_dataset,,,,,,,,unresolved,,No supported value found; retained as an explicit blank.
obs-cpu-multicore-rate2017-int-base-cornell-intel-pentium-d-950-2006-06-01,cornell-intel-pentium-d-950-2006-06-01,Pentium D (950),Intel,historical processor dataset,cpu,cpu,2006-06-01,2006.416667,cpu_multicore_rate2017_int_base,,SPECrate2017_int_base (one chip),measured integer throughput of one CPU package in a published system,unresolved,unresolved,original_author_dataset,,,,,,,,unresolved,,No supported value found; retained as an explicit blank.
obs-cpu-multicore-index-cornell-intel-pentium-d-950-2006-06-01,cornell-intel-pentium-d-950-2006-06-01,Pentium D (950),Intel,historical processor dataset,cpu,cpu,2006-06-01,2006.416667,cpu_multicore_index,,estimated one-chip throughput index (2003=100),estimated integer-throughput index derived from a measured one-CPU-package SPEC rate,unresolved,unresolved,original_author_dataset,,,,,,,,unresolved,,No supported value found; retained as an explicit blank.
obs-fp32-dense-peak-gflops-cornell-intel-pentium-d-950-2006-06-01,cornell-intel-pentium-d-950-2006-06-01,Pentium D (950),Intel,historical processor dataset,cpu,cpu,2006-06-01,2006.416667,fp32_dense_peak_gflops,,GFLOP/s,dense non-tensor non-sparse FP32 vector peak,unresolved,unresolved,original_author_dataset,,,,,,,,unresolved,,No supported value found; retained as an explicit blank.
obs-transistors-million-cornell-amd-athlon-64-fx-62-windsor-2006-07-01,cornell-amd-athlon-64-fx-62-windsor-2006-07-01,Athlon 64 FX-62 (Windsor),AMD,historical processor dataset,cpu,cpu,2006-07-01,2006.500000,transistors_million,243,million transistors,device or multi-die package transistor count,direct,high,primary,,,,,,{},,eligible,https://github.com/cornell-brg/processor-trends/blob/main/data/processor-trends.csv#L60; https://github.com/cornell-brg/processor-trends,"Matched against the cleaned Cornell processor-trends source derived from and independently checked against the Stanford/Horowitz data. Copied from the Cornell normalized-performance field, which follows the Stanford cross-suite SPECint normalization method."
obs-frequency-ghz-cornell-amd-athlon-64-fx-62-windsor-2006-07-01,cornell-amd-athlon-64-fx-62-windsor-2006-07-01,Athlon 64 FX-62 (Windsor),AMD,historical processor dataset,cpu,cpu,2006-07-01,2006.500000,frequency_ghz,2.8,GHz,nominal/base clock unless source states otherwise,direct,high,primary,,,,,,{},,eligible,https://github.com/cornell-brg/processor-trends/blob/main/data/processor-trends.csv#L60; https://github.com/cornell-brg/processor-trends,"Matched against the cleaned Cornell processor-trends source derived from and independently checked against the Stanford/Horowitz data. Copied from the Cornell normalized-performance field, which follows the Stanford cross-suite SPECint normalization method."
obs-power-w-cornell-amd-athlon-64-fx-62-windsor-2006-07-01,cornell-amd-athlon-64-fx-62-windsor-2006-07-01,Athlon 64 FX-62 (Windsor),AMD,historical processor dataset,cpu,cpu,2006-07-01,2006.500000,power_w,125,W,CPU TDP,direct,high,primary,,,,,,{},,eligible,https://github.com/cornell-brg/processor-trends/blob/main/data/processor-trends.csv#L60; https://github.com/cornell-brg/processor-trends,"Matched against the cleaned Cornell processor-trends source derived from and independently checked against the Stanford/Horowitz data. Copied from the Cornell normalized-performance field, which follows the Stanford cross-suite SPECint normalization method."
obs-cpu-physical-cores-cornell-amd-athlon-64-fx-62-windsor-2006-07-01,cornell-amd-athlon-64-fx-62-windsor-2006-07-01,Athlon 64 FX-62 (Windsor),AMD,historical processor dataset,cpu,cpu,2006-07-01,2006.500000,cpu_physical_cores,2,physical cores,physical CPU cores,direct,high,primary,,,,,,{},,eligible,https://github.com/cornell-brg/processor-trends/blob/main/data/processor-trends.csv#L60; https://github.com/cornell-brg/processor-trends,"Matched against the cleaned Cornell processor-trends source derived from and independently checked against the Stanford/Horowitz data. Copied from the Cornell normalized-performance field, which follows the Stanford cross-suite SPECint normalization method."
obs-gpu-compute-units-cornell-amd-athlon-64-fx-62-windsor-2006-07-01,cornell-amd-athlon-64-fx-62-windsor-2006-07-01,Athlon 64 FX-62 (Windsor),AMD,historical processor dataset,cpu,cpu,2006-07-01,2006.500000,gpu_compute_units,,SMs / CUs / GPU cores,"vendor-native GPU unit count; SM, CU, or Apple GPU core",unresolved,unresolved,original_author_dataset,,,,,,,,not_applicable_cpu,,No supported value found; retained as an explicit blank.
obs-cpu-single-thread-normalized-cornell-amd-athlon-64-fx-62-windsor-2006-07-01,cornell-amd-athlon-64-fx-62-windsor-2006-07-01,Athlon 64 FX-62 (Windsor),AMD,historical processor dataset,cpu,cpu,2006-07-01,2006.500000,cpu_single_thread_normalized,11.4,normalized single-core index (legacy SPEC scale),one-copy benchmark normalized by the documented suite-specific continuity rule,normalized,high,primary,,,Stanford/Cornell normalized SPECint2006-equivalent performance,,,{},,eligible,https://github.com/cornell-brg/processor-trends/blob/main/data/processor-trends.csv#L60; https://github.com/cornell-brg/processor-trends,"Matched against the cleaned Cornell processor-trends source derived from and independently checked against the Stanford/Horowitz data. Copied from the Cornell normalized-performance field, which follows the Stanford cross-suite SPECint normalization method."
obs-cpu-multicore-rate2000-int-base-cornell-amd-athlon-64-fx-62-windsor-2006-07-01,cornell-amd-athlon-64-fx-62-windsor-2006-07-01,Athlon 64 FX-62 (Windsor),AMD,historical processor dataset,cpu,cpu,2006-07-01,2006.500000,cpu_multicore_rate2000_int_base,43.7,SPECint_rate_base2000 (one chip),measured integer throughput of one CPU package in a published system,measured,direct,primary,SPECint_rate_base2000,43.7,,,,{},,supporting_raw_benchmark_not_plotted,https://open.spec.org/cpu2000/results/res2006q3/cpu2000-20060904-07199.html,Published one-chip system result: ASUS M2N32-SLI Deluxe; hardware availability 2006-07. Score belongs to this tested configuration and this SPEC suite only; scores from other suites are not comparable.
obs-cpu-multicore-rate2006-int-base-cornell-amd-athlon-64-fx-62-windsor-2006-07-01,cornell-amd-athlon-64-fx-62-windsor-2006-07-01,Athlon 64 FX-62 (Windsor),AMD,historical processor dataset,cpu,cpu,2006-07-01,2006.500000,cpu_multicore_rate2006_int_base,,SPECint_rate_base2006 (one chip),measured integer throughput of one CPU package in a published system,unresolved,unresolved,original_author_dataset,,,,,,,,unresolved,,No supported value found; retained as an explicit blank.
obs-cpu-multicore-rate2017-int-base-cornell-amd-athlon-64-fx-62-windsor-2006-07-01,cornell-amd-athlon-64-fx-62-windsor-2006-07-01,Athlon 64 FX-62 (Windsor),AMD,historical processor dataset,cpu,cpu,2006-07-01,2006.500000,cpu_multicore_rate2017_int_base,,SPECrate2017_int_base (one chip),measured integer throughput of one CPU package in a published system,unresolved,unresolved,original_author_dataset,,,,,,,,unresolved,,No supported value found; retained as an explicit blank.
obs-cpu-multicore-index-cornell-amd-athlon-64-fx-62-windsor-2006-07-01,cornell-amd-athlon-64-fx-62-windsor-2006-07-01,Athlon 64 FX-62 (Windsor),AMD,historical processor dataset,cpu,cpu,2006-07-01,2006.500000,cpu_multicore_index,287.5,estimated one-chip throughput index (2003=100),estimated integer-throughput index derived from a measured one-CPU-package SPEC rate,normalized,medium,derived_from_primary,SPECint_rate_base2000,43.7,Educational index; POWER4+ 2003 one-chip SPECint_rate_base2000 15.2 = 100. Bridges use median log ratios of matched one-chip processor results; not an official SPEC conversion.,,,"{""base_index"": 100.0, ""base_score"": 15.2, ""cpu2000_to_cpu2006"": 0.4988558352402746, ""cpu2006_to_cpu2017"": 0.12486988466935224, ""denominator_for_suite"": 15.2, ""raw_score"": 43.7}",base_index * raw_score / denominator_for_suite,eligible,https://open.spec.org/cpu2000/results/res2006q3/cpu2000-20060705-06399.html; https://open.spec.org/cpu2000/results/res2006q3/cpu2000-20060904-07199.html; https://spec.org/cpu2006/results/res2018q1/cpu2006-20171212-51326.pdf; https://www.spec.org/cpu2000/results/res2006q3/cpu2000-20060705-06403.pdf; https://www.spec.org/cpu2006/results/res2006q3/cpu2006-20060904-00079.pdf; https://www.spec.org/cpu2006/results/res2006q3/cpu2006-20060904-00082.pdf; https://www.spec.org/cpu2006/results/res2007q3/cpu2006-20070723-01554.pdf; https://www.spec.org/cpu2006/results/res2017q2/cpu2006-20170529-47129.html; https://www.spec.org/cpu2017/results/res2017q4/cpu2017-20171211-01450.html; https://www.spec.org/cpu2017/results/res2018q1/cpu2017-20171212-01664.html,Estimated cross-suite index from measured one-chip rate. Raw result and all bridge reports are retained; consult cpu-throughput-bridges.json. SPEC does not endorse cross-suite score conversion.
obs-fp32-dense-peak-gflops-cornell-amd-athlon-64-fx-62-windsor-2006-07-01,cornell-amd-athlon-64-fx-62-windsor-2006-07-01,Athlon 64 FX-62 (Windsor),AMD,historical processor dataset,cpu,cpu,2006-07-01,2006.500000,fp32_dense_peak_gflops,,GFLOP/s,dense non-tensor non-sparse FP32 vector peak,unresolved,unresolved,original_author_dataset,,,,,,,,unresolved,,No supported value found; retained as an explicit blank.
obs-transistors-million-cornell-intel-core-2-duo-e6700-2006-07-01,cornell-intel-core-2-duo-e6700-2006-07-01,Core 2 Duo (E6700),Intel,historical processor dataset,cpu,cpu,2006-07-01,2006.500000,transistors_million,582,million transistors,device or multi-die package transistor count,direct,high,primary,,,,,,{},,eligible,https://github.com/cornell-brg/processor-trends/blob/main/data/processor-trends.csv#L62; https://github.com/cornell-brg/processor-trends,"Matched against the cleaned Cornell processor-trends source derived from and independently checked against the Stanford/Horowitz data. Copied from the Cornell normalized-performance field, which follows the Stanford cross-suite SPECint normalization method."
obs-frequency-ghz-cornell-intel-core-2-duo-e6700-2006-07-01,cornell-intel-core-2-duo-e6700-2006-07-01,Core 2 Duo (E6700),Intel,historical processor dataset,cpu,cpu,2006-07-01,2006.500000,frequency_ghz,2.66,GHz,nominal/base clock unless source states otherwise,direct,high,primary,,,,,,{},,eligible,https://github.com/cornell-brg/processor-trends/blob/main/data/processor-trends.csv#L62; https://github.com/cornell-brg/processor-trends,"Matched against the cleaned Cornell processor-trends source derived from and independently checked against the Stanford/Horowitz data. Copied from the Cornell normalized-performance field, which follows the Stanford cross-suite SPECint normalization method."
obs-power-w-cornell-intel-core-2-duo-e6700-2006-07-01,cornell-intel-core-2-duo-e6700-2006-07-01,Core 2 Duo (E6700),Intel,historical processor dataset,cpu,cpu,2006-07-01,2006.500000,power_w,65,W,CPU TDP,direct,high,primary,,,,,,{},,eligible,https://github.com/cornell-brg/processor-trends/blob/main/data/processor-trends.csv#L62; https://github.com/cornell-brg/processor-trends,"Matched against the cleaned Cornell processor-trends source derived from and independently checked against the Stanford/Horowitz data. Copied from the Cornell normalized-performance field, which follows the Stanford cross-suite SPECint normalization method."
obs-cpu-physical-cores-cornell-intel-core-2-duo-e6700-2006-07-01,cornell-intel-core-2-duo-e6700-2006-07-01,Core 2 Duo (E6700),Intel,historical processor dataset,cpu,cpu,2006-07-01,2006.500000,cpu_physical_cores,2,physical cores,physical CPU cores,direct,high,primary,,,,,,{},,eligible,https://github.com/cornell-brg/processor-trends/blob/main/data/processor-trends.csv#L62; https://github.com/cornell-brg/processor-trends,"Matched against the cleaned Cornell processor-trends source derived from and independently checked against the Stanford/Horowitz data. Copied from the Cornell normalized-performance field, which follows the Stanford cross-suite SPECint normalization method."
obs-gpu-compute-units-cornell-intel-core-2-duo-e6700-2006-07-01,cornell-intel-core-2-duo-e6700-2006-07-01,Core 2 Duo (E6700),Intel,historical processor dataset,cpu,cpu,2006-07-01,2006.500000,gpu_compute_units,,SMs / CUs / GPU cores,"vendor-native GPU unit count; SM, CU, or Apple GPU core",unresolved,unresolved,original_author_dataset,,,,,,,,not_applicable_cpu,,No supported value found; retained as an explicit blank.
obs-cpu-single-thread-normalized-cornell-intel-core-2-duo-e6700-2006-07-01,cornell-intel-core-2-duo-e6700-2006-07-01,Core 2 Duo (E6700),Intel,historical processor dataset,cpu,cpu,2006-07-01,2006.500000,cpu_single_thread_normalized,19.8,normalized single-core index (legacy SPEC scale),one-copy benchmark normalized by the documented suite-specific continuity rule,normalized,high,primary,,,Stanford/Cornell normalized SPECint2006-equivalent performance,,,{},,eligible,https://github.com/cornell-brg/processor-trends/blob/main/data/processor-trends.csv#L62; https://github.com/cornell-brg/processor-trends,"Matched against the cleaned Cornell processor-trends source derived from and independently checked against the Stanford/Horowitz data. Copied from the Cornell normalized-performance field, which follows the Stanford cross-suite SPECint normalization method."
obs-cpu-multicore-rate2000-int-base-cornell-intel-core-2-duo-e6700-2006-07-01,cornell-intel-core-2-duo-e6700-2006-07-01,Core 2 Duo (E6700),Intel,historical processor dataset,cpu,cpu,2006-07-01,2006.500000,cpu_multicore_rate2000_int_base,58.7,SPECint_rate_base2000 (one chip),measured integer throughput of one CPU package in a published system,measured,direct,primary,SPECint_rate_base2000,58.7,,,,{},,supporting_raw_benchmark_not_plotted,https://www.spec.org/cpu2000/results/res2006q3/cpu2000-20060705-06403.pdf,Published one-chip system result: Dell Precision Workstation 390; hardware availability 2006-07. Score belongs to this tested configuration and this SPEC suite only; scores from other suites are not comparable.
obs-cpu-multicore-rate2006-int-base-cornell-intel-core-2-duo-e6700-2006-07-01,cornell-intel-core-2-duo-e6700-2006-07-01,Core 2 Duo (E6700),Intel,historical processor dataset,cpu,cpu,2006-07-01,2006.500000,cpu_multicore_rate2006_int_base,,SPECint_rate_base2006 (one chip),measured integer throughput of one CPU package in a published system,unresolved,unresolved,original_author_dataset,,,,,,,,unresolved,,No supported value found; retained as an explicit blank.
obs-cpu-multicore-rate2017-int-base-cornell-intel-core-2-duo-e6700-2006-07-01,cornell-intel-core-2-duo-e6700-2006-07-01,Core 2 Duo (E6700),Intel,historical processor dataset,cpu,cpu,2006-07-01,2006.500000,cpu_multicore_rate2017_int_base,,SPECrate2017_int_base (one chip),measured integer throughput of one CPU package in a published system,unresolved,unresolved,original_author_dataset,,,,,,,,unresolved,,No supported value found; retained as an explicit blank.
obs-cpu-multicore-index-cornell-intel-core-2-duo-e6700-2006-07-01,cornell-intel-core-2-duo-e6700-2006-07-01,Core 2 Duo (E6700),Intel,historical processor dataset,cpu,cpu,2006-07-01,2006.500000,cpu_multicore_index,386.184210526,estimated one-chip throughput index (2003=100),estimated integer-throughput index derived from a measured one-CPU-package SPEC rate,normalized,medium,derived_from_primary,SPECint_rate_base2000,58.7,Educational index; POWER4+ 2003 one-chip SPECint_rate_base2000 15.2 = 100. Bridges use median log ratios of matched one-chip processor results; not an official SPEC conversion.,,,"{""base_index"": 100.0, ""base_score"": 15.2, ""cpu2000_to_cpu2006"": 0.4988558352402746, ""cpu2006_to_cpu2017"": 0.12486988466935224, ""denominator_for_suite"": 15.2, ""raw_score"": 58.7}",base_index * raw_score / denominator_for_suite,eligible,https://open.spec.org/cpu2000/results/res2006q3/cpu2000-20060705-06399.html; https://open.spec.org/cpu2000/results/res2006q3/cpu2000-20060904-07199.html; https://spec.org/cpu2006/results/res2018q1/cpu2006-20171212-51326.pdf; https://www.spec.org/cpu2000/results/res2006q3/cpu2000-20060705-06403.pdf; https://www.spec.org/cpu2006/results/res2006q3/cpu2006-20060904-00079.pdf; https://www.spec.org/cpu2006/results/res2006q3/cpu2006-20060904-00082.pdf; https://www.spec.org/cpu2006/results/res2007q3/cpu2006-20070723-01554.pdf; https://www.spec.org/cpu2006/results/res2017q2/cpu2006-20170529-47129.html; https://www.spec.org/cpu2017/results/res2017q4/cpu2017-20171211-01450.html; https://www.spec.org/cpu2017/results/res2018q1/cpu2017-20171212-01664.html,Estimated cross-suite index from measured one-chip rate. Raw result and all bridge reports are retained; consult cpu-throughput-bridges.json. SPEC does not endorse cross-suite score conversion.
obs-fp32-dense-peak-gflops-cornell-intel-core-2-duo-e6700-2006-07-01,cornell-intel-core-2-duo-e6700-2006-07-01,Core 2 Duo (E6700),Intel,historical processor dataset,cpu,cpu,2006-07-01,2006.500000,fp32_dense_peak_gflops,,GFLOP/s,dense non-tensor non-sparse FP32 vector peak,unresolved,unresolved,original_author_dataset,,,,,,,,unresolved,,No supported value found; retained as an explicit blank.
obs-transistors-million-cornell-intel-core-2-ex-x6800-2006-07-01,cornell-intel-core-2-ex-x6800-2006-07-01,Core 2 Ex (X6800),Intel,historical processor dataset,cpu,cpu,2006-07-01,2006.500000,transistors_million,291,million transistors,device or multi-die package transistor count,direct,high,primary,,,,,,{},,eligible,https://github.com/cornell-brg/processor-trends/blob/main/data/processor-trends.csv#L61; https://github.com/cornell-brg/processor-trends,"Matched against the cleaned Cornell processor-trends source derived from and independently checked against the Stanford/Horowitz data. Copied from the Cornell normalized-performance field, which follows the Stanford cross-suite SPECint normalization method."
obs-frequency-ghz-cornell-intel-core-2-ex-x6800-2006-07-01,cornell-intel-core-2-ex-x6800-2006-07-01,Core 2 Ex (X6800),Intel,historical processor dataset,cpu,cpu,2006-07-01,2006.500000,frequency_ghz,2.8,GHz,nominal/base clock unless source states otherwise,direct,high,primary,,,,,,{},,eligible,https://github.com/cornell-brg/processor-trends/blob/main/data/processor-trends.csv#L61; https://github.com/cornell-brg/processor-trends,"Matched against the cleaned Cornell processor-trends source derived from and independently checked against the Stanford/Horowitz data. Copied from the Cornell normalized-performance field, which follows the Stanford cross-suite SPECint normalization method."
obs-power-w-cornell-intel-core-2-ex-x6800-2006-07-01,cornell-intel-core-2-ex-x6800-2006-07-01,Core 2 Ex (X6800),Intel,historical processor dataset,cpu,cpu,2006-07-01,2006.500000,power_w,75,W,CPU TDP,direct,high,primary,,,,,,{},,eligible,https://github.com/cornell-brg/processor-trends/blob/main/data/processor-trends.csv#L61; https://github.com/cornell-brg/processor-trends,"Matched against the cleaned Cornell processor-trends source derived from and independently checked against the Stanford/Horowitz data. Copied from the Cornell normalized-performance field, which follows the Stanford cross-suite SPECint normalization method."
obs-cpu-physical-cores-cornell-intel-core-2-ex-x6800-2006-07-01,cornell-intel-core-2-ex-x6800-2006-07-01,Core 2 Ex (X6800),Intel,historical processor dataset,cpu,cpu,2006-07-01,2006.500000,cpu_physical_cores,2,physical cores,physical CPU cores,direct,high,primary,,,,,,{},,eligible,https://github.com/cornell-brg/processor-trends/blob/main/data/processor-trends.csv#L61; https://github.com/cornell-brg/processor-trends,"Matched against the cleaned Cornell processor-trends source derived from and independently checked against the Stanford/Horowitz data. Copied from the Cornell normalized-performance field, which follows the Stanford cross-suite SPECint normalization method."
obs-gpu-compute-units-cornell-intel-core-2-ex-x6800-2006-07-01,cornell-intel-core-2-ex-x6800-2006-07-01,Core 2 Ex (X6800),Intel,historical processor dataset,cpu,cpu,2006-07-01,2006.500000,gpu_compute_units,,SMs / CUs / GPU cores,"vendor-native GPU unit count; SM, CU, or Apple GPU core",unresolved,unresolved,original_author_dataset,,,,,,,,not_applicable_cpu,,No supported value found; retained as an explicit blank.
obs-cpu-single-thread-normalized-cornell-intel-core-2-ex-x6800-2006-07-01,cornell-intel-core-2-ex-x6800-2006-07-01,Core 2 Ex (X6800),Intel,historical processor dataset,cpu,cpu,2006-07-01,2006.500000,cpu_single_thread_normalized,21,normalized single-core index (legacy SPEC scale),one-copy benchmark normalized by the documented suite-specific continuity rule,normalized,high,primary,,,Stanford/Cornell normalized SPECint2006-equivalent performance,,,{},,eligible,https://github.com/cornell-brg/processor-trends/blob/main/data/processor-trends.csv#L61; https://github.com/cornell-brg/processor-trends,"Matched against the cleaned Cornell processor-trends source derived from and independently checked against the Stanford/Horowitz data. Copied from the Cornell normalized-performance field, which follows the Stanford cross-suite SPECint normalization method."
obs-cpu-multicore-rate2000-int-base-cornell-intel-core-2-ex-x6800-2006-07-01,cornell-intel-core-2-ex-x6800-2006-07-01,Core 2 Ex (X6800),Intel,historical processor dataset,cpu,cpu,2006-07-01,2006.500000,cpu_multicore_rate2000_int_base,63.5,SPECint_rate_base2000 (one chip),measured integer throughput of one CPU package in a published system,measured,direct,primary,SPECint_rate_base2000,63.5,,,,{},,supporting_raw_benchmark_not_plotted,https://open.spec.org/cpu2000/results/res2006q3/cpu2000-20060705-06399.html,Published one-chip system result: Dell Precision Workstation 390; hardware availability 2006-07. Score belongs to this tested configuration and this SPEC suite only; scores from other suites are not comparable.
obs-cpu-multicore-rate2006-int-base-cornell-intel-core-2-ex-x6800-2006-07-01,cornell-intel-core-2-ex-x6800-2006-07-01,Core 2 Ex (X6800),Intel,historical processor dataset,cpu,cpu,2006-07-01,2006.500000,cpu_multicore_rate2006_int_base,,SPECint_rate_base2006 (one chip),measured integer throughput of one CPU package in a published system,unresolved,unresolved,original_author_dataset,,,,,,,,unresolved,,No supported value found; retained as an explicit blank.
obs-cpu-multicore-rate2017-int-base-cornell-intel-core-2-ex-x6800-2006-07-01,cornell-intel-core-2-ex-x6800-2006-07-01,Core 2 Ex (X6800),Intel,historical processor dataset,cpu,cpu,2006-07-01,2006.500000,cpu_multicore_rate2017_int_base,,SPECrate2017_int_base (one chip),measured integer throughput of one CPU package in a published system,unresolved,unresolved,original_author_dataset,,,,,,,,unresolved,,No supported value found; retained as an explicit blank.
obs-cpu-multicore-index-cornell-intel-core-2-ex-x6800-2006-07-01,cornell-intel-core-2-ex-x6800-2006-07-01,Core 2 Ex (X6800),Intel,historical processor dataset,cpu,cpu,2006-07-01,2006.500000,cpu_multicore_index,417.763157895,estimated one-chip throughput index (2003=100),estimated integer-throughput index derived from a measured one-CPU-package SPEC rate,normalized,medium,derived_from_primary,SPECint_rate_base2000,63.5,Educational index; POWER4+ 2003 one-chip SPECint_rate_base2000 15.2 = 100. Bridges use median log ratios of matched one-chip processor results; not an official SPEC conversion.,,,"{""base_index"": 100.0, ""base_score"": 15.2, ""cpu2000_to_cpu2006"": 0.4988558352402746, ""cpu2006_to_cpu2017"": 0.12486988466935224, ""denominator_for_suite"": 15.2, ""raw_score"": 63.5}",base_index * raw_score / denominator_for_suite,eligible,https://open.spec.org/cpu2000/results/res2006q3/cpu2000-20060705-06399.html; https://open.spec.org/cpu2000/results/res2006q3/cpu2000-20060904-07199.html; https://spec.org/cpu2006/results/res2018q1/cpu2006-20171212-51326.pdf; https://www.spec.org/cpu2000/results/res2006q3/cpu2000-20060705-06403.pdf; https://www.spec.org/cpu2006/results/res2006q3/cpu2006-20060904-00079.pdf; https://www.spec.org/cpu2006/results/res2006q3/cpu2006-20060904-00082.pdf; https://www.spec.org/cpu2006/results/res2007q3/cpu2006-20070723-01554.pdf; https://www.spec.org/cpu2006/results/res2017q2/cpu2006-20170529-47129.html; https://www.spec.org/cpu2017/results/res2017q4/cpu2017-20171211-01450.html; https://www.spec.org/cpu2017/results/res2018q1/cpu2017-20171212-01664.html,Estimated cross-suite index from measured one-chip rate. Raw result and all bridge reports are retained; consult cpu-throughput-bridges.json. SPEC does not endorse cross-suite score conversion.
obs-fp32-dense-peak-gflops-cornell-intel-core-2-ex-x6800-2006-07-01,cornell-intel-core-2-ex-x6800-2006-07-01,Core 2 Ex (X6800),Intel,historical processor dataset,cpu,cpu,2006-07-01,2006.500000,fp32_dense_peak_gflops,,GFLOP/s,dense non-tensor non-sparse FP32 vector peak,unresolved,unresolved,original_author_dataset,,,,,,,,unresolved,,No supported value found; retained as an explicit blank.
obs-transistors-million-cornell-intel-core-duo-t2700-2006-08-01,cornell-intel-core-duo-t2700-2006-08-01,Core Duo (T2700),Intel,historical processor dataset,cpu,cpu,2006-08-01,2006.583333,transistors_million,152,million transistors,device or multi-die package transistor count,direct,high,primary,,,,,,{},,eligible,https://github.com/cornell-brg/processor-trends/blob/main/data/processor-trends.csv#L63; https://github.com/cornell-brg/processor-trends,"Matched against the cleaned Cornell processor-trends source derived from and independently checked against the Stanford/Horowitz data. Copied from the Cornell normalized-performance field, which follows the Stanford cross-suite SPECint normalization method."
obs-frequency-ghz-cornell-intel-core-duo-t2700-2006-08-01,cornell-intel-core-duo-t2700-2006-08-01,Core Duo (T2700),Intel,historical processor dataset,cpu,cpu,2006-08-01,2006.583333,frequency_ghz,2.33,GHz,nominal/base clock unless source states otherwise,direct,high,primary,,,,,,{},,eligible,https://github.com/cornell-brg/processor-trends/blob/main/data/processor-trends.csv#L63; https://github.com/cornell-brg/processor-trends,"Matched against the cleaned Cornell processor-trends source derived from and independently checked against the Stanford/Horowitz data. Copied from the Cornell normalized-performance field, which follows the Stanford cross-suite SPECint normalization method."
obs-power-w-cornell-intel-core-duo-t2700-2006-08-01,cornell-intel-core-duo-t2700-2006-08-01,Core Duo (T2700),Intel,historical processor dataset,cpu,cpu,2006-08-01,2006.583333,power_w,31,W,CPU TDP,direct,high,primary,,,,,,{},,eligible,https://github.com/cornell-brg/processor-trends/blob/main/data/processor-trends.csv#L63; https://github.com/cornell-brg/processor-trends,"Matched against the cleaned Cornell processor-trends source derived from and independently checked against the Stanford/Horowitz data. Copied from the Cornell normalized-performance field, which follows the Stanford cross-suite SPECint normalization method."
obs-cpu-physical-cores-cornell-intel-core-duo-t2700-2006-08-01,cornell-intel-core-duo-t2700-2006-08-01,Core Duo (T2700),Intel,historical processor dataset,cpu,cpu,2006-08-01,2006.583333,cpu_physical_cores,2,physical cores,physical CPU cores,direct,high,primary,,,,,,{},,eligible,https://github.com/cornell-brg/processor-trends/blob/main/data/processor-trends.csv#L63; https://github.com/cornell-brg/processor-trends,"Matched against the cleaned Cornell processor-trends source derived from and independently checked against the Stanford/Horowitz data. Copied from the Cornell normalized-performance field, which follows the Stanford cross-suite SPECint normalization method."
obs-gpu-compute-units-cornell-intel-core-duo-t2700-2006-08-01,cornell-intel-core-duo-t2700-2006-08-01,Core Duo (T2700),Intel,historical processor dataset,cpu,cpu,2006-08-01,2006.583333,gpu_compute_units,,SMs / CUs / GPU cores,"vendor-native GPU unit count; SM, CU, or Apple GPU core",unresolved,unresolved,original_author_dataset,,,,,,,,not_applicable_cpu,,No supported value found; retained as an explicit blank.
obs-cpu-single-thread-normalized-cornell-intel-core-duo-t2700-2006-08-01,cornell-intel-core-duo-t2700-2006-08-01,Core Duo (T2700),Intel,historical processor dataset,cpu,cpu,2006-08-01,2006.583333,cpu_single_thread_normalized,13.1,normalized single-core index (legacy SPEC scale),one-copy benchmark normalized by the documented suite-specific continuity rule,normalized,high,primary,,,Stanford/Cornell normalized SPECint2006-equivalent performance,,,{},,eligible,https://github.com/cornell-brg/processor-trends/blob/main/data/processor-trends.csv#L63; https://github.com/cornell-brg/processor-trends,"Matched against the cleaned Cornell processor-trends source derived from and independently checked against the Stanford/Horowitz data. Copied from the Cornell normalized-performance field, which follows the Stanford cross-suite SPECint normalization method."
obs-cpu-multicore-rate2000-int-base-cornell-intel-core-duo-t2700-2006-08-01,cornell-intel-core-duo-t2700-2006-08-01,Core Duo (T2700),Intel,historical processor dataset,cpu,cpu,2006-08-01,2006.583333,cpu_multicore_rate2000_int_base,,SPECint_rate_base2000 (one chip),measured integer throughput of one CPU package in a published system,unresolved,unresolved,original_author_dataset,,,,,,,,unresolved,,No supported value found; retained as an explicit blank.
obs-cpu-multicore-rate2006-int-base-cornell-intel-core-duo-t2700-2006-08-01,cornell-intel-core-duo-t2700-2006-08-01,Core Duo (T2700),Intel,historical processor dataset,cpu,cpu,2006-08-01,2006.583333,cpu_multicore_rate2006_int_base,,SPECint_rate_base2006 (one chip),measured integer throughput of one CPU package in a published system,unresolved,unresolved,original_author_dataset,,,,,,,,unresolved,,No supported value found; retained as an explicit blank.
obs-cpu-multicore-rate2017-int-base-cornell-intel-core-duo-t2700-2006-08-01,cornell-intel-core-duo-t2700-2006-08-01,Core Duo (T2700),Intel,historical processor dataset,cpu,cpu,2006-08-01,2006.583333,cpu_multicore_rate2017_int_base,,SPECrate2017_int_base (one chip),measured integer throughput of one CPU package in a published system,unresolved,unresolved,original_author_dataset,,,,,,,,unresolved,,No supported value found; retained as an explicit blank.
obs-cpu-multicore-index-cornell-intel-core-duo-t2700-2006-08-01,cornell-intel-core-duo-t2700-2006-08-01,Core Duo (T2700),Intel,historical processor dataset,cpu,cpu,2006-08-01,2006.583333,cpu_multicore_index,,estimated one-chip throughput index (2003=100),estimated integer-throughput index derived from a measured one-CPU-package SPEC rate,unresolved,unresolved,original_author_dataset,,,,,,,,unresolved,,No supported value found; retained as an explicit blank.
obs-fp32-dense-peak-gflops-cornell-intel-core-duo-t2700-2006-08-01,cornell-intel-core-duo-t2700-2006-08-01,Core Duo (T2700),Intel,historical processor dataset,cpu,cpu,2006-08-01,2006.583333,fp32_dense_peak_gflops,,GFLOP/s,dense non-tensor non-sparse FP32 vector peak,unresolved,unresolved,original_author_dataset,,,,,,,,unresolved,,No supported value found; retained as an explicit blank.
obs-transistors-million-nvidia-geforce-8800-gtx,nvidia-geforce-8800-gtx,NVIDIA GeForce 8800 GTX,NVIDIA,client/gaming,gpu,gpu,2006-11-08,2006.852498,transistors_million,681,million transistors,device or multi-die package transistor count,direct,high,primary,,,,,,{},,eligible,https://www.nvidia.com/content/PDF/Geforce_8800/GeForce_8800_GPU_Architecture_Technical_Brief.pdf; https://forums.developer.nvidia.com/t/gpu-vs-cpu-comparison-over-the-last-years/13097,
obs-frequency-ghz-nvidia-geforce-8800-gtx,nvidia-geforce-8800-gtx,NVIDIA GeForce 8800 GTX,NVIDIA,client/gaming,gpu,gpu,2006-11-08,2006.852498,frequency_ghz,1.35,GHz,nominal/base clock unless source states otherwise,direct,direct,primary,,,,,stream-processor clock,{},,eligible,https://www.nvidia.com/content/PDF/Geforce_8800/GeForce_8800_GPU_Architecture_Technical_Brief.pdf; https://forums.developer.nvidia.com/t/gpu-vs-cpu-comparison-over-the-last-years/13097,
obs-power-w-nvidia-geforce-8800-gtx,nvidia-geforce-8800-gtx,NVIDIA GeForce 8800 GTX,NVIDIA,client/gaming,gpu,gpu,2006-11-08,2006.852498,power_w,,W,GPU TBP/TDP,unresolved,unresolved,primary,,,,,,,,unresolved,,No supported value found; retained as an explicit blank.
obs-cpu-physical-cores-nvidia-geforce-8800-gtx,nvidia-geforce-8800-gtx,NVIDIA GeForce 8800 GTX,NVIDIA,client/gaming,gpu,gpu,2006-11-08,2006.852498,cpu_physical_cores,,physical cores,physical CPU cores,unresolved,unresolved,primary,,,,,,,,not_applicable_gpu,,No supported value found; retained as an explicit blank.
obs-gpu-compute-units-nvidia-geforce-8800-gtx,nvidia-geforce-8800-gtx,NVIDIA GeForce 8800 GTX,NVIDIA,client/gaming,gpu,discrete_gpu,2006-11-08,2006.852498,gpu_compute_units,,SMs / CUs / GPU cores,"vendor-native GPU unit count; SM, CU, or Apple GPU core",unresolved,unresolved,primary,,,,,,,,unresolved,,No supported value found; retained as an explicit blank.
obs-cpu-single-thread-normalized-nvidia-geforce-8800-gtx,nvidia-geforce-8800-gtx,NVIDIA GeForce 8800 GTX,NVIDIA,client/gaming,gpu,gpu,2006-11-08,2006.852498,cpu_single_thread_normalized,,normalized single-core index (legacy SPEC scale),one-copy benchmark normalized by the documented suite-specific continuity rule,unresolved,unresolved,primary,,,,,,,,not_applicable_gpu,,No supported value found; retained as an explicit blank.
obs-cpu-multicore-rate2000-int-base-nvidia-geforce-8800-gtx,nvidia-geforce-8800-gtx,NVIDIA GeForce 8800 GTX,NVIDIA,client/gaming,gpu,gpu,2006-11-08,2006.852498,cpu_multicore_rate2000_int_base,,SPECint_rate_base2000 (one chip),measured integer throughput of one CPU package in a published system,unresolved,unresolved,primary,,,,,,,,not_applicable_gpu,,No supported value found; retained as an explicit blank.
obs-cpu-multicore-rate2006-int-base-nvidia-geforce-8800-gtx,nvidia-geforce-8800-gtx,NVIDIA GeForce 8800 GTX,NVIDIA,client/gaming,gpu,gpu,2006-11-08,2006.852498,cpu_multicore_rate2006_int_base,,SPECint_rate_base2006 (one chip),measured integer throughput of one CPU package in a published system,unresolved,unresolved,primary,,,,,,,,not_applicable_gpu,,No supported value found; retained as an explicit blank.
obs-cpu-multicore-rate2017-int-base-nvidia-geforce-8800-gtx,nvidia-geforce-8800-gtx,NVIDIA GeForce 8800 GTX,NVIDIA,client/gaming,gpu,gpu,2006-11-08,2006.852498,cpu_multicore_rate2017_int_base,,SPECrate2017_int_base (one chip),measured integer throughput of one CPU package in a published system,unresolved,unresolved,primary,,,,,,,,not_applicable_gpu,,No supported value found; retained as an explicit blank.
obs-cpu-multicore-index-nvidia-geforce-8800-gtx,nvidia-geforce-8800-gtx,NVIDIA GeForce 8800 GTX,NVIDIA,client/gaming,gpu,gpu,2006-11-08,2006.852498,cpu_multicore_index,,estimated one-chip throughput index (2003=100),estimated integer-throughput index derived from a measured one-CPU-package SPEC rate,unresolved,unresolved,primary,,,,,,,,not_applicable_gpu,,No supported value found; retained as an explicit blank.
obs-fp32-dense-peak-gflops-nvidia-geforce-8800-gtx,nvidia-geforce-8800-gtx,NVIDIA GeForce 8800 GTX,NVIDIA,client/gaming,gpu,discrete_gpu,2006-11-08,2006.852498,fp32_dense_peak_gflops,518,GFLOP/s,dense non-tensor non-sparse FP32 vector peak,direct,direct,primary,,,,FP32 vector dense,,{},,eligible,https://www.nvidia.com/content/PDF/Geforce_8800/GeForce_8800_GPU_Architecture_Technical_Brief.pdf; https://forums.developer.nvidia.com/t/gpu-vs-cpu-comparison-over-the-last-years/13097,
obs-transistors-million-cornell-intel-core-2-ex-qx6800-2007-04-01,cornell-intel-core-2-ex-qx6800-2007-04-01,Core 2 Ex (QX6800),Intel,historical processor dataset,cpu,cpu,2007-04-01,2007.250000,transistors_million,582,million transistors,device or multi-die package transistor count,direct,high,primary,,,,,,{},,eligible,https://github.com/cornell-brg/processor-trends/blob/main/data/processor-trends.csv#L64; https://github.com/cornell-brg/processor-trends; https://www.intel.com/pressroom/archive/releases/2007/20070409comp.htm; https://www.intel.com/pressroom/kits/quickreffam.htm,"Matched against the cleaned Cornell processor-trends source derived from and independently checked against the Stanford/Horowitz data. Copied from the Cornell normalized-performance field, which follows the Stanford cross-suite SPECint normalization method."
obs-frequency-ghz-cornell-intel-core-2-ex-qx6800-2007-04-01,cornell-intel-core-2-ex-qx6800-2007-04-01,Core 2 Ex (QX6800),Intel,historical processor dataset,cpu,cpu,2007-04-01,2007.250000,frequency_ghz,2.93,GHz,nominal/base clock unless source states otherwise,direct,high,primary,,,,,,{},,eligible,https://github.com/cornell-brg/processor-trends/blob/main/data/processor-trends.csv#L64; https://github.com/cornell-brg/processor-trends; https://www.intel.com/pressroom/archive/releases/2007/20070409comp.htm; https://www.intel.com/pressroom/kits/quickreffam.htm,"Matched against the cleaned Cornell processor-trends source derived from and independently checked against the Stanford/Horowitz data. Copied from the Cornell normalized-performance field, which follows the Stanford cross-suite SPECint normalization method."
obs-power-w-cornell-intel-core-2-ex-qx6800-2007-04-01,cornell-intel-core-2-ex-qx6800-2007-04-01,Core 2 Ex (QX6800),Intel,historical processor dataset,cpu,cpu,2007-04-01,2007.250000,power_w,130,W,CPU TDP,direct,high,primary,,,,,,{},,eligible,https://github.com/cornell-brg/processor-trends/blob/main/data/processor-trends.csv#L64; https://github.com/cornell-brg/processor-trends; https://www.intel.com/pressroom/archive/releases/2007/20070409comp.htm; https://www.intel.com/pressroom/kits/quickreffam.htm,"Matched against the cleaned Cornell processor-trends source derived from and independently checked against the Stanford/Horowitz data. Copied from the Cornell normalized-performance field, which follows the Stanford cross-suite SPECint normalization method."
obs-cpu-physical-cores-cornell-intel-core-2-ex-qx6800-2007-04-01,cornell-intel-core-2-ex-qx6800-2007-04-01,Core 2 Ex (QX6800),Intel,historical processor dataset,cpu,cpu,2007-04-01,2007.250000,cpu_physical_cores,4,physical cores,physical CPU cores,direct,high,primary,,,,,,{},,eligible,https://github.com/cornell-brg/processor-trends/blob/main/data/processor-trends.csv#L64; https://github.com/cornell-brg/processor-trends; https://www.intel.com/pressroom/archive/releases/2007/20070409comp.htm; https://www.intel.com/pressroom/kits/quickreffam.htm,"Matched against the cleaned Cornell processor-trends source derived from and independently checked against the Stanford/Horowitz data. Copied from the Cornell normalized-performance field, which follows the Stanford cross-suite SPECint normalization method."
obs-gpu-compute-units-cornell-intel-core-2-ex-qx6800-2007-04-01,cornell-intel-core-2-ex-qx6800-2007-04-01,Core 2 Ex (QX6800),Intel,historical processor dataset,cpu,cpu,2007-04-01,2007.250000,gpu_compute_units,,SMs / CUs / GPU cores,"vendor-native GPU unit count; SM, CU, or Apple GPU core",unresolved,unresolved,original_author_dataset,,,,,,,,not_applicable_cpu,,No supported value found; retained as an explicit blank.
obs-cpu-single-thread-normalized-cornell-intel-core-2-ex-qx6800-2007-04-01,cornell-intel-core-2-ex-qx6800-2007-04-01,Core 2 Ex (QX6800),Intel,historical processor dataset,cpu,cpu,2007-04-01,2007.250000,cpu_single_thread_normalized,22.1,normalized single-core index (legacy SPEC scale),one-copy benchmark normalized by the documented suite-specific continuity rule,normalized,high,primary,,,Stanford/Cornell normalized SPECint2006-equivalent performance,,,{},,eligible,https://github.com/cornell-brg/processor-trends/blob/main/data/processor-trends.csv#L64; https://github.com/cornell-brg/processor-trends; https://www.intel.com/pressroom/archive/releases/2007/20070409comp.htm; https://www.intel.com/pressroom/kits/quickreffam.htm,"Matched against the cleaned Cornell processor-trends source derived from and independently checked against the Stanford/Horowitz data. Copied from the Cornell normalized-performance field, which follows the Stanford cross-suite SPECint normalization method."
obs-cpu-multicore-rate2000-int-base-cornell-intel-core-2-ex-qx6800-2007-04-01,cornell-intel-core-2-ex-qx6800-2007-04-01,Core 2 Ex (QX6800),Intel,historical processor dataset,cpu,cpu,2007-04-01,2007.250000,cpu_multicore_rate2000_int_base,,SPECint_rate_base2000 (one chip),measured integer throughput of one CPU package in a published system,unresolved,unresolved,original_author_dataset,,,,,,,,unresolved,,No supported value found; retained as an explicit blank.
obs-cpu-multicore-rate2006-int-base-cornell-intel-core-2-ex-qx6800-2007-04-01,cornell-intel-core-2-ex-qx6800-2007-04-01,Core 2 Ex (QX6800),Intel,historical processor dataset,cpu,cpu,2007-04-01,2007.250000,cpu_multicore_rate2006_int_base,56.2,SPECint_rate_base2006 (one chip),measured integer throughput of one CPU package in a published system,measured,direct,primary,SPECint_rate_base2006,56.2,,,,{},,supporting_raw_benchmark_not_plotted,https://www.spec.org/cpu2006/results/res2007q4/cpu2006-20071112-02551.html,Published one-chip system result: Intel D975XBX2 motherboard; hardware availability 2007-09. Score belongs to this tested configuration and this SPEC suite only; scores from other suites are not comparable.
obs-cpu-multicore-rate2017-int-base-cornell-intel-core-2-ex-qx6800-2007-04-01,cornell-intel-core-2-ex-qx6800-2007-04-01,Core 2 Ex (QX6800),Intel,historical processor dataset,cpu,cpu,2007-04-01,2007.250000,cpu_multicore_rate2017_int_base,,SPECrate2017_int_base (one chip),measured integer throughput of one CPU package in a published system,unresolved,unresolved,original_author_dataset,,,,,,,,unresolved,,No supported value found; retained as an explicit blank.
obs-cpu-multicore-index-cornell-intel-core-2-ex-qx6800-2007-04-01,cornell-intel-core-2-ex-qx6800-2007-04-01,Core 2 Ex (QX6800),Intel,historical processor dataset,cpu,cpu,2007-04-01,2007.250000,cpu_multicore_index,741.169724771,estimated one-chip throughput index (2003=100),estimated integer-throughput index derived from a measured one-CPU-package SPEC rate,normalized,medium,derived_from_primary,SPECint_rate_base2006,56.2,Educational index; POWER4+ 2003 one-chip SPECint_rate_base2000 15.2 = 100. Bridges use median log ratios of matched one-chip processor results; not an official SPEC conversion.,,,"{""base_index"": 100.0, ""base_score"": 15.2, ""cpu2000_to_cpu2006"": 0.4988558352402746, ""cpu2006_to_cpu2017"": 0.12486988466935224, ""denominator_for_suite"": 7.582608695652174, ""raw_score"": 56.2}",base_index * raw_score / denominator_for_suite,eligible,https://open.spec.org/cpu2000/results/res2006q3/cpu2000-20060705-06399.html; https://open.spec.org/cpu2000/results/res2006q3/cpu2000-20060904-07199.html; https://spec.org/cpu2006/results/res2018q1/cpu2006-20171212-51326.pdf; https://www.spec.org/cpu2000/results/res2006q3/cpu2000-20060705-06403.pdf; https://www.spec.org/cpu2006/results/res2006q3/cpu2006-20060904-00079.pdf; https://www.spec.org/cpu2006/results/res2006q3/cpu2006-20060904-00082.pdf; https://www.spec.org/cpu2006/results/res2007q3/cpu2006-20070723-01554.pdf; https://www.spec.org/cpu2006/results/res2007q4/cpu2006-20071112-02551.html; https://www.spec.org/cpu2006/results/res2017q2/cpu2006-20170529-47129.html; https://www.spec.org/cpu2017/results/res2017q4/cpu2017-20171211-01450.html; https://www.spec.org/cpu2017/results/res2018q1/cpu2017-20171212-01664.html,Estimated cross-suite index from measured one-chip rate. Raw result and all bridge reports are retained; consult cpu-throughput-bridges.json. SPEC does not endorse cross-suite score conversion.
obs-fp32-dense-peak-gflops-cornell-intel-core-2-ex-qx6800-2007-04-01,cornell-intel-core-2-ex-qx6800-2007-04-01,Core 2 Ex (QX6800),Intel,historical processor dataset,cpu,cpu,2007-04-01,2007.250000,fp32_dense_peak_gflops,,GFLOP/s,dense non-tensor non-sparse FP32 vector peak,unresolved,unresolved,original_author_dataset,,,,,,,,unresolved,,No supported value found; retained as an explicit blank.
obs-transistors-million-cornell-ibm-cell-2007-05-05,cornell-ibm-cell-2007-05-05,Cell,IBM,historical processor dataset,cpu,cpu,2007-05-01,2007.333333,transistors_million,234,million transistors,device or multi-die package transistor count,direct,high,primary,,,,,,{},,eligible,https://github.com/cornell-brg/processor-trends/blob/main/data/processor-trends.csv#L65; https://github.com/cornell-brg/processor-trends; https://www.spec.org/cpu2006/,"Matched against the cleaned Cornell processor-trends source derived from and independently checked against the Stanford/Horowitz data. Cell combines one control-oriented PPE with eight specialized SPEs. No official SPECint result for this heterogeneous configuration was found, and its floating-point throughput is not convertible to SPECint."
obs-frequency-ghz-cornell-ibm-cell-2007-05-05,cornell-ibm-cell-2007-05-05,Cell,IBM,historical processor dataset,cpu,cpu,2007-05-01,2007.333333,frequency_ghz,4,GHz,nominal/base clock unless source states otherwise,direct,high,primary,,,,,,{},,eligible,https://github.com/cornell-brg/processor-trends/blob/main/data/processor-trends.csv#L65; https://github.com/cornell-brg/processor-trends; https://www.spec.org/cpu2006/,"Matched against the cleaned Cornell processor-trends source derived from and independently checked against the Stanford/Horowitz data. Cell combines one control-oriented PPE with eight specialized SPEs. No official SPECint result for this heterogeneous configuration was found, and its floating-point throughput is not convertible to SPECint."
obs-power-w-cornell-ibm-cell-2007-05-05,cornell-ibm-cell-2007-05-05,Cell,IBM,historical processor dataset,cpu,cpu,2007-05-01,2007.333333,power_w,100,W,CPU TDP,direct,high,primary,,,,,,{},,eligible,https://github.com/cornell-brg/processor-trends/blob/main/data/processor-trends.csv#L65; https://github.com/cornell-brg/processor-trends; https://www.spec.org/cpu2006/,"Matched against the cleaned Cornell processor-trends source derived from and independently checked against the Stanford/Horowitz data. Cell combines one control-oriented PPE with eight specialized SPEs. No official SPECint result for this heterogeneous configuration was found, and its floating-point throughput is not convertible to SPECint."
obs-cpu-physical-cores-cornell-ibm-cell-2007-05-05,cornell-ibm-cell-2007-05-05,Cell,IBM,historical processor dataset,cpu,cpu,2007-05-01,2007.333333,cpu_physical_cores,9,physical cores,physical CPU cores,direct,high,primary,,,,,,{},,supporting_noncomparable_not_plotted,https://github.com/cornell-brg/processor-trends/blob/main/data/processor-trends.csv#L65; https://github.com/cornell-brg/processor-trends; https://www.spec.org/cpu2006/,"Matched against the cleaned Cornell processor-trends source derived from and independently checked against the Stanford/Horowitz data. Cell combines one control-oriented PPE with eight specialized SPEs. No official SPECint result for this heterogeneous configuration was found, and its floating-point throughput is not convertible to SPECint."
obs-gpu-compute-units-cornell-ibm-cell-2007-05-05,cornell-ibm-cell-2007-05-05,Cell,IBM,historical processor dataset,cpu,cpu,2007-05-01,2007.333333,gpu_compute_units,,SMs / CUs / GPU cores,"vendor-native GPU unit count; SM, CU, or Apple GPU core",unresolved,unresolved,original_author_dataset,,,,,,,,not_applicable_cpu,,No supported value found; retained as an explicit blank.
obs-cpu-single-thread-normalized-cornell-ibm-cell-2007-05-05,cornell-ibm-cell-2007-05-05,Cell,IBM,historical processor dataset,cpu,cpu,2007-05-01,2007.333333,cpu_single_thread_normalized,,normalized single-core index (legacy SPEC scale),one-copy benchmark normalized by the documented suite-specific continuity rule,unresolved,unresolved,original_author_dataset,,,,,,,,unresolved,,No supported value found; retained as an explicit blank.
obs-cpu-multicore-rate2000-int-base-cornell-ibm-cell-2007-05-05,cornell-ibm-cell-2007-05-05,Cell,IBM,historical processor dataset,cpu,cpu,2007-05-01,2007.333333,cpu_multicore_rate2000_int_base,,SPECint_rate_base2000 (one chip),measured integer throughput of one CPU package in a published system,unresolved,unresolved,original_author_dataset,,,,,,,,unresolved,,No supported value found; retained as an explicit blank.
obs-cpu-multicore-rate2006-int-base-cornell-ibm-cell-2007-05-05,cornell-ibm-cell-2007-05-05,Cell,IBM,historical processor dataset,cpu,cpu,2007-05-01,2007.333333,cpu_multicore_rate2006_int_base,,SPECint_rate_base2006 (one chip),measured integer throughput of one CPU package in a published system,unresolved,unresolved,original_author_dataset,,,,,,,,unresolved,,No supported value found; retained as an explicit blank.
obs-cpu-multicore-rate2017-int-base-cornell-ibm-cell-2007-05-05,cornell-ibm-cell-2007-05-05,Cell,IBM,historical processor dataset,cpu,cpu,2007-05-01,2007.333333,cpu_multicore_rate2017_int_base,,SPECrate2017_int_base (one chip),measured integer throughput of one CPU package in a published system,unresolved,unresolved,original_author_dataset,,,,,,,,unresolved,,No supported value found; retained as an explicit blank.
obs-cpu-multicore-index-cornell-ibm-cell-2007-05-05,cornell-ibm-cell-2007-05-05,Cell,IBM,historical processor dataset,cpu,cpu,2007-05-01,2007.333333,cpu_multicore_index,,estimated one-chip throughput index (2003=100),estimated integer-throughput index derived from a measured one-CPU-package SPEC rate,unresolved,unresolved,original_author_dataset,,,,,,,,unresolved,,No supported value found; retained as an explicit blank.
obs-fp32-dense-peak-gflops-cornell-ibm-cell-2007-05-05,cornell-ibm-cell-2007-05-05,Cell,IBM,historical processor dataset,cpu,cpu,2007-05-01,2007.333333,fp32_dense_peak_gflops,,GFLOP/s,dense non-tensor non-sparse FP32 vector peak,unresolved,unresolved,original_author_dataset,,,,,,,,unresolved,,No supported value found; retained as an explicit blank.
obs-transistors-million-cornell-ibm-power6-2007-05-01,cornell-ibm-power6-2007-05-01,Power6,IBM,historical processor dataset,cpu,cpu,2007-05-01,2007.333333,transistors_million,790,million transistors,device or multi-die package transistor count,direct,high,primary,,,,,,{},,eligible,https://github.com/cornell-brg/processor-trends/blob/main/data/processor-trends.csv#L66; https://github.com/cornell-brg/processor-trends; https://research.ibm.com/publications/ibm-power6-microprocessor-physical-design-and-design-methodology; https://public.dhe.ibm.com/solutions/DFO_IBM_Presentation/DFO-IBM-Power6.pdf,"Matched against the cleaned Cornell processor-trends source derived from and independently checked against the Stanford/Horowitz data. Copied from the Cornell normalized-performance field, which follows the Stanford cross-suite SPECint normalization method."
obs-frequency-ghz-cornell-ibm-power6-2007-05-01,cornell-ibm-power6-2007-05-01,Power6,IBM,historical processor dataset,cpu,cpu,2007-05-01,2007.333333,frequency_ghz,4.7,GHz,nominal/base clock unless source states otherwise,direct,high,primary,,,,,,{},,eligible,https://github.com/cornell-brg/processor-trends/blob/main/data/processor-trends.csv#L66; https://github.com/cornell-brg/processor-trends; https://research.ibm.com/publications/ibm-power6-microprocessor-physical-design-and-design-methodology; https://public.dhe.ibm.com/solutions/DFO_IBM_Presentation/DFO-IBM-Power6.pdf,"Matched against the cleaned Cornell processor-trends source derived from and independently checked against the Stanford/Horowitz data. Copied from the Cornell normalized-performance field, which follows the Stanford cross-suite SPECint normalization method."
obs-power-w-cornell-ibm-power6-2007-05-01,cornell-ibm-power6-2007-05-01,Power6,IBM,historical processor dataset,cpu,cpu,2007-05-01,2007.333333,power_w,100,W,CPU TDP,direct,high,primary,,,,,,{},,eligible,https://github.com/cornell-brg/processor-trends/blob/main/data/processor-trends.csv#L66; https://github.com/cornell-brg/processor-trends; https://research.ibm.com/publications/ibm-power6-microprocessor-physical-design-and-design-methodology; https://public.dhe.ibm.com/solutions/DFO_IBM_Presentation/DFO-IBM-Power6.pdf,"Matched against the cleaned Cornell processor-trends source derived from and independently checked against the Stanford/Horowitz data. Copied from the Cornell normalized-performance field, which follows the Stanford cross-suite SPECint normalization method."
obs-cpu-physical-cores-cornell-ibm-power6-2007-05-01,cornell-ibm-power6-2007-05-01,Power6,IBM,historical processor dataset,cpu,cpu,2007-05-01,2007.333333,cpu_physical_cores,2,physical cores,physical CPU cores,direct,high,primary,,,,,,{},,eligible,https://github.com/cornell-brg/processor-trends/blob/main/data/processor-trends.csv#L66; https://github.com/cornell-brg/processor-trends; https://research.ibm.com/publications/ibm-power6-microprocessor-physical-design-and-design-methodology; https://public.dhe.ibm.com/solutions/DFO_IBM_Presentation/DFO-IBM-Power6.pdf,"Matched against the cleaned Cornell processor-trends source derived from and independently checked against the Stanford/Horowitz data. Copied from the Cornell normalized-performance field, which follows the Stanford cross-suite SPECint normalization method."
obs-gpu-compute-units-cornell-ibm-power6-2007-05-01,cornell-ibm-power6-2007-05-01,Power6,IBM,historical processor dataset,cpu,cpu,2007-05-01,2007.333333,gpu_compute_units,,SMs / CUs / GPU cores,"vendor-native GPU unit count; SM, CU, or Apple GPU core",unresolved,unresolved,original_author_dataset,,,,,,,,not_applicable_cpu,,No supported value found; retained as an explicit blank.
obs-cpu-single-thread-normalized-cornell-ibm-power6-2007-05-01,cornell-ibm-power6-2007-05-01,Power6,IBM,historical processor dataset,cpu,cpu,2007-05-01,2007.333333,cpu_single_thread_normalized,17.8,normalized single-core index (legacy SPEC scale),one-copy benchmark normalized by the documented suite-specific continuity rule,normalized,high,primary,,,Stanford/Cornell normalized SPECint2006-equivalent performance,,,{},,eligible,https://github.com/cornell-brg/processor-trends/blob/main/data/processor-trends.csv#L66; https://github.com/cornell-brg/processor-trends; https://research.ibm.com/publications/ibm-power6-microprocessor-physical-design-and-design-methodology; https://public.dhe.ibm.com/solutions/DFO_IBM_Presentation/DFO-IBM-Power6.pdf,"Matched against the cleaned Cornell processor-trends source derived from and independently checked against the Stanford/Horowitz data. Copied from the Cornell normalized-performance field, which follows the Stanford cross-suite SPECint normalization method."
obs-cpu-multicore-rate2000-int-base-cornell-ibm-power6-2007-05-01,cornell-ibm-power6-2007-05-01,Power6,IBM,historical processor dataset,cpu,cpu,2007-05-01,2007.333333,cpu_multicore_rate2000_int_base,,SPECint_rate_base2000 (one chip),measured integer throughput of one CPU package in a published system,unresolved,unresolved,original_author_dataset,,,,,,,,unresolved,,No supported value found; retained as an explicit blank.
obs-cpu-multicore-rate2006-int-base-cornell-ibm-power6-2007-05-01,cornell-ibm-power6-2007-05-01,Power6,IBM,historical processor dataset,cpu,cpu,2007-05-01,2007.333333,cpu_multicore_rate2006_int_base,,SPECint_rate_base2006 (one chip),measured integer throughput of one CPU package in a published system,unresolved,unresolved,original_author_dataset,,,,,,,,unresolved,,No supported value found; retained as an explicit blank.
obs-cpu-multicore-rate2017-int-base-cornell-ibm-power6-2007-05-01,cornell-ibm-power6-2007-05-01,Power6,IBM,historical processor dataset,cpu,cpu,2007-05-01,2007.333333,cpu_multicore_rate2017_int_base,,SPECrate2017_int_base (one chip),measured integer throughput of one CPU package in a published system,unresolved,unresolved,original_author_dataset,,,,,,,,unresolved,,No supported value found; retained as an explicit blank.
obs-cpu-multicore-index-cornell-ibm-power6-2007-05-01,cornell-ibm-power6-2007-05-01,Power6,IBM,historical processor dataset,cpu,cpu,2007-05-01,2007.333333,cpu_multicore_index,,estimated one-chip throughput index (2003=100),estimated integer-throughput index derived from a measured one-CPU-package SPEC rate,unresolved,unresolved,original_author_dataset,,,,,,,,unresolved,,No supported value found; retained as an explicit blank.
obs-fp32-dense-peak-gflops-cornell-ibm-power6-2007-05-01,cornell-ibm-power6-2007-05-01,Power6,IBM,historical processor dataset,cpu,cpu,2007-05-01,2007.333333,fp32_dense_peak_gflops,,GFLOP/s,dense non-tensor non-sparse FP32 vector peak,unresolved,unresolved,original_author_dataset,,,,,,,,unresolved,,No supported value found; retained as an explicit blank.
obs-transistors-million-nvidia-geforce-8800-ultra,nvidia-geforce-8800-ultra,NVIDIA GeForce 8800 Ultra,NVIDIA,client/gaming,gpu,gpu,2007-05-02,2007.336071,transistors_million,681,million transistors,device or multi-die package transistor count,direct,medium,secondary,,,,,,{},,eligible,https://forums.developer.nvidia.com/t/gpu-vs-cpu-comparison-over-the-last-years/13097,
obs-frequency-ghz-nvidia-geforce-8800-ultra,nvidia-geforce-8800-ultra,NVIDIA GeForce 8800 Ultra,NVIDIA,client/gaming,gpu,gpu,2007-05-02,2007.336071,frequency_ghz,,GHz,nominal/base clock unless source states otherwise,unresolved,unresolved,primary,,,,,,,,unresolved,,No supported value found; retained as an explicit blank.
obs-power-w-nvidia-geforce-8800-ultra,nvidia-geforce-8800-ultra,NVIDIA GeForce 8800 Ultra,NVIDIA,client/gaming,gpu,gpu,2007-05-02,2007.336071,power_w,,W,GPU TBP/TDP,unresolved,unresolved,primary,,,,,,,,unresolved,,No supported value found; retained as an explicit blank.
obs-cpu-physical-cores-nvidia-geforce-8800-ultra,nvidia-geforce-8800-ultra,NVIDIA GeForce 8800 Ultra,NVIDIA,client/gaming,gpu,gpu,2007-05-02,2007.336071,cpu_physical_cores,,physical cores,physical CPU cores,unresolved,unresolved,primary,,,,,,,,not_applicable_gpu,,No supported value found; retained as an explicit blank.
obs-gpu-compute-units-nvidia-geforce-8800-ultra,nvidia-geforce-8800-ultra,NVIDIA GeForce 8800 Ultra,NVIDIA,client/gaming,gpu,discrete_gpu,2007-05-02,2007.336071,gpu_compute_units,,SMs / CUs / GPU cores,"vendor-native GPU unit count; SM, CU, or Apple GPU core",unresolved,unresolved,primary,,,,,,,,unresolved,,No supported value found; retained as an explicit blank.
obs-cpu-single-thread-normalized-nvidia-geforce-8800-ultra,nvidia-geforce-8800-ultra,NVIDIA GeForce 8800 Ultra,NVIDIA,client/gaming,gpu,gpu,2007-05-02,2007.336071,cpu_single_thread_normalized,,normalized single-core index (legacy SPEC scale),one-copy benchmark normalized by the documented suite-specific continuity rule,unresolved,unresolved,primary,,,,,,,,not_applicable_gpu,,No supported value found; retained as an explicit blank.
obs-cpu-multicore-rate2000-int-base-nvidia-geforce-8800-ultra,nvidia-geforce-8800-ultra,NVIDIA GeForce 8800 Ultra,NVIDIA,client/gaming,gpu,gpu,2007-05-02,2007.336071,cpu_multicore_rate2000_int_base,,SPECint_rate_base2000 (one chip),measured integer throughput of one CPU package in a published system,unresolved,unresolved,primary,,,,,,,,not_applicable_gpu,,No supported value found; retained as an explicit blank.
obs-cpu-multicore-rate2006-int-base-nvidia-geforce-8800-ultra,nvidia-geforce-8800-ultra,NVIDIA GeForce 8800 Ultra,NVIDIA,client/gaming,gpu,gpu,2007-05-02,2007.336071,cpu_multicore_rate2006_int_base,,SPECint_rate_base2006 (one chip),measured integer throughput of one CPU package in a published system,unresolved,unresolved,primary,,,,,,,,not_applicable_gpu,,No supported value found; retained as an explicit blank.
obs-cpu-multicore-rate2017-int-base-nvidia-geforce-8800-ultra,nvidia-geforce-8800-ultra,NVIDIA GeForce 8800 Ultra,NVIDIA,client/gaming,gpu,gpu,2007-05-02,2007.336071,cpu_multicore_rate2017_int_base,,SPECrate2017_int_base (one chip),measured integer throughput of one CPU package in a published system,unresolved,unresolved,primary,,,,,,,,not_applicable_gpu,,No supported value found; retained as an explicit blank.
obs-cpu-multicore-index-nvidia-geforce-8800-ultra,nvidia-geforce-8800-ultra,NVIDIA GeForce 8800 Ultra,NVIDIA,client/gaming,gpu,gpu,2007-05-02,2007.336071,cpu_multicore_index,,estimated one-chip throughput index (2003=100),estimated integer-throughput index derived from a measured one-CPU-package SPEC rate,unresolved,unresolved,primary,,,,,,,,not_applicable_gpu,,No supported value found; retained as an explicit blank.
obs-fp32-dense-peak-gflops-nvidia-geforce-8800-ultra,nvidia-geforce-8800-ultra,NVIDIA GeForce 8800 Ultra,NVIDIA,client/gaming,gpu,discrete_gpu,2007-05-02,2007.336071,fp32_dense_peak_gflops,576,GFLOP/s,dense non-tensor non-sparse FP32 vector peak,direct,medium,secondary,,,,FP32 vector dense,,{},,eligible,https://forums.developer.nvidia.com/t/gpu-vs-cpu-comparison-over-the-last-years/13097,
obs-transistors-million-cornell-amd-turion-64-x2-tl-60-tyler-2007-06-01,cornell-amd-turion-64-x2-tl-60-tyler-2007-06-01,Turion 64 X2 TL-60 (Tyler),AMD,historical processor dataset,cpu,cpu,2007-06-01,2007.416667,transistors_million,114,million transistors,device or multi-die package transistor count,direct,high,primary,,,,,,{},,eligible,https://github.com/cornell-brg/processor-trends/blob/main/data/processor-trends.csv#L67; https://github.com/cornell-brg/processor-trends,"Matched against the cleaned Cornell processor-trends source derived from and independently checked against the Stanford/Horowitz data. Copied from the Cornell normalized-performance field, which follows the Stanford cross-suite SPECint normalization method."
obs-frequency-ghz-cornell-amd-turion-64-x2-tl-60-tyler-2007-06-01,cornell-amd-turion-64-x2-tl-60-tyler-2007-06-01,Turion 64 X2 TL-60 (Tyler),AMD,historical processor dataset,cpu,cpu,2007-06-01,2007.416667,frequency_ghz,2,GHz,nominal/base clock unless source states otherwise,direct,high,primary,,,,,,{},,eligible,https://github.com/cornell-brg/processor-trends/blob/main/data/processor-trends.csv#L67; https://github.com/cornell-brg/processor-trends,"Matched against the cleaned Cornell processor-trends source derived from and independently checked against the Stanford/Horowitz data. Copied from the Cornell normalized-performance field, which follows the Stanford cross-suite SPECint normalization method."
obs-power-w-cornell-amd-turion-64-x2-tl-60-tyler-2007-06-01,cornell-amd-turion-64-x2-tl-60-tyler-2007-06-01,Turion 64 X2 TL-60 (Tyler),AMD,historical processor dataset,cpu,cpu,2007-06-01,2007.416667,power_w,31,W,CPU TDP,direct,high,primary,,,,,,{},,eligible,https://github.com/cornell-brg/processor-trends/blob/main/data/processor-trends.csv#L67; https://github.com/cornell-brg/processor-trends,"Matched against the cleaned Cornell processor-trends source derived from and independently checked against the Stanford/Horowitz data. Copied from the Cornell normalized-performance field, which follows the Stanford cross-suite SPECint normalization method."
obs-cpu-physical-cores-cornell-amd-turion-64-x2-tl-60-tyler-2007-06-01,cornell-amd-turion-64-x2-tl-60-tyler-2007-06-01,Turion 64 X2 TL-60 (Tyler),AMD,historical processor dataset,cpu,cpu,2007-06-01,2007.416667,cpu_physical_cores,2,physical cores,physical CPU cores,direct,high,primary,,,,,,{},,eligible,https://github.com/cornell-brg/processor-trends/blob/main/data/processor-trends.csv#L67; https://github.com/cornell-brg/processor-trends,"Matched against the cleaned Cornell processor-trends source derived from and independently checked against the Stanford/Horowitz data. Copied from the Cornell normalized-performance field, which follows the Stanford cross-suite SPECint normalization method."
obs-gpu-compute-units-cornell-amd-turion-64-x2-tl-60-tyler-2007-06-01,cornell-amd-turion-64-x2-tl-60-tyler-2007-06-01,Turion 64 X2 TL-60 (Tyler),AMD,historical processor dataset,cpu,cpu,2007-06-01,2007.416667,gpu_compute_units,,SMs / CUs / GPU cores,"vendor-native GPU unit count; SM, CU, or Apple GPU core",unresolved,unresolved,original_author_dataset,,,,,,,,not_applicable_cpu,,No supported value found; retained as an explicit blank.
obs-cpu-single-thread-normalized-cornell-amd-turion-64-x2-tl-60-tyler-2007-06-01,cornell-amd-turion-64-x2-tl-60-tyler-2007-06-01,Turion 64 X2 TL-60 (Tyler),AMD,historical processor dataset,cpu,cpu,2007-06-01,2007.416667,cpu_single_thread_normalized,7.7,normalized single-core index (legacy SPEC scale),one-copy benchmark normalized by the documented suite-specific continuity rule,normalized,high,primary,,,Stanford/Cornell normalized SPECint2006-equivalent performance,,,{},,eligible,https://github.com/cornell-brg/processor-trends/blob/main/data/processor-trends.csv#L67; https://github.com/cornell-brg/processor-trends,"Matched against the cleaned Cornell processor-trends source derived from and independently checked against the Stanford/Horowitz data. Copied from the Cornell normalized-performance field, which follows the Stanford cross-suite SPECint normalization method."
obs-cpu-multicore-rate2000-int-base-cornell-amd-turion-64-x2-tl-60-tyler-2007-06-01,cornell-amd-turion-64-x2-tl-60-tyler-2007-06-01,Turion 64 X2 TL-60 (Tyler),AMD,historical processor dataset,cpu,cpu,2007-06-01,2007.416667,cpu_multicore_rate2000_int_base,,SPECint_rate_base2000 (one chip),measured integer throughput of one CPU package in a published system,unresolved,unresolved,original_author_dataset,,,,,,,,unresolved,,No supported value found; retained as an explicit blank.
obs-cpu-multicore-rate2006-int-base-cornell-amd-turion-64-x2-tl-60-tyler-2007-06-01,cornell-amd-turion-64-x2-tl-60-tyler-2007-06-01,Turion 64 X2 TL-60 (Tyler),AMD,historical processor dataset,cpu,cpu,2007-06-01,2007.416667,cpu_multicore_rate2006_int_base,,SPECint_rate_base2006 (one chip),measured integer throughput of one CPU package in a published system,unresolved,unresolved,original_author_dataset,,,,,,,,unresolved,,No supported value found; retained as an explicit blank.
obs-cpu-multicore-rate2017-int-base-cornell-amd-turion-64-x2-tl-60-tyler-2007-06-01,cornell-amd-turion-64-x2-tl-60-tyler-2007-06-01,Turion 64 X2 TL-60 (Tyler),AMD,historical processor dataset,cpu,cpu,2007-06-01,2007.416667,cpu_multicore_rate2017_int_base,,SPECrate2017_int_base (one chip),measured integer throughput of one CPU package in a published system,unresolved,unresolved,original_author_dataset,,,,,,,,unresolved,,No supported value found; retained as an explicit blank.
obs-cpu-multicore-index-cornell-amd-turion-64-x2-tl-60-tyler-2007-06-01,cornell-amd-turion-64-x2-tl-60-tyler-2007-06-01,Turion 64 X2 TL-60 (Tyler),AMD,historical processor dataset,cpu,cpu,2007-06-01,2007.416667,cpu_multicore_index,,estimated one-chip throughput index (2003=100),estimated integer-throughput index derived from a measured one-CPU-package SPEC rate,unresolved,unresolved,original_author_dataset,,,,,,,,unresolved,,No supported value found; retained as an explicit blank.
obs-fp32-dense-peak-gflops-cornell-amd-turion-64-x2-tl-60-tyler-2007-06-01,cornell-amd-turion-64-x2-tl-60-tyler-2007-06-01,Turion 64 X2 TL-60 (Tyler),AMD,historical processor dataset,cpu,cpu,2007-06-01,2007.416667,fp32_dense_peak_gflops,,GFLOP/s,dense non-tensor non-sparse FP32 vector peak,unresolved,unresolved,original_author_dataset,,,,,,,,unresolved,,No supported value found; retained as an explicit blank.
obs-transistors-million-cornell-sun-ultrasparc-t2-niagara-2-2007-07-01,cornell-sun-ultrasparc-t2-niagara-2-2007-07-01,UltraSparc T2 (Niagara 2),Sun,historical processor dataset,cpu,cpu,2007-07-01,2007.500000,transistors_million,503,million transistors,device or multi-die package transistor count,direct,high,primary,,,,,,{},,eligible,https://github.com/cornell-brg/processor-trends/blob/main/data/processor-trends.csv#L68; https://github.com/cornell-brg/processor-trends; https://www.oracle.com/docs/tech/systems/02-t2-a-sscc2007.pdf; https://www.oracle.com/servers/technologies/opensparc-t2-page.html; https://www.spec.org/cpu2006/results/res2007q4/cpu2006-20071009-02247.html,"Matched against the cleaned Cornell processor-trends source derived from and independently checked against the Stanford/Horowitz data. Estimated as 78.5 / 8 physical cores = 9.8125 for the matching 1.417 GHz UltraSPARC T2 system. This is a per-core throughput proxy, not a submitted SPECint2006 speed result."
obs-frequency-ghz-cornell-sun-ultrasparc-t2-niagara-2-2007-07-01,cornell-sun-ultrasparc-t2-niagara-2-2007-07-01,UltraSparc T2 (Niagara 2),Sun,historical processor dataset,cpu,cpu,2007-07-01,2007.500000,frequency_ghz,1.4,GHz,nominal/base clock unless source states otherwise,direct,high,primary,,,,,,{},,eligible,https://github.com/cornell-brg/processor-trends/blob/main/data/processor-trends.csv#L68; https://github.com/cornell-brg/processor-trends; https://www.oracle.com/docs/tech/systems/02-t2-a-sscc2007.pdf; https://www.oracle.com/servers/technologies/opensparc-t2-page.html; https://www.spec.org/cpu2006/results/res2007q4/cpu2006-20071009-02247.html,"Matched against the cleaned Cornell processor-trends source derived from and independently checked against the Stanford/Horowitz data. Estimated as 78.5 / 8 physical cores = 9.8125 for the matching 1.417 GHz UltraSPARC T2 system. This is a per-core throughput proxy, not a submitted SPECint2006 speed result."
obs-power-w-cornell-sun-ultrasparc-t2-niagara-2-2007-07-01,cornell-sun-ultrasparc-t2-niagara-2-2007-07-01,UltraSparc T2 (Niagara 2),Sun,historical processor dataset,cpu,cpu,2007-07-01,2007.500000,power_w,84,W,CPU TDP,direct,high,primary,,,,,,{},,eligible,https://github.com/cornell-brg/processor-trends/blob/main/data/processor-trends.csv#L68; https://github.com/cornell-brg/processor-trends; https://www.oracle.com/docs/tech/systems/02-t2-a-sscc2007.pdf; https://www.oracle.com/servers/technologies/opensparc-t2-page.html; https://www.spec.org/cpu2006/results/res2007q4/cpu2006-20071009-02247.html,"Matched against the cleaned Cornell processor-trends source derived from and independently checked against the Stanford/Horowitz data. Estimated as 78.5 / 8 physical cores = 9.8125 for the matching 1.417 GHz UltraSPARC T2 system. This is a per-core throughput proxy, not a submitted SPECint2006 speed result."
obs-cpu-physical-cores-cornell-sun-ultrasparc-t2-niagara-2-2007-07-01,cornell-sun-ultrasparc-t2-niagara-2-2007-07-01,UltraSparc T2 (Niagara 2),Sun,historical processor dataset,cpu,cpu,2007-07-01,2007.500000,cpu_physical_cores,8,physical cores,physical CPU cores,direct,high,primary,,,,,,{},,eligible,https://github.com/cornell-brg/processor-trends/blob/main/data/processor-trends.csv#L68; https://github.com/cornell-brg/processor-trends; https://www.oracle.com/docs/tech/systems/02-t2-a-sscc2007.pdf; https://www.oracle.com/servers/technologies/opensparc-t2-page.html; https://www.spec.org/cpu2006/results/res2007q4/cpu2006-20071009-02247.html,"Matched against the cleaned Cornell processor-trends source derived from and independently checked against the Stanford/Horowitz data. Estimated as 78.5 / 8 physical cores = 9.8125 for the matching 1.417 GHz UltraSPARC T2 system. This is a per-core throughput proxy, not a submitted SPECint2006 speed result."
obs-gpu-compute-units-cornell-sun-ultrasparc-t2-niagara-2-2007-07-01,cornell-sun-ultrasparc-t2-niagara-2-2007-07-01,UltraSparc T2 (Niagara 2),Sun,historical processor dataset,cpu,cpu,2007-07-01,2007.500000,gpu_compute_units,,SMs / CUs / GPU cores,"vendor-native GPU unit count; SM, CU, or Apple GPU core",unresolved,unresolved,original_author_dataset,,,,,,,,not_applicable_cpu,,No supported value found; retained as an explicit blank.
obs-cpu-single-thread-normalized-cornell-sun-ultrasparc-t2-niagara-2-2007-07-01,cornell-sun-ultrasparc-t2-niagara-2-2007-07-01,UltraSparc T2 (Niagara 2),Sun,historical processor dataset,cpu,cpu,2007-07-01,2007.500000,cpu_single_thread_normalized,9.8,normalized single-core index (legacy SPEC scale),one-copy benchmark normalized by the documented suite-specific continuity rule,normalized,medium,primary,,,SPECint_rate2006 peak divided by physical cores,,,{},,eligible,https://github.com/cornell-brg/processor-trends/blob/main/data/processor-trends.csv#L68; https://github.com/cornell-brg/processor-trends; https://www.oracle.com/docs/tech/systems/02-t2-a-sscc2007.pdf; https://www.oracle.com/servers/technologies/opensparc-t2-page.html; https://www.spec.org/cpu2006/results/res2007q4/cpu2006-20071009-02247.html,"Matched against the cleaned Cornell processor-trends source derived from and independently checked against the Stanford/Horowitz data. Estimated as 78.5 / 8 physical cores = 9.8125 for the matching 1.417 GHz UltraSPARC T2 system. This is a per-core throughput proxy, not a submitted SPECint2006 speed result."
obs-cpu-multicore-rate2000-int-base-cornell-sun-ultrasparc-t2-niagara-2-2007-07-01,cornell-sun-ultrasparc-t2-niagara-2-2007-07-01,UltraSparc T2 (Niagara 2),Sun,historical processor dataset,cpu,cpu,2007-07-01,2007.500000,cpu_multicore_rate2000_int_base,,SPECint_rate_base2000 (one chip),measured integer throughput of one CPU package in a published system,unresolved,unresolved,original_author_dataset,,,,,,,,unresolved,,No supported value found; retained as an explicit blank.
obs-cpu-multicore-rate2006-int-base-cornell-sun-ultrasparc-t2-niagara-2-2007-07-01,cornell-sun-ultrasparc-t2-niagara-2-2007-07-01,UltraSparc T2 (Niagara 2),Sun,historical processor dataset,cpu,cpu,2007-07-01,2007.500000,cpu_multicore_rate2006_int_base,73,SPECint_rate_base2006 (one chip),measured integer throughput of one CPU package in a published system,measured,direct,primary,SPECint_rate_base2006,73.0,,,,{},,supporting_raw_benchmark_not_plotted,https://www.spec.org/cpu2006/results/res2007q4/cpu2006-20071009-02247.html,Published one-chip system result: Sun SPARC Enterprise T5120; hardware availability 2007-10. Score belongs to this tested configuration and this SPEC suite only; scores from other suites are not comparable.
obs-cpu-multicore-rate2017-int-base-cornell-sun-ultrasparc-t2-niagara-2-2007-07-01,cornell-sun-ultrasparc-t2-niagara-2-2007-07-01,UltraSparc T2 (Niagara 2),Sun,historical processor dataset,cpu,cpu,2007-07-01,2007.500000,cpu_multicore_rate2017_int_base,,SPECrate2017_int_base (one chip),measured integer throughput of one CPU package in a published system,unresolved,unresolved,original_author_dataset,,,,,,,,unresolved,,No supported value found; retained as an explicit blank.
obs-cpu-multicore-index-cornell-sun-ultrasparc-t2-niagara-2-2007-07-01,cornell-sun-ultrasparc-t2-niagara-2-2007-07-01,UltraSparc T2 (Niagara 2),Sun,historical processor dataset,cpu,cpu,2007-07-01,2007.500000,cpu_multicore_index,962.729357798,estimated one-chip throughput index (2003=100),estimated integer-throughput index derived from a measured one-CPU-package SPEC rate,normalized,medium,derived_from_primary,SPECint_rate_base2006,73.0,Educational index; POWER4+ 2003 one-chip SPECint_rate_base2000 15.2 = 100. Bridges use median log ratios of matched one-chip processor results; not an official SPEC conversion.,,,"{""base_index"": 100.0, ""base_score"": 15.2, ""cpu2000_to_cpu2006"": 0.4988558352402746, ""cpu2006_to_cpu2017"": 0.12486988466935224, ""denominator_for_suite"": 7.582608695652174, ""raw_score"": 73.0}",base_index * raw_score / denominator_for_suite,eligible,https://open.spec.org/cpu2000/results/res2006q3/cpu2000-20060705-06399.html; https://open.spec.org/cpu2000/results/res2006q3/cpu2000-20060904-07199.html; https://spec.org/cpu2006/results/res2018q1/cpu2006-20171212-51326.pdf; https://www.spec.org/cpu2000/results/res2006q3/cpu2000-20060705-06403.pdf; https://www.spec.org/cpu2006/results/res2006q3/cpu2006-20060904-00079.pdf; https://www.spec.org/cpu2006/results/res2006q3/cpu2006-20060904-00082.pdf; https://www.spec.org/cpu2006/results/res2007q3/cpu2006-20070723-01554.pdf; https://www.spec.org/cpu2006/results/res2007q4/cpu2006-20071009-02247.html; https://www.spec.org/cpu2006/results/res2017q2/cpu2006-20170529-47129.html; https://www.spec.org/cpu2017/results/res2017q4/cpu2017-20171211-01450.html; https://www.spec.org/cpu2017/results/res2018q1/cpu2017-20171212-01664.html,Estimated cross-suite index from measured one-chip rate. Raw result and all bridge reports are retained; consult cpu-throughput-bridges.json. SPEC does not endorse cross-suite score conversion.
obs-fp32-dense-peak-gflops-cornell-sun-ultrasparc-t2-niagara-2-2007-07-01,cornell-sun-ultrasparc-t2-niagara-2-2007-07-01,UltraSparc T2 (Niagara 2),Sun,historical processor dataset,cpu,cpu,2007-07-01,2007.500000,fp32_dense_peak_gflops,,GFLOP/s,dense non-tensor non-sparse FP32 vector peak,unresolved,unresolved,original_author_dataset,,,,,,,,unresolved,,No supported value found; retained as an explicit blank.
obs-transistors-million-cornell-amd-opteron-8350-2007-09-01,cornell-amd-opteron-8350-2007-09-01,Opteron 8350,AMD,historical processor dataset,cpu,cpu,2007-09-01,2007.666667,transistors_million,463,million transistors,device or multi-die package transistor count,direct,high,primary,,,,,,{},,eligible,https://github.com/cornell-brg/processor-trends/blob/main/data/processor-trends.csv#L70; https://github.com/cornell-brg/processor-trends,"Matched against the cleaned Cornell processor-trends source derived from and independently checked against the Stanford/Horowitz data. Copied from the Cornell normalized-performance field, which follows the Stanford cross-suite SPECint normalization method."
obs-frequency-ghz-cornell-amd-opteron-8350-2007-09-01,cornell-amd-opteron-8350-2007-09-01,Opteron 8350,AMD,historical processor dataset,cpu,cpu,2007-09-01,2007.666667,frequency_ghz,2,GHz,nominal/base clock unless source states otherwise,direct,high,primary,,,,,,{},,eligible,https://github.com/cornell-brg/processor-trends/blob/main/data/processor-trends.csv#L70; https://github.com/cornell-brg/processor-trends,"Matched against the cleaned Cornell processor-trends source derived from and independently checked against the Stanford/Horowitz data. Copied from the Cornell normalized-performance field, which follows the Stanford cross-suite SPECint normalization method."
obs-power-w-cornell-amd-opteron-8350-2007-09-01,cornell-amd-opteron-8350-2007-09-01,Opteron 8350,AMD,historical processor dataset,cpu,cpu,2007-09-01,2007.666667,power_w,75,W,CPU TDP,direct,high,primary,,,,,,{},,eligible,https://github.com/cornell-brg/processor-trends/blob/main/data/processor-trends.csv#L70; https://github.com/cornell-brg/processor-trends,"Matched against the cleaned Cornell processor-trends source derived from and independently checked against the Stanford/Horowitz data. Copied from the Cornell normalized-performance field, which follows the Stanford cross-suite SPECint normalization method."
obs-cpu-physical-cores-cornell-amd-opteron-8350-2007-09-01,cornell-amd-opteron-8350-2007-09-01,Opteron 8350,AMD,historical processor dataset,cpu,cpu,2007-09-01,2007.666667,cpu_physical_cores,4,physical cores,physical CPU cores,direct,high,primary,,,,,,{},,eligible,https://github.com/cornell-brg/processor-trends/blob/main/data/processor-trends.csv#L70; https://github.com/cornell-brg/processor-trends,"Matched against the cleaned Cornell processor-trends source derived from and independently checked against the Stanford/Horowitz data. Copied from the Cornell normalized-performance field, which follows the Stanford cross-suite SPECint normalization method."
obs-gpu-compute-units-cornell-amd-opteron-8350-2007-09-01,cornell-amd-opteron-8350-2007-09-01,Opteron 8350,AMD,historical processor dataset,cpu,cpu,2007-09-01,2007.666667,gpu_compute_units,,SMs / CUs / GPU cores,"vendor-native GPU unit count; SM, CU, or Apple GPU core",unresolved,unresolved,original_author_dataset,,,,,,,,not_applicable_cpu,,No supported value found; retained as an explicit blank.
obs-cpu-single-thread-normalized-cornell-amd-opteron-8350-2007-09-01,cornell-amd-opteron-8350-2007-09-01,Opteron 8350,AMD,historical processor dataset,cpu,cpu,2007-09-01,2007.666667,cpu_single_thread_normalized,11.2,normalized single-core index (legacy SPEC scale),one-copy benchmark normalized by the documented suite-specific continuity rule,normalized,high,primary,,,Stanford/Cornell normalized SPECint2006-equivalent performance,,,{},,eligible,https://github.com/cornell-brg/processor-trends/blob/main/data/processor-trends.csv#L70; https://github.com/cornell-brg/processor-trends,"Matched against the cleaned Cornell processor-trends source derived from and independently checked against the Stanford/Horowitz data. Copied from the Cornell normalized-performance field, which follows the Stanford cross-suite SPECint normalization method."
obs-cpu-multicore-rate2000-int-base-cornell-amd-opteron-8350-2007-09-01,cornell-amd-opteron-8350-2007-09-01,Opteron 8350,AMD,historical processor dataset,cpu,cpu,2007-09-01,2007.666667,cpu_multicore_rate2000_int_base,,SPECint_rate_base2000 (one chip),measured integer throughput of one CPU package in a published system,unresolved,unresolved,original_author_dataset,,,,,,,,unresolved,,No supported value found; retained as an explicit blank.
obs-cpu-multicore-rate2006-int-base-cornell-amd-opteron-8350-2007-09-01,cornell-amd-opteron-8350-2007-09-01,Opteron 8350,AMD,historical processor dataset,cpu,cpu,2007-09-01,2007.666667,cpu_multicore_rate2006_int_base,,SPECint_rate_base2006 (one chip),measured integer throughput of one CPU package in a published system,unresolved,unresolved,original_author_dataset,,,,,,,,unresolved,,No supported value found; retained as an explicit blank.
obs-cpu-multicore-rate2017-int-base-cornell-amd-opteron-8350-2007-09-01,cornell-amd-opteron-8350-2007-09-01,Opteron 8350,AMD,historical processor dataset,cpu,cpu,2007-09-01,2007.666667,cpu_multicore_rate2017_int_base,,SPECrate2017_int_base (one chip),measured integer throughput of one CPU package in a published system,unresolved,unresolved,original_author_dataset,,,,,,,,unresolved,,No supported value found; retained as an explicit blank.
obs-cpu-multicore-index-cornell-amd-opteron-8350-2007-09-01,cornell-amd-opteron-8350-2007-09-01,Opteron 8350,AMD,historical processor dataset,cpu,cpu,2007-09-01,2007.666667,cpu_multicore_index,,estimated one-chip throughput index (2003=100),estimated integer-throughput index derived from a measured one-CPU-package SPEC rate,unresolved,unresolved,original_author_dataset,,,,,,,,unresolved,,No supported value found; retained as an explicit blank.
obs-fp32-dense-peak-gflops-cornell-amd-opteron-8350-2007-09-01,cornell-amd-opteron-8350-2007-09-01,Opteron 8350,AMD,historical processor dataset,cpu,cpu,2007-09-01,2007.666667,fp32_dense_peak_gflops,,GFLOP/s,dense non-tensor non-sparse FP32 vector peak,unresolved,unresolved,original_author_dataset,,,,,,,,unresolved,,No supported value found; retained as an explicit blank.
obs-transistors-million-cornell-amd-phenom-9600-2007-09-01,cornell-amd-phenom-9600-2007-09-01,Phenom 9600,AMD,historical processor dataset,cpu,cpu,2007-09-01,2007.666667,transistors_million,450,million transistors,device or multi-die package transistor count,direct,high,primary,,,,,,{},,eligible,https://github.com/cornell-brg/processor-trends/blob/main/data/processor-trends.csv#L69; https://github.com/cornell-brg/processor-trends; https://ir.amd.com/news-events/press-releases/detail/272/amd-introduces-worlds-first-comprehensive-cutting-edge-pc-platform; https://www.spec.org/cpu2006/results/res2008q2/cpu2006-20080317-03767.pdf,Matched against the cleaned Cornell processor-trends source derived from and independently checked against the Stanford/Horowitz data. No official Phenom 9600 submission was found. The value uses an official 2.3 GHz AMD Opteron 2356 result from the same K10/Barcelona generation as a system-level proxy.
obs-frequency-ghz-cornell-amd-phenom-9600-2007-09-01,cornell-amd-phenom-9600-2007-09-01,Phenom 9600,AMD,historical processor dataset,cpu,cpu,2007-09-01,2007.666667,frequency_ghz,2.3,GHz,nominal/base clock unless source states otherwise,direct,high,primary,,,,,,{},,eligible,https://github.com/cornell-brg/processor-trends/blob/main/data/processor-trends.csv#L69; https://github.com/cornell-brg/processor-trends; https://ir.amd.com/news-events/press-releases/detail/272/amd-introduces-worlds-first-comprehensive-cutting-edge-pc-platform; https://www.spec.org/cpu2006/results/res2008q2/cpu2006-20080317-03767.pdf,Matched against the cleaned Cornell processor-trends source derived from and independently checked against the Stanford/Horowitz data. No official Phenom 9600 submission was found. The value uses an official 2.3 GHz AMD Opteron 2356 result from the same K10/Barcelona generation as a system-level proxy.
obs-power-w-cornell-amd-phenom-9600-2007-09-01,cornell-amd-phenom-9600-2007-09-01,Phenom 9600,AMD,historical processor dataset,cpu,cpu,2007-09-01,2007.666667,power_w,95,W,CPU TDP,direct,high,primary,,,,,,{},,eligible,https://github.com/cornell-brg/processor-trends/blob/main/data/processor-trends.csv#L69; https://github.com/cornell-brg/processor-trends; https://ir.amd.com/news-events/press-releases/detail/272/amd-introduces-worlds-first-comprehensive-cutting-edge-pc-platform; https://www.spec.org/cpu2006/results/res2008q2/cpu2006-20080317-03767.pdf,Matched against the cleaned Cornell processor-trends source derived from and independently checked against the Stanford/Horowitz data. No official Phenom 9600 submission was found. The value uses an official 2.3 GHz AMD Opteron 2356 result from the same K10/Barcelona generation as a system-level proxy.
obs-cpu-physical-cores-cornell-amd-phenom-9600-2007-09-01,cornell-amd-phenom-9600-2007-09-01,Phenom 9600,AMD,historical processor dataset,cpu,cpu,2007-09-01,2007.666667,cpu_physical_cores,4,physical cores,physical CPU cores,direct,high,primary,,,,,,{},,eligible,https://github.com/cornell-brg/processor-trends/blob/main/data/processor-trends.csv#L69; https://github.com/cornell-brg/processor-trends; https://ir.amd.com/news-events/press-releases/detail/272/amd-introduces-worlds-first-comprehensive-cutting-edge-pc-platform; https://www.spec.org/cpu2006/results/res2008q2/cpu2006-20080317-03767.pdf,Matched against the cleaned Cornell processor-trends source derived from and independently checked against the Stanford/Horowitz data. No official Phenom 9600 submission was found. The value uses an official 2.3 GHz AMD Opteron 2356 result from the same K10/Barcelona generation as a system-level proxy.
obs-gpu-compute-units-cornell-amd-phenom-9600-2007-09-01,cornell-amd-phenom-9600-2007-09-01,Phenom 9600,AMD,historical processor dataset,cpu,cpu,2007-09-01,2007.666667,gpu_compute_units,,SMs / CUs / GPU cores,"vendor-native GPU unit count; SM, CU, or Apple GPU core",unresolved,unresolved,original_author_dataset,,,,,,,,not_applicable_cpu,,No supported value found; retained as an explicit blank.
obs-cpu-single-thread-normalized-cornell-amd-phenom-9600-2007-09-01,cornell-amd-phenom-9600-2007-09-01,Phenom 9600,AMD,historical processor dataset,cpu,cpu,2007-09-01,2007.666667,cpu_single_thread_normalized,14.8,normalized single-core index (legacy SPEC scale),one-copy benchmark normalized by the documented suite-specific continuity rule,normalized,medium,primary,,,same-microarchitecture SPECint2006 speed proxy,,,{},,eligible,https://github.com/cornell-brg/processor-trends/blob/main/data/processor-trends.csv#L69; https://github.com/cornell-brg/processor-trends; https://ir.amd.com/news-events/press-releases/detail/272/amd-introduces-worlds-first-comprehensive-cutting-edge-pc-platform; https://www.spec.org/cpu2006/results/res2008q2/cpu2006-20080317-03767.pdf,Matched against the cleaned Cornell processor-trends source derived from and independently checked against the Stanford/Horowitz data. No official Phenom 9600 submission was found. The value uses an official 2.3 GHz AMD Opteron 2356 result from the same K10/Barcelona generation as a system-level proxy.
obs-cpu-multicore-rate2000-int-base-cornell-amd-phenom-9600-2007-09-01,cornell-amd-phenom-9600-2007-09-01,Phenom 9600,AMD,historical processor dataset,cpu,cpu,2007-09-01,2007.666667,cpu_multicore_rate2000_int_base,,SPECint_rate_base2000 (one chip),measured integer throughput of one CPU package in a published system,unresolved,unresolved,original_author_dataset,,,,,,,,unresolved,,No supported value found; retained as an explicit blank.
obs-cpu-multicore-rate2006-int-base-cornell-amd-phenom-9600-2007-09-01,cornell-amd-phenom-9600-2007-09-01,Phenom 9600,AMD,historical processor dataset,cpu,cpu,2007-09-01,2007.666667,cpu_multicore_rate2006_int_base,,SPECint_rate_base2006 (one chip),measured integer throughput of one CPU package in a published system,unresolved,unresolved,original_author_dataset,,,,,,,,unresolved,,No supported value found; retained as an explicit blank.
obs-cpu-multicore-rate2017-int-base-cornell-amd-phenom-9600-2007-09-01,cornell-amd-phenom-9600-2007-09-01,Phenom 9600,AMD,historical processor dataset,cpu,cpu,2007-09-01,2007.666667,cpu_multicore_rate2017_int_base,,SPECrate2017_int_base (one chip),measured integer throughput of one CPU package in a published system,unresolved,unresolved,original_author_dataset,,,,,,,,unresolved,,No supported value found; retained as an explicit blank.
obs-cpu-multicore-index-cornell-amd-phenom-9600-2007-09-01,cornell-amd-phenom-9600-2007-09-01,Phenom 9600,AMD,historical processor dataset,cpu,cpu,2007-09-01,2007.666667,cpu_multicore_index,,estimated one-chip throughput index (2003=100),estimated integer-throughput index derived from a measured one-CPU-package SPEC rate,unresolved,unresolved,original_author_dataset,,,,,,,,unresolved,,No supported value found; retained as an explicit blank.
obs-fp32-dense-peak-gflops-cornell-amd-phenom-9600-2007-09-01,cornell-amd-phenom-9600-2007-09-01,Phenom 9600,AMD,historical processor dataset,cpu,cpu,2007-09-01,2007.666667,fp32_dense_peak_gflops,,GFLOP/s,dense non-tensor non-sparse FP32 vector peak,unresolved,unresolved,original_author_dataset,,,,,,,,unresolved,,No supported value found; retained as an explicit blank.
obs-transistors-million-amd-firestream-9170,amd-firestream-9170,AMD FireStream 9170,AMD,datacenter/HPC,gpu,gpu,2008-01-01,2008.000000,transistors_million,,million transistors,device or multi-die package transistor count,unresolved,unresolved,primary,,,,,,,,unresolved,,No supported value found; retained as an explicit blank.
obs-frequency-ghz-amd-firestream-9170,amd-firestream-9170,AMD FireStream 9170,AMD,datacenter/HPC,gpu,gpu,2008-01-01,2008.000000,frequency_ghz,,GHz,nominal/base clock unless source states otherwise,unresolved,unresolved,primary,,,,,,,,unresolved,,No supported value found; retained as an explicit blank.
obs-power-w-amd-firestream-9170,amd-firestream-9170,AMD FireStream 9170,AMD,datacenter/HPC,gpu,gpu,2008-01-01,2008.000000,power_w,149,W,GPU TBP/TDP,direct,high,primary,,,,,,{},,eligible,https://ir.amd.com/news-events/press-releases/detail/271/amd-delivers-first-stream-processor-with-double-precision-floating-point-technology,
obs-cpu-physical-cores-amd-firestream-9170,amd-firestream-9170,AMD FireStream 9170,AMD,datacenter/HPC,gpu,gpu,2008-01-01,2008.000000,cpu_physical_cores,,physical cores,physical CPU cores,unresolved,unresolved,primary,,,,,,,,not_applicable_gpu,,No supported value found; retained as an explicit blank.
obs-gpu-compute-units-amd-firestream-9170,amd-firestream-9170,AMD FireStream 9170,AMD,datacenter/HPC,gpu,discrete_gpu,2008-01-01,2008.000000,gpu_compute_units,,SMs / CUs / GPU cores,"vendor-native GPU unit count; SM, CU, or Apple GPU core",unresolved,unresolved,primary,,,,,,,,unresolved,,No supported value found; retained as an explicit blank.
obs-cpu-single-thread-normalized-amd-firestream-9170,amd-firestream-9170,AMD FireStream 9170,AMD,datacenter/HPC,gpu,gpu,2008-01-01,2008.000000,cpu_single_thread_normalized,,normalized single-core index (legacy SPEC scale),one-copy benchmark normalized by the documented suite-specific continuity rule,unresolved,unresolved,primary,,,,,,,,not_applicable_gpu,,No supported value found; retained as an explicit blank.
obs-cpu-multicore-rate2000-int-base-amd-firestream-9170,amd-firestream-9170,AMD FireStream 9170,AMD,datacenter/HPC,gpu,gpu,2008-01-01,2008.000000,cpu_multicore_rate2000_int_base,,SPECint_rate_base2000 (one chip),measured integer throughput of one CPU package in a published system,unresolved,unresolved,primary,,,,,,,,not_applicable_gpu,,No supported value found; retained as an explicit blank.
obs-cpu-multicore-rate2006-int-base-amd-firestream-9170,amd-firestream-9170,AMD FireStream 9170,AMD,datacenter/HPC,gpu,gpu,2008-01-01,2008.000000,cpu_multicore_rate2006_int_base,,SPECint_rate_base2006 (one chip),measured integer throughput of one CPU package in a published system,unresolved,unresolved,primary,,,,,,,,not_applicable_gpu,,No supported value found; retained as an explicit blank.
obs-cpu-multicore-rate2017-int-base-amd-firestream-9170,amd-firestream-9170,AMD FireStream 9170,AMD,datacenter/HPC,gpu,gpu,2008-01-01,2008.000000,cpu_multicore_rate2017_int_base,,SPECrate2017_int_base (one chip),measured integer throughput of one CPU package in a published system,unresolved,unresolved,primary,,,,,,,,not_applicable_gpu,,No supported value found; retained as an explicit blank.
obs-cpu-multicore-index-amd-firestream-9170,amd-firestream-9170,AMD FireStream 9170,AMD,datacenter/HPC,gpu,gpu,2008-01-01,2008.000000,cpu_multicore_index,,estimated one-chip throughput index (2003=100),estimated integer-throughput index derived from a measured one-CPU-package SPEC rate,unresolved,unresolved,primary,,,,,,,,not_applicable_gpu,,No supported value found; retained as an explicit blank.
obs-fp32-dense-peak-gflops-amd-firestream-9170,amd-firestream-9170,AMD FireStream 9170,AMD,datacenter/HPC,gpu,discrete_gpu,2008-01-01,2008.000000,fp32_dense_peak_gflops,500,GFLOP/s,dense non-tensor non-sparse FP32 vector peak,direct,direct,primary,,,,FP32 vector dense,,{},,eligible,https://ir.amd.com/news-events/press-releases/detail/271/amd-delivers-first-stream-processor-with-double-precision-floating-point-technology,
obs-transistors-million-cornell-intel-core-2-duo-e8400-2008-01-01,cornell-intel-core-2-duo-e8400-2008-01-01,Core 2 Duo (E8400),Intel,historical processor dataset,cpu,cpu,2008-01-01,2008.000000,transistors_million,410,million transistors,device or multi-die package transistor count,direct,high,primary,,,,,,{},,eligible,https://github.com/cornell-brg/processor-trends/blob/main/data/processor-trends.csv#L71; https://github.com/cornell-brg/processor-trends; https://www.intel.com/pressroom/kits/quickreffam.htm; https://www.intel.com/content/www/us/en/content-details/841070/intel-core-2-duo-processor-e8000-and-e7000-series-and-intel-pentium-dual-core-processor-e5000-series-thermal-and-mechanical-design-guidelines.html,"Matched against the cleaned Cornell processor-trends source derived from and independently checked against the Stanford/Horowitz data. Copied from the Cornell normalized-performance field, which follows the Stanford cross-suite SPECint normalization method."
obs-frequency-ghz-cornell-intel-core-2-duo-e8400-2008-01-01,cornell-intel-core-2-duo-e8400-2008-01-01,Core 2 Duo (E8400),Intel,historical processor dataset,cpu,cpu,2008-01-01,2008.000000,frequency_ghz,3,GHz,nominal/base clock unless source states otherwise,direct,high,primary,,,,,,{},,eligible,https://github.com/cornell-brg/processor-trends/blob/main/data/processor-trends.csv#L71; https://github.com/cornell-brg/processor-trends; https://www.intel.com/pressroom/kits/quickreffam.htm; https://www.intel.com/content/www/us/en/content-details/841070/intel-core-2-duo-processor-e8000-and-e7000-series-and-intel-pentium-dual-core-processor-e5000-series-thermal-and-mechanical-design-guidelines.html,"Matched against the cleaned Cornell processor-trends source derived from and independently checked against the Stanford/Horowitz data. Copied from the Cornell normalized-performance field, which follows the Stanford cross-suite SPECint normalization method."
obs-power-w-cornell-intel-core-2-duo-e8400-2008-01-01,cornell-intel-core-2-duo-e8400-2008-01-01,Core 2 Duo (E8400),Intel,historical processor dataset,cpu,cpu,2008-01-01,2008.000000,power_w,65,W,CPU TDP,direct,high,primary,,,,,,{},,eligible,https://github.com/cornell-brg/processor-trends/blob/main/data/processor-trends.csv#L71; https://github.com/cornell-brg/processor-trends; https://www.intel.com/pressroom/kits/quickreffam.htm; https://www.intel.com/content/www/us/en/content-details/841070/intel-core-2-duo-processor-e8000-and-e7000-series-and-intel-pentium-dual-core-processor-e5000-series-thermal-and-mechanical-design-guidelines.html,"Matched against the cleaned Cornell processor-trends source derived from and independently checked against the Stanford/Horowitz data. Copied from the Cornell normalized-performance field, which follows the Stanford cross-suite SPECint normalization method."
obs-cpu-physical-cores-cornell-intel-core-2-duo-e8400-2008-01-01,cornell-intel-core-2-duo-e8400-2008-01-01,Core 2 Duo (E8400),Intel,historical processor dataset,cpu,cpu,2008-01-01,2008.000000,cpu_physical_cores,2,physical cores,physical CPU cores,direct,high,primary,,,,,,{},,eligible,https://github.com/cornell-brg/processor-trends/blob/main/data/processor-trends.csv#L71; https://github.com/cornell-brg/processor-trends; https://www.intel.com/pressroom/kits/quickreffam.htm; https://www.intel.com/content/www/us/en/content-details/841070/intel-core-2-duo-processor-e8000-and-e7000-series-and-intel-pentium-dual-core-processor-e5000-series-thermal-and-mechanical-design-guidelines.html,"Matched against the cleaned Cornell processor-trends source derived from and independently checked against the Stanford/Horowitz data. Copied from the Cornell normalized-performance field, which follows the Stanford cross-suite SPECint normalization method."
obs-gpu-compute-units-cornell-intel-core-2-duo-e8400-2008-01-01,cornell-intel-core-2-duo-e8400-2008-01-01,Core 2 Duo (E8400),Intel,historical processor dataset,cpu,cpu,2008-01-01,2008.000000,gpu_compute_units,,SMs / CUs / GPU cores,"vendor-native GPU unit count; SM, CU, or Apple GPU core",unresolved,unresolved,original_author_dataset,,,,,,,,not_applicable_cpu,,No supported value found; retained as an explicit blank.
obs-cpu-single-thread-normalized-cornell-intel-core-2-duo-e8400-2008-01-01,cornell-intel-core-2-duo-e8400-2008-01-01,Core 2 Duo (E8400),Intel,historical processor dataset,cpu,cpu,2008-01-01,2008.000000,cpu_single_thread_normalized,23.5,normalized single-core index (legacy SPEC scale),one-copy benchmark normalized by the documented suite-specific continuity rule,normalized,high,primary,,,Stanford/Cornell normalized SPECint2006-equivalent performance,,,{},,eligible,https://github.com/cornell-brg/processor-trends/blob/main/data/processor-trends.csv#L71; https://github.com/cornell-brg/processor-trends; https://www.intel.com/pressroom/kits/quickreffam.htm; https://www.intel.com/content/www/us/en/content-details/841070/intel-core-2-duo-processor-e8000-and-e7000-series-and-intel-pentium-dual-core-processor-e5000-series-thermal-and-mechanical-design-guidelines.html,"Matched against the cleaned Cornell processor-trends source derived from and independently checked against the Stanford/Horowitz data. Copied from the Cornell normalized-performance field, which follows the Stanford cross-suite SPECint normalization method."
obs-cpu-multicore-rate2000-int-base-cornell-intel-core-2-duo-e8400-2008-01-01,cornell-intel-core-2-duo-e8400-2008-01-01,Core 2 Duo (E8400),Intel,historical processor dataset,cpu,cpu,2008-01-01,2008.000000,cpu_multicore_rate2000_int_base,,SPECint_rate_base2000 (one chip),measured integer throughput of one CPU package in a published system,unresolved,unresolved,original_author_dataset,,,,,,,,unresolved,,No supported value found; retained as an explicit blank.
obs-cpu-multicore-rate2006-int-base-cornell-intel-core-2-duo-e8400-2008-01-01,cornell-intel-core-2-duo-e8400-2008-01-01,Core 2 Duo (E8400),Intel,historical processor dataset,cpu,cpu,2008-01-01,2008.000000,cpu_multicore_rate2006_int_base,,SPECint_rate_base2006 (one chip),measured integer throughput of one CPU package in a published system,unresolved,unresolved,original_author_dataset,,,,,,,,unresolved,,No supported value found; retained as an explicit blank.
obs-cpu-multicore-rate2017-int-base-cornell-intel-core-2-duo-e8400-2008-01-01,cornell-intel-core-2-duo-e8400-2008-01-01,Core 2 Duo (E8400),Intel,historical processor dataset,cpu,cpu,2008-01-01,2008.000000,cpu_multicore_rate2017_int_base,,SPECrate2017_int_base (one chip),measured integer throughput of one CPU package in a published system,unresolved,unresolved,original_author_dataset,,,,,,,,unresolved,,No supported value found; retained as an explicit blank.
obs-cpu-multicore-index-cornell-intel-core-2-duo-e8400-2008-01-01,cornell-intel-core-2-duo-e8400-2008-01-01,Core 2 Duo (E8400),Intel,historical processor dataset,cpu,cpu,2008-01-01,2008.000000,cpu_multicore_index,,estimated one-chip throughput index (2003=100),estimated integer-throughput index derived from a measured one-CPU-package SPEC rate,unresolved,unresolved,original_author_dataset,,,,,,,,unresolved,,No supported value found; retained as an explicit blank.
obs-fp32-dense-peak-gflops-cornell-intel-core-2-duo-e8400-2008-01-01,cornell-intel-core-2-duo-e8400-2008-01-01,Core 2 Duo (E8400),Intel,historical processor dataset,cpu,cpu,2008-01-01,2008.000000,fp32_dense_peak_gflops,,GFLOP/s,dense non-tensor non-sparse FP32 vector peak,unresolved,unresolved,original_author_dataset,,,,,,,,unresolved,,No supported value found; retained as an explicit blank.
obs-transistors-million-nvidia-geforce-gtx-280,nvidia-geforce-gtx-280,NVIDIA GeForce GTX 280,NVIDIA,client/gaming,gpu,gpu,2008-06-16,2008.457734,transistors_million,1400,million transistors,device or multi-die package transistor count,direct,direct,primary,,,,,,{},,eligible,https://www.nvidia.com/docs/io/55506/geforce_gtx_200_gpu_technical_brief.pdf,
obs-frequency-ghz-nvidia-geforce-gtx-280,nvidia-geforce-gtx-280,NVIDIA GeForce GTX 280,NVIDIA,client/gaming,gpu,gpu,2008-06-16,2008.457734,frequency_ghz,1.296,GHz,nominal/base clock unless source states otherwise,direct,direct,primary,,,,,stream-processor clock,{},,eligible,https://www.nvidia.com/docs/io/55506/geforce_gtx_200_gpu_technical_brief.pdf,
obs-power-w-nvidia-geforce-gtx-280,nvidia-geforce-gtx-280,NVIDIA GeForce GTX 280,NVIDIA,client/gaming,gpu,gpu,2008-06-16,2008.457734,power_w,,W,GPU TBP/TDP,unresolved,unresolved,primary,,,,,,,,unresolved,,No supported value found; retained as an explicit blank.
obs-cpu-physical-cores-nvidia-geforce-gtx-280,nvidia-geforce-gtx-280,NVIDIA GeForce GTX 280,NVIDIA,client/gaming,gpu,gpu,2008-06-16,2008.457734,cpu_physical_cores,,physical cores,physical CPU cores,unresolved,unresolved,primary,,,,,,,,not_applicable_gpu,,No supported value found; retained as an explicit blank.
obs-gpu-compute-units-nvidia-geforce-gtx-280,nvidia-geforce-gtx-280,NVIDIA GeForce GTX 280,NVIDIA,client/gaming,gpu,discrete_gpu,2008-06-16,2008.457734,gpu_compute_units,,SMs / CUs / GPU cores,"vendor-native GPU unit count; SM, CU, or Apple GPU core",unresolved,unresolved,primary,,,,,,,,unresolved,,No supported value found; retained as an explicit blank.
obs-cpu-single-thread-normalized-nvidia-geforce-gtx-280,nvidia-geforce-gtx-280,NVIDIA GeForce GTX 280,NVIDIA,client/gaming,gpu,gpu,2008-06-16,2008.457734,cpu_single_thread_normalized,,normalized single-core index (legacy SPEC scale),one-copy benchmark normalized by the documented suite-specific continuity rule,unresolved,unresolved,primary,,,,,,,,not_applicable_gpu,,No supported value found; retained as an explicit blank.
obs-cpu-multicore-rate2000-int-base-nvidia-geforce-gtx-280,nvidia-geforce-gtx-280,NVIDIA GeForce GTX 280,NVIDIA,client/gaming,gpu,gpu,2008-06-16,2008.457734,cpu_multicore_rate2000_int_base,,SPECint_rate_base2000 (one chip),measured integer throughput of one CPU package in a published system,unresolved,unresolved,primary,,,,,,,,not_applicable_gpu,,No supported value found; retained as an explicit blank.
obs-cpu-multicore-rate2006-int-base-nvidia-geforce-gtx-280,nvidia-geforce-gtx-280,NVIDIA GeForce GTX 280,NVIDIA,client/gaming,gpu,gpu,2008-06-16,2008.457734,cpu_multicore_rate2006_int_base,,SPECint_rate_base2006 (one chip),measured integer throughput of one CPU package in a published system,unresolved,unresolved,primary,,,,,,,,not_applicable_gpu,,No supported value found; retained as an explicit blank.
obs-cpu-multicore-rate2017-int-base-nvidia-geforce-gtx-280,nvidia-geforce-gtx-280,NVIDIA GeForce GTX 280,NVIDIA,client/gaming,gpu,gpu,2008-06-16,2008.457734,cpu_multicore_rate2017_int_base,,SPECrate2017_int_base (one chip),measured integer throughput of one CPU package in a published system,unresolved,unresolved,primary,,,,,,,,not_applicable_gpu,,No supported value found; retained as an explicit blank.
obs-cpu-multicore-index-nvidia-geforce-gtx-280,nvidia-geforce-gtx-280,NVIDIA GeForce GTX 280,NVIDIA,client/gaming,gpu,gpu,2008-06-16,2008.457734,cpu_multicore_index,,estimated one-chip throughput index (2003=100),estimated integer-throughput index derived from a measured one-CPU-package SPEC rate,unresolved,unresolved,primary,,,,,,,,not_applicable_gpu,,No supported value found; retained as an explicit blank.
obs-fp32-dense-peak-gflops-nvidia-geforce-gtx-280,nvidia-geforce-gtx-280,NVIDIA GeForce GTX 280,NVIDIA,client/gaming,gpu,discrete_gpu,2008-06-16,2008.457734,fp32_dense_peak_gflops,933,GFLOP/s,dense non-tensor non-sparse FP32 vector peak,direct,direct,primary,,,,FP32 vector dense,,{},,eligible,https://www.nvidia.com/docs/io/55506/geforce_gtx_200_gpu_technical_brief.pdf,
obs-transistors-million-cornell-amd-phenom-x3-8850-2008-10-01,cornell-amd-phenom-x3-8850-2008-10-01,Phenom X3 8850,AMD,historical processor dataset,cpu,cpu,2008-10-01,2008.750000,transistors_million,450,million transistors,device or multi-die package transistor count,direct,high,primary,,,,,,{},,eligible,https://github.com/cornell-brg/processor-trends/blob/main/data/processor-trends.csv#L72; https://github.com/cornell-brg/processor-trends; https://www.spec.org/cpu2006/results/res2008q2/cpu2006-20080519-04352.pdf,Matched against the cleaned Cornell processor-trends source derived from and independently checked against the Stanford/Horowitz data. No official Phenom X3 8850 submission was found. The value uses an official 2.5 GHz AMD Opteron 2360 SE result from the same K10 generation as a system-level proxy.
obs-frequency-ghz-cornell-amd-phenom-x3-8850-2008-10-01,cornell-amd-phenom-x3-8850-2008-10-01,Phenom X3 8850,AMD,historical processor dataset,cpu,cpu,2008-10-01,2008.750000,frequency_ghz,2.5,GHz,nominal/base clock unless source states otherwise,direct,high,primary,,,,,,{},,eligible,https://github.com/cornell-brg/processor-trends/blob/main/data/processor-trends.csv#L72; https://github.com/cornell-brg/processor-trends; https://www.spec.org/cpu2006/results/res2008q2/cpu2006-20080519-04352.pdf,Matched against the cleaned Cornell processor-trends source derived from and independently checked against the Stanford/Horowitz data. No official Phenom X3 8850 submission was found. The value uses an official 2.5 GHz AMD Opteron 2360 SE result from the same K10 generation as a system-level proxy.
obs-power-w-cornell-amd-phenom-x3-8850-2008-10-01,cornell-amd-phenom-x3-8850-2008-10-01,Phenom X3 8850,AMD,historical processor dataset,cpu,cpu,2008-10-01,2008.750000,power_w,95,W,CPU TDP,direct,high,primary,,,,,,{},,eligible,https://github.com/cornell-brg/processor-trends/blob/main/data/processor-trends.csv#L72; https://github.com/cornell-brg/processor-trends; https://www.spec.org/cpu2006/results/res2008q2/cpu2006-20080519-04352.pdf,Matched against the cleaned Cornell processor-trends source derived from and independently checked against the Stanford/Horowitz data. No official Phenom X3 8850 submission was found. The value uses an official 2.5 GHz AMD Opteron 2360 SE result from the same K10 generation as a system-level proxy.
obs-cpu-physical-cores-cornell-amd-phenom-x3-8850-2008-10-01,cornell-amd-phenom-x3-8850-2008-10-01,Phenom X3 8850,AMD,historical processor dataset,cpu,cpu,2008-10-01,2008.750000,cpu_physical_cores,3,physical cores,physical CPU cores,direct,high,primary,,,,,,{},,eligible,https://github.com/cornell-brg/processor-trends/blob/main/data/processor-trends.csv#L72; https://github.com/cornell-brg/processor-trends; https://www.spec.org/cpu2006/results/res2008q2/cpu2006-20080519-04352.pdf,Matched against the cleaned Cornell processor-trends source derived from and independently checked against the Stanford/Horowitz data. No official Phenom X3 8850 submission was found. The value uses an official 2.5 GHz AMD Opteron 2360 SE result from the same K10 generation as a system-level proxy.
obs-gpu-compute-units-cornell-amd-phenom-x3-8850-2008-10-01,cornell-amd-phenom-x3-8850-2008-10-01,Phenom X3 8850,AMD,historical processor dataset,cpu,cpu,2008-10-01,2008.750000,gpu_compute_units,,SMs / CUs / GPU cores,"vendor-native GPU unit count; SM, CU, or Apple GPU core",unresolved,unresolved,original_author_dataset,,,,,,,,not_applicable_cpu,,No supported value found; retained as an explicit blank.
obs-cpu-single-thread-normalized-cornell-amd-phenom-x3-8850-2008-10-01,cornell-amd-phenom-x3-8850-2008-10-01,Phenom X3 8850,AMD,historical processor dataset,cpu,cpu,2008-10-01,2008.750000,cpu_single_thread_normalized,15.2,normalized single-core index (legacy SPEC scale),one-copy benchmark normalized by the documented suite-specific continuity rule,normalized,medium,primary,,,same-microarchitecture SPECint2006 speed proxy,,,{},,eligible,https://github.com/cornell-brg/processor-trends/blob/main/data/processor-trends.csv#L72; https://github.com/cornell-brg/processor-trends; https://www.spec.org/cpu2006/results/res2008q2/cpu2006-20080519-04352.pdf,Matched against the cleaned Cornell processor-trends source derived from and independently checked against the Stanford/Horowitz data. No official Phenom X3 8850 submission was found. The value uses an official 2.5 GHz AMD Opteron 2360 SE result from the same K10 generation as a system-level proxy.
obs-cpu-multicore-rate2000-int-base-cornell-amd-phenom-x3-8850-2008-10-01,cornell-amd-phenom-x3-8850-2008-10-01,Phenom X3 8850,AMD,historical processor dataset,cpu,cpu,2008-10-01,2008.750000,cpu_multicore_rate2000_int_base,,SPECint_rate_base2000 (one chip),measured integer throughput of one CPU package in a published system,unresolved,unresolved,original_author_dataset,,,,,,,,unresolved,,No supported value found; retained as an explicit blank.
obs-cpu-multicore-rate2006-int-base-cornell-amd-phenom-x3-8850-2008-10-01,cornell-amd-phenom-x3-8850-2008-10-01,Phenom X3 8850,AMD,historical processor dataset,cpu,cpu,2008-10-01,2008.750000,cpu_multicore_rate2006_int_base,,SPECint_rate_base2006 (one chip),measured integer throughput of one CPU package in a published system,unresolved,unresolved,original_author_dataset,,,,,,,,unresolved,,No supported value found; retained as an explicit blank.
obs-cpu-multicore-rate2017-int-base-cornell-amd-phenom-x3-8850-2008-10-01,cornell-amd-phenom-x3-8850-2008-10-01,Phenom X3 8850,AMD,historical processor dataset,cpu,cpu,2008-10-01,2008.750000,cpu_multicore_rate2017_int_base,,SPECrate2017_int_base (one chip),measured integer throughput of one CPU package in a published system,unresolved,unresolved,original_author_dataset,,,,,,,,unresolved,,No supported value found; retained as an explicit blank.
obs-cpu-multicore-index-cornell-amd-phenom-x3-8850-2008-10-01,cornell-amd-phenom-x3-8850-2008-10-01,Phenom X3 8850,AMD,historical processor dataset,cpu,cpu,2008-10-01,2008.750000,cpu_multicore_index,,estimated one-chip throughput index (2003=100),estimated integer-throughput index derived from a measured one-CPU-package SPEC rate,unresolved,unresolved,original_author_dataset,,,,,,,,unresolved,,No supported value found; retained as an explicit blank.
obs-fp32-dense-peak-gflops-cornell-amd-phenom-x3-8850-2008-10-01,cornell-amd-phenom-x3-8850-2008-10-01,Phenom X3 8850,AMD,historical processor dataset,cpu,cpu,2008-10-01,2008.750000,fp32_dense_peak_gflops,,GFLOP/s,dense non-tensor non-sparse FP32 vector peak,unresolved,unresolved,original_author_dataset,,,,,,,,unresolved,,No supported value found; retained as an explicit blank.
obs-transistors-million-cornell-intel-core-i7-965-2008-11-01,cornell-intel-core-i7-965-2008-11-01,Core i7-965,Intel,historical processor dataset,cpu,cpu,2008-11-01,2008.833333,transistors_million,781,million transistors,device or multi-die package transistor count,direct,high,primary,,,,,,{},,eligible,https://github.com/cornell-brg/processor-trends/blob/main/data/processor-trends.csv#L73; https://github.com/cornell-brg/processor-trends; https://www.intel.com/pressroom/archive/releases/2008/20081117comp_sm.htm; https://www.intel.com/pressroom/kits/quickreffam.htm,"Matched against the cleaned Cornell processor-trends source derived from and independently checked against the Stanford/Horowitz data. Copied from the Cornell normalized-performance field, which follows the Stanford cross-suite SPECint normalization method."
obs-frequency-ghz-cornell-intel-core-i7-965-2008-11-01,cornell-intel-core-i7-965-2008-11-01,Core i7-965,Intel,historical processor dataset,cpu,cpu,2008-11-01,2008.833333,frequency_ghz,3.2,GHz,nominal/base clock unless source states otherwise,direct,high,primary,,,,,,{},,eligible,https://github.com/cornell-brg/processor-trends/blob/main/data/processor-trends.csv#L73; https://github.com/cornell-brg/processor-trends; https://www.intel.com/pressroom/archive/releases/2008/20081117comp_sm.htm; https://www.intel.com/pressroom/kits/quickreffam.htm,"Matched against the cleaned Cornell processor-trends source derived from and independently checked against the Stanford/Horowitz data. Copied from the Cornell normalized-performance field, which follows the Stanford cross-suite SPECint normalization method."
obs-power-w-cornell-intel-core-i7-965-2008-11-01,cornell-intel-core-i7-965-2008-11-01,Core i7-965,Intel,historical processor dataset,cpu,cpu,2008-11-01,2008.833333,power_w,130,W,CPU TDP,direct,high,primary,,,,,,{},,eligible,https://github.com/cornell-brg/processor-trends/blob/main/data/processor-trends.csv#L73; https://github.com/cornell-brg/processor-trends; https://www.intel.com/pressroom/archive/releases/2008/20081117comp_sm.htm; https://www.intel.com/pressroom/kits/quickreffam.htm,"Matched against the cleaned Cornell processor-trends source derived from and independently checked against the Stanford/Horowitz data. Copied from the Cornell normalized-performance field, which follows the Stanford cross-suite SPECint normalization method."
obs-cpu-physical-cores-cornell-intel-core-i7-965-2008-11-01,cornell-intel-core-i7-965-2008-11-01,Core i7-965,Intel,historical processor dataset,cpu,cpu,2008-11-01,2008.833333,cpu_physical_cores,4,physical cores,physical CPU cores,direct,high,primary,,,,,,{},,eligible,https://github.com/cornell-brg/processor-trends/blob/main/data/processor-trends.csv#L73; https://github.com/cornell-brg/processor-trends; https://www.intel.com/pressroom/archive/releases/2008/20081117comp_sm.htm; https://www.intel.com/pressroom/kits/quickreffam.htm,"Matched against the cleaned Cornell processor-trends source derived from and independently checked against the Stanford/Horowitz data. Copied from the Cornell normalized-performance field, which follows the Stanford cross-suite SPECint normalization method."
obs-gpu-compute-units-cornell-intel-core-i7-965-2008-11-01,cornell-intel-core-i7-965-2008-11-01,Core i7-965,Intel,historical processor dataset,cpu,cpu,2008-11-01,2008.833333,gpu_compute_units,,SMs / CUs / GPU cores,"vendor-native GPU unit count; SM, CU, or Apple GPU core",unresolved,unresolved,original_author_dataset,,,,,,,,not_applicable_cpu,,No supported value found; retained as an explicit blank.
obs-cpu-single-thread-normalized-cornell-intel-core-i7-965-2008-11-01,cornell-intel-core-i7-965-2008-11-01,Core i7-965,Intel,historical processor dataset,cpu,cpu,2008-11-01,2008.833333,cpu_single_thread_normalized,33.6,normalized single-core index (legacy SPEC scale),one-copy benchmark normalized by the documented suite-specific continuity rule,normalized,high,primary,,,Stanford/Cornell normalized SPECint2006-equivalent performance,,,{},,eligible,https://github.com/cornell-brg/processor-trends/blob/main/data/processor-trends.csv#L73; https://github.com/cornell-brg/processor-trends; https://www.intel.com/pressroom/archive/releases/2008/20081117comp_sm.htm; https://www.intel.com/pressroom/kits/quickreffam.htm,"Matched against the cleaned Cornell processor-trends source derived from and independently checked against the Stanford/Horowitz data. Copied from the Cornell normalized-performance field, which follows the Stanford cross-suite SPECint normalization method."
obs-cpu-multicore-rate2000-int-base-cornell-intel-core-i7-965-2008-11-01,cornell-intel-core-i7-965-2008-11-01,Core i7-965,Intel,historical processor dataset,cpu,cpu,2008-11-01,2008.833333,cpu_multicore_rate2000_int_base,,SPECint_rate_base2000 (one chip),measured integer throughput of one CPU package in a published system,unresolved,unresolved,original_author_dataset,,,,,,,,unresolved,,No supported value found; retained as an explicit blank.
obs-cpu-multicore-rate2006-int-base-cornell-intel-core-i7-965-2008-11-01,cornell-intel-core-i7-965-2008-11-01,Core i7-965,Intel,historical processor dataset,cpu,cpu,2008-11-01,2008.833333,cpu_multicore_rate2006_int_base,117,SPECint_rate_base2006 (one chip),measured integer throughput of one CPU package in a published system,measured,direct,primary,SPECint_rate_base2006,117,,,,{},,supporting_raw_benchmark_not_plotted,https://www.spec.org/cpu2006/results/res2008q4/cpu2006-20081024-05712.pdf,Published one-chip system result: ASUSTeK Asus P6T Deluxe; hardware availability 2008-11. Score belongs to this tested configuration and this SPEC suite only; scores from other suites are not comparable.
obs-cpu-multicore-rate2017-int-base-cornell-intel-core-i7-965-2008-11-01,cornell-intel-core-i7-965-2008-11-01,Core i7-965,Intel,historical processor dataset,cpu,cpu,2008-11-01,2008.833333,cpu_multicore_rate2017_int_base,,SPECrate2017_int_base (one chip),measured integer throughput of one CPU package in a published system,unresolved,unresolved,original_author_dataset,,,,,,,,unresolved,,No supported value found; retained as an explicit blank.
obs-cpu-multicore-index-cornell-intel-core-i7-965-2008-11-01,cornell-intel-core-i7-965-2008-11-01,Core i7-965,Intel,historical processor dataset,cpu,cpu,2008-11-01,2008.833333,cpu_multicore_index,1543.00458716,estimated one-chip throughput index (2003=100),estimated integer-throughput index derived from a measured one-CPU-package SPEC rate,normalized,medium,derived_from_primary,SPECint_rate_base2006,117.0,Educational index; POWER4+ 2003 one-chip SPECint_rate_base2000 15.2 = 100. Bridges use median log ratios of matched one-chip processor results; not an official SPEC conversion.,,,"{""base_index"": 100.0, ""base_score"": 15.2, ""cpu2000_to_cpu2006"": 0.4988558352402746, ""cpu2006_to_cpu2017"": 0.12486988466935224, ""denominator_for_suite"": 7.582608695652174, ""raw_score"": 117.0}",base_index * raw_score / denominator_for_suite,eligible,https://open.spec.org/cpu2000/results/res2006q3/cpu2000-20060705-06399.html; https://open.spec.org/cpu2000/results/res2006q3/cpu2000-20060904-07199.html; https://spec.org/cpu2006/results/res2018q1/cpu2006-20171212-51326.pdf; https://www.spec.org/cpu2000/results/res2006q3/cpu2000-20060705-06403.pdf; https://www.spec.org/cpu2006/results/res2006q3/cpu2006-20060904-00079.pdf; https://www.spec.org/cpu2006/results/res2006q3/cpu2006-20060904-00082.pdf; https://www.spec.org/cpu2006/results/res2007q3/cpu2006-20070723-01554.pdf; https://www.spec.org/cpu2006/results/res2008q4/cpu2006-20081024-05712.pdf; https://www.spec.org/cpu2006/results/res2017q2/cpu2006-20170529-47129.html; https://www.spec.org/cpu2017/results/res2017q4/cpu2017-20171211-01450.html; https://www.spec.org/cpu2017/results/res2018q1/cpu2017-20171212-01664.html,Estimated cross-suite index from measured one-chip rate. Raw result and all bridge reports are retained; consult cpu-throughput-bridges.json. SPEC does not endorse cross-suite score conversion.
obs-fp32-dense-peak-gflops-cornell-intel-core-i7-965-2008-11-01,cornell-intel-core-i7-965-2008-11-01,Core i7-965,Intel,historical processor dataset,cpu,cpu,2008-11-01,2008.833333,fp32_dense_peak_gflops,,GFLOP/s,dense non-tensor non-sparse FP32 vector peak,unresolved,unresolved,original_author_dataset,,,,,,,,unresolved,,No supported value found; retained as an explicit blank.
obs-transistors-million-inline-xeon-w5580-2009-03,inline-xeon-w5580-2009-03,Xeon W5580,Intel,historical processor dataset,cpu,cpu,2009-03-01,2009.166667,transistors_million,,million transistors,device or multi-die package transistor count,unresolved,unresolved,inline_name_plus_official_benchmark,,,,,,,,unresolved,,No supported value found; retained as an explicit blank.
obs-frequency-ghz-inline-xeon-w5580-2009-03,inline-xeon-w5580-2009-03,Xeon W5580,Intel,historical processor dataset,cpu,cpu,2009-03-01,2009.166667,frequency_ghz,,GHz,nominal/base clock unless source states otherwise,unresolved,unresolved,inline_name_plus_official_benchmark,,,,,,,,unresolved,,No supported value found; retained as an explicit blank.
obs-power-w-inline-xeon-w5580-2009-03,inline-xeon-w5580-2009-03,Xeon W5580,Intel,historical processor dataset,cpu,cpu,2009-03-01,2009.166667,power_w,,W,CPU TDP,unresolved,unresolved,inline_name_plus_official_benchmark,,,,,,,,unresolved,,No supported value found; retained as an explicit blank.
obs-cpu-physical-cores-inline-xeon-w5580-2009-03,inline-xeon-w5580-2009-03,Xeon W5580,Intel,historical processor dataset,cpu,cpu,2009-03-01,2009.166667,cpu_physical_cores,4,physical cores,physical CPU cores,direct,high,inline_name_plus_official_benchmark,,,,,,{},,eligible,https://github.com/karlrupp/microprocessor-trend-data/blob/master/50yrs/specint.dat#L52; https://www.spec.org/cpu2006/results/res2009q2/cpu2006-20090330-06862.pdf,Four physical cores; Hyper-Threading contexts are not counted.
obs-gpu-compute-units-inline-xeon-w5580-2009-03,inline-xeon-w5580-2009-03,Xeon W5580,Intel,historical processor dataset,cpu,cpu,2009-03-01,2009.166667,gpu_compute_units,,SMs / CUs / GPU cores,"vendor-native GPU unit count; SM, CU, or Apple GPU core",unresolved,unresolved,inline_name_plus_official_benchmark,,,,,,,,not_applicable_cpu,,No supported value found; retained as an explicit blank.
obs-cpu-single-thread-normalized-inline-xeon-w5580-2009-03,inline-xeon-w5580-2009-03,Xeon W5580,Intel,historical processor dataset,cpu,cpu,2009-03-01,2009.166667,cpu_single_thread_normalized,36.7,normalized single-core index (legacy SPEC scale),one-copy benchmark normalized by the documented suite-specific continuity rule,normalized,direct,primary,,,SPECint2006,,,{},,eligible,https://github.com/karlrupp/microprocessor-trend-data/blob/master/50yrs/specint.dat#L52; https://www.spec.org/cpu2006/results/res2009q2/cpu2006-20090330-06862.pdf,Processor identity is embedded in specint.dat and checked against an official SPEC result.
obs-cpu-multicore-rate2000-int-base-inline-xeon-w5580-2009-03,inline-xeon-w5580-2009-03,Xeon W5580,Intel,historical processor dataset,cpu,cpu,2009-03-01,2009.166667,cpu_multicore_rate2000_int_base,,SPECint_rate_base2000 (one chip),measured integer throughput of one CPU package in a published system,unresolved,unresolved,inline_name_plus_official_benchmark,,,,,,,,unresolved,,No supported value found; retained as an explicit blank.
obs-cpu-multicore-rate2006-int-base-inline-xeon-w5580-2009-03,inline-xeon-w5580-2009-03,Xeon W5580,Intel,historical processor dataset,cpu,cpu,2009-03-01,2009.166667,cpu_multicore_rate2006_int_base,,SPECint_rate_base2006 (one chip),measured integer throughput of one CPU package in a published system,unresolved,unresolved,inline_name_plus_official_benchmark,,,,,,,,unresolved,,No supported value found; retained as an explicit blank.
obs-cpu-multicore-rate2017-int-base-inline-xeon-w5580-2009-03,inline-xeon-w5580-2009-03,Xeon W5580,Intel,historical processor dataset,cpu,cpu,2009-03-01,2009.166667,cpu_multicore_rate2017_int_base,,SPECrate2017_int_base (one chip),measured integer throughput of one CPU package in a published system,unresolved,unresolved,inline_name_plus_official_benchmark,,,,,,,,unresolved,,No supported value found; retained as an explicit blank.
obs-cpu-multicore-index-inline-xeon-w5580-2009-03,inline-xeon-w5580-2009-03,Xeon W5580,Intel,historical processor dataset,cpu,cpu,2009-03-01,2009.166667,cpu_multicore_index,,estimated one-chip throughput index (2003=100),estimated integer-throughput index derived from a measured one-CPU-package SPEC rate,unresolved,unresolved,inline_name_plus_official_benchmark,,,,,,,,unresolved,,No supported value found; retained as an explicit blank.
obs-fp32-dense-peak-gflops-inline-xeon-w5580-2009-03,inline-xeon-w5580-2009-03,Xeon W5580,Intel,historical processor dataset,cpu,cpu,2009-03-01,2009.166667,fp32_dense_peak_gflops,,GFLOP/s,dense non-tensor non-sparse FP32 vector peak,unresolved,unresolved,inline_name_plus_official_benchmark,,,,,,,,unresolved,,No supported value found; retained as an explicit blank.
obs-transistors-million-cornell-intel-dunnington-x7460-2009-04-01,cornell-intel-dunnington-x7460-2009-04-01,Dunnington (X7460),Intel,historical processor dataset,cpu,cpu,2009-04-01,2009.250000,transistors_million,1900,million transistors,device or multi-die package transistor count,direct,high,primary,,,,,,{},,eligible,https://github.com/cornell-brg/processor-trends/blob/main/data/processor-trends.csv#L76; https://github.com/cornell-brg/processor-trends; https://www.intel.com/pressroom/kits/quickreffam.htm; https://www.intel.com/pressroom/archive/releases/2008/20080819comp.htm; https://www.spec.org/cpu2006/results/res2008q4/cpu2006-20080915-05342.pdf,Matched against the cleaned Cornell processor-trends source derived from and independently checked against the Stanford/Horowitz data. Official SPEC CPU2006 integer speed result for the exact Intel Xeon X7460 at 2.66 GHz.
obs-frequency-ghz-cornell-intel-dunnington-x7460-2009-04-01,cornell-intel-dunnington-x7460-2009-04-01,Dunnington (X7460),Intel,historical processor dataset,cpu,cpu,2009-04-01,2009.250000,frequency_ghz,2.66,GHz,nominal/base clock unless source states otherwise,direct,high,primary,,,,,,{},,eligible,https://github.com/cornell-brg/processor-trends/blob/main/data/processor-trends.csv#L76; https://github.com/cornell-brg/processor-trends; https://www.intel.com/pressroom/kits/quickreffam.htm; https://www.intel.com/pressroom/archive/releases/2008/20080819comp.htm; https://www.spec.org/cpu2006/results/res2008q4/cpu2006-20080915-05342.pdf,Matched against the cleaned Cornell processor-trends source derived from and independently checked against the Stanford/Horowitz data. Official SPEC CPU2006 integer speed result for the exact Intel Xeon X7460 at 2.66 GHz.
obs-power-w-cornell-intel-dunnington-x7460-2009-04-01,cornell-intel-dunnington-x7460-2009-04-01,Dunnington (X7460),Intel,historical processor dataset,cpu,cpu,2009-04-01,2009.250000,power_w,130,W,CPU TDP,direct,high,primary,,,,,,{},,eligible,https://github.com/cornell-brg/processor-trends/blob/main/data/processor-trends.csv#L76; https://github.com/cornell-brg/processor-trends; https://www.intel.com/pressroom/kits/quickreffam.htm; https://www.intel.com/pressroom/archive/releases/2008/20080819comp.htm; https://www.spec.org/cpu2006/results/res2008q4/cpu2006-20080915-05342.pdf,Matched against the cleaned Cornell processor-trends source derived from and independently checked against the Stanford/Horowitz data. Official SPEC CPU2006 integer speed result for the exact Intel Xeon X7460 at 2.66 GHz.
obs-cpu-physical-cores-cornell-intel-dunnington-x7460-2009-04-01,cornell-intel-dunnington-x7460-2009-04-01,Dunnington (X7460),Intel,historical processor dataset,cpu,cpu,2009-04-01,2009.250000,cpu_physical_cores,6,physical cores,physical CPU cores,direct,high,primary,,,,,,{},,eligible,https://github.com/cornell-brg/processor-trends/blob/main/data/processor-trends.csv#L76; https://github.com/cornell-brg/processor-trends; https://www.intel.com/pressroom/kits/quickreffam.htm; https://www.intel.com/pressroom/archive/releases/2008/20080819comp.htm; https://www.spec.org/cpu2006/results/res2008q4/cpu2006-20080915-05342.pdf,Matched against the cleaned Cornell processor-trends source derived from and independently checked against the Stanford/Horowitz data. Official SPEC CPU2006 integer speed result for the exact Intel Xeon X7460 at 2.66 GHz.
obs-gpu-compute-units-cornell-intel-dunnington-x7460-2009-04-01,cornell-intel-dunnington-x7460-2009-04-01,Dunnington (X7460),Intel,historical processor dataset,cpu,cpu,2009-04-01,2009.250000,gpu_compute_units,,SMs / CUs / GPU cores,"vendor-native GPU unit count; SM, CU, or Apple GPU core",unresolved,unresolved,original_author_dataset,,,,,,,,not_applicable_cpu,,No supported value found; retained as an explicit blank.
obs-cpu-single-thread-normalized-cornell-intel-dunnington-x7460-2009-04-01,cornell-intel-dunnington-x7460-2009-04-01,Dunnington (X7460),Intel,historical processor dataset,cpu,cpu,2009-04-01,2009.250000,cpu_single_thread_normalized,25,normalized single-core index (legacy SPEC scale),one-copy benchmark normalized by the documented suite-specific continuity rule,normalized,direct,primary,,,SPECint2006 peak,,,{},,eligible,https://github.com/cornell-brg/processor-trends/blob/main/data/processor-trends.csv#L76; https://github.com/cornell-brg/processor-trends; https://www.intel.com/pressroom/kits/quickreffam.htm; https://www.intel.com/pressroom/archive/releases/2008/20080819comp.htm; https://www.spec.org/cpu2006/results/res2008q4/cpu2006-20080915-05342.pdf,Matched against the cleaned Cornell processor-trends source derived from and independently checked against the Stanford/Horowitz data. Official SPEC CPU2006 integer speed result for the exact Intel Xeon X7460 at 2.66 GHz.
obs-cpu-multicore-rate2000-int-base-cornell-intel-dunnington-x7460-2009-04-01,cornell-intel-dunnington-x7460-2009-04-01,Dunnington (X7460),Intel,historical processor dataset,cpu,cpu,2009-04-01,2009.250000,cpu_multicore_rate2000_int_base,,SPECint_rate_base2000 (one chip),measured integer throughput of one CPU package in a published system,unresolved,unresolved,original_author_dataset,,,,,,,,unresolved,,No supported value found; retained as an explicit blank.
obs-cpu-multicore-rate2006-int-base-cornell-intel-dunnington-x7460-2009-04-01,cornell-intel-dunnington-x7460-2009-04-01,Dunnington (X7460),Intel,historical processor dataset,cpu,cpu,2009-04-01,2009.250000,cpu_multicore_rate2006_int_base,,SPECint_rate_base2006 (one chip),measured integer throughput of one CPU package in a published system,unresolved,unresolved,original_author_dataset,,,,,,,,unresolved,,No supported value found; retained as an explicit blank.
obs-cpu-multicore-rate2017-int-base-cornell-intel-dunnington-x7460-2009-04-01,cornell-intel-dunnington-x7460-2009-04-01,Dunnington (X7460),Intel,historical processor dataset,cpu,cpu,2009-04-01,2009.250000,cpu_multicore_rate2017_int_base,,SPECrate2017_int_base (one chip),measured integer throughput of one CPU package in a published system,unresolved,unresolved,original_author_dataset,,,,,,,,unresolved,,No supported value found; retained as an explicit blank.
obs-cpu-multicore-index-cornell-intel-dunnington-x7460-2009-04-01,cornell-intel-dunnington-x7460-2009-04-01,Dunnington (X7460),Intel,historical processor dataset,cpu,cpu,2009-04-01,2009.250000,cpu_multicore_index,,estimated one-chip throughput index (2003=100),estimated integer-throughput index derived from a measured one-CPU-package SPEC rate,unresolved,unresolved,original_author_dataset,,,,,,,,unresolved,,No supported value found; retained as an explicit blank.
obs-fp32-dense-peak-gflops-cornell-intel-dunnington-x7460-2009-04-01,cornell-intel-dunnington-x7460-2009-04-01,Dunnington (X7460),Intel,historical processor dataset,cpu,cpu,2009-04-01,2009.250000,fp32_dense_peak_gflops,,GFLOP/s,dense non-tensor non-sparse FP32 vector peak,unresolved,unresolved,original_author_dataset,,,,,,,,unresolved,,No supported value found; retained as an explicit blank.
obs-transistors-million-cornell-intel-gainestown-w5580-2009-04-01,cornell-intel-gainestown-w5580-2009-04-01,Gainestown (W5580),Intel,historical processor dataset,cpu,cpu,2009-04-01,2009.250000,transistors_million,2300,million transistors,device or multi-die package transistor count,direct,high,primary,,,,,,{},,eligible,https://github.com/cornell-brg/processor-trends/blob/main/data/processor-trends.csv#L77; https://github.com/cornell-brg/processor-trends; https://www.intel.com/content/dam/www/public/us/en/documents/datasheets/xeon-5500-vol-1-datasheet.pdf; https://www.spec.org/cpu2006/results/res2009q2/cpu2006-20090330-06862.pdf,Matched against the cleaned Cornell processor-trends source derived from and independently checked against the Stanford/Horowitz data. Official SPEC CPU2006 integer speed result for the exact Intel Xeon W5580 at 3.20 GHz.
obs-frequency-ghz-cornell-intel-gainestown-w5580-2009-04-01,cornell-intel-gainestown-w5580-2009-04-01,Gainestown (W5580),Intel,historical processor dataset,cpu,cpu,2009-04-01,2009.250000,frequency_ghz,3.2,GHz,nominal/base clock unless source states otherwise,direct,high,primary,,,,,,{},,eligible,https://github.com/cornell-brg/processor-trends/blob/main/data/processor-trends.csv#L77; https://github.com/cornell-brg/processor-trends; https://www.intel.com/content/dam/www/public/us/en/documents/datasheets/xeon-5500-vol-1-datasheet.pdf; https://www.spec.org/cpu2006/results/res2009q2/cpu2006-20090330-06862.pdf,Matched against the cleaned Cornell processor-trends source derived from and independently checked against the Stanford/Horowitz data. Official SPEC CPU2006 integer speed result for the exact Intel Xeon W5580 at 3.20 GHz.
obs-power-w-cornell-intel-gainestown-w5580-2009-04-01,cornell-intel-gainestown-w5580-2009-04-01,Gainestown (W5580),Intel,historical processor dataset,cpu,cpu,2009-04-01,2009.250000,power_w,130,W,CPU TDP,direct,high,primary,,,,,,{},,eligible,https://github.com/cornell-brg/processor-trends/blob/main/data/processor-trends.csv#L77; https://github.com/cornell-brg/processor-trends; https://www.intel.com/content/dam/www/public/us/en/documents/datasheets/xeon-5500-vol-1-datasheet.pdf; https://www.spec.org/cpu2006/results/res2009q2/cpu2006-20090330-06862.pdf,Matched against the cleaned Cornell processor-trends source derived from and independently checked against the Stanford/Horowitz data. Official SPEC CPU2006 integer speed result for the exact Intel Xeon W5580 at 3.20 GHz.
obs-cpu-physical-cores-cornell-intel-gainestown-w5580-2009-04-01,cornell-intel-gainestown-w5580-2009-04-01,Gainestown (W5580),Intel,historical processor dataset,cpu,cpu,2009-04-01,2009.250000,cpu_physical_cores,8,physical cores,physical CPU cores,direct,high,primary,,,,,,{},,eligible,https://github.com/cornell-brg/processor-trends/blob/main/data/processor-trends.csv#L77; https://github.com/cornell-brg/processor-trends; https://www.intel.com/content/dam/www/public/us/en/documents/datasheets/xeon-5500-vol-1-datasheet.pdf; https://www.spec.org/cpu2006/results/res2009q2/cpu2006-20090330-06862.pdf,Matched against the cleaned Cornell processor-trends source derived from and independently checked against the Stanford/Horowitz data. Official SPEC CPU2006 integer speed result for the exact Intel Xeon W5580 at 3.20 GHz.
obs-gpu-compute-units-cornell-intel-gainestown-w5580-2009-04-01,cornell-intel-gainestown-w5580-2009-04-01,Gainestown (W5580),Intel,historical processor dataset,cpu,cpu,2009-04-01,2009.250000,gpu_compute_units,,SMs / CUs / GPU cores,"vendor-native GPU unit count; SM, CU, or Apple GPU core",unresolved,unresolved,original_author_dataset,,,,,,,,not_applicable_cpu,,No supported value found; retained as an explicit blank.
obs-cpu-single-thread-normalized-cornell-intel-gainestown-w5580-2009-04-01,cornell-intel-gainestown-w5580-2009-04-01,Gainestown (W5580),Intel,historical processor dataset,cpu,cpu,2009-04-01,2009.250000,cpu_single_thread_normalized,36.7,normalized single-core index (legacy SPEC scale),one-copy benchmark normalized by the documented suite-specific continuity rule,normalized,direct,primary,,,SPECint2006 peak,,,{},,eligible,https://github.com/cornell-brg/processor-trends/blob/main/data/processor-trends.csv#L77; https://github.com/cornell-brg/processor-trends; https://www.intel.com/content/dam/www/public/us/en/documents/datasheets/xeon-5500-vol-1-datasheet.pdf; https://www.spec.org/cpu2006/results/res2009q2/cpu2006-20090330-06862.pdf,Matched against the cleaned Cornell processor-trends source derived from and independently checked against the Stanford/Horowitz data. Official SPEC CPU2006 integer speed result for the exact Intel Xeon W5580 at 3.20 GHz.
obs-cpu-multicore-rate2000-int-base-cornell-intel-gainestown-w5580-2009-04-01,cornell-intel-gainestown-w5580-2009-04-01,Gainestown (W5580),Intel,historical processor dataset,cpu,cpu,2009-04-01,2009.250000,cpu_multicore_rate2000_int_base,,SPECint_rate_base2000 (one chip),measured integer throughput of one CPU package in a published system,unresolved,unresolved,original_author_dataset,,,,,,,,unresolved,,No supported value found; retained as an explicit blank.
obs-cpu-multicore-rate2006-int-base-cornell-intel-gainestown-w5580-2009-04-01,cornell-intel-gainestown-w5580-2009-04-01,Gainestown (W5580),Intel,historical processor dataset,cpu,cpu,2009-04-01,2009.250000,cpu_multicore_rate2006_int_base,,SPECint_rate_base2006 (one chip),measured integer throughput of one CPU package in a published system,unresolved,unresolved,original_author_dataset,,,,,,,,unresolved,,No supported value found; retained as an explicit blank.
obs-cpu-multicore-rate2017-int-base-cornell-intel-gainestown-w5580-2009-04-01,cornell-intel-gainestown-w5580-2009-04-01,Gainestown (W5580),Intel,historical processor dataset,cpu,cpu,2009-04-01,2009.250000,cpu_multicore_rate2017_int_base,,SPECrate2017_int_base (one chip),measured integer throughput of one CPU package in a published system,unresolved,unresolved,original_author_dataset,,,,,,,,unresolved,,No supported value found; retained as an explicit blank.
obs-cpu-multicore-index-cornell-intel-gainestown-w5580-2009-04-01,cornell-intel-gainestown-w5580-2009-04-01,Gainestown (W5580),Intel,historical processor dataset,cpu,cpu,2009-04-01,2009.250000,cpu_multicore_index,,estimated one-chip throughput index (2003=100),estimated integer-throughput index derived from a measured one-CPU-package SPEC rate,unresolved,unresolved,original_author_dataset,,,,,,,,unresolved,,No supported value found; retained as an explicit blank.
obs-fp32-dense-peak-gflops-cornell-intel-gainestown-w5580-2009-04-01,cornell-intel-gainestown-w5580-2009-04-01,Gainestown (W5580),Intel,historical processor dataset,cpu,cpu,2009-04-01,2009.250000,fp32_dense_peak_gflops,,GFLOP/s,dense non-tensor non-sparse FP32 vector peak,unresolved,unresolved,original_author_dataset,,,,,,,,unresolved,,No supported value found; retained as an explicit blank.
obs-transistors-million-inline-opteron-2435-2009-06,inline-opteron-2435-2009-06,Opteron 2435,AMD,historical processor dataset,cpu,cpu,2009-06-01,2009.416667,transistors_million,,million transistors,device or multi-die package transistor count,unresolved,unresolved,inline_name_plus_official_benchmark,,,,,,,,unresolved,,No supported value found; retained as an explicit blank.
obs-frequency-ghz-inline-opteron-2435-2009-06,inline-opteron-2435-2009-06,Opteron 2435,AMD,historical processor dataset,cpu,cpu,2009-06-01,2009.416667,frequency_ghz,,GHz,nominal/base clock unless source states otherwise,unresolved,unresolved,inline_name_plus_official_benchmark,,,,,,,,unresolved,,No supported value found; retained as an explicit blank.
obs-power-w-inline-opteron-2435-2009-06,inline-opteron-2435-2009-06,Opteron 2435,AMD,historical processor dataset,cpu,cpu,2009-06-01,2009.416667,power_w,,W,CPU TDP,unresolved,unresolved,inline_name_plus_official_benchmark,,,,,,,,unresolved,,No supported value found; retained as an explicit blank.
obs-cpu-physical-cores-inline-opteron-2435-2009-06,inline-opteron-2435-2009-06,Opteron 2435,AMD,historical processor dataset,cpu,cpu,2009-06-01,2009.416667,cpu_physical_cores,6,physical cores,physical CPU cores,direct,high,inline_name_plus_official_benchmark,,,,,,{},,eligible,https://github.com/karlrupp/microprocessor-trend-data/blob/master/50yrs/specint.dat#L53; https://www.spec.org/cpu2006/results/res2009q2/cpu2006-20090608-07830.html,Six physical cores; no SMT multiplier is applied.
obs-gpu-compute-units-inline-opteron-2435-2009-06,inline-opteron-2435-2009-06,Opteron 2435,AMD,historical processor dataset,cpu,cpu,2009-06-01,2009.416667,gpu_compute_units,,SMs / CUs / GPU cores,"vendor-native GPU unit count; SM, CU, or Apple GPU core",unresolved,unresolved,inline_name_plus_official_benchmark,,,,,,,,not_applicable_cpu,,No supported value found; retained as an explicit blank.
obs-cpu-single-thread-normalized-inline-opteron-2435-2009-06,inline-opteron-2435-2009-06,Opteron 2435,AMD,historical processor dataset,cpu,cpu,2009-06-01,2009.416667,cpu_single_thread_normalized,21.1,normalized single-core index (legacy SPEC scale),one-copy benchmark normalized by the documented suite-specific continuity rule,normalized,direct,primary,,,SPECint2006,,,{},,eligible,https://github.com/karlrupp/microprocessor-trend-data/blob/master/50yrs/specint.dat#L53; https://www.spec.org/cpu2006/results/res2009q2/cpu2006-20090608-07830.html,Processor identity is embedded in specint.dat and checked against an official SPEC result.
obs-cpu-multicore-rate2000-int-base-inline-opteron-2435-2009-06,inline-opteron-2435-2009-06,Opteron 2435,AMD,historical processor dataset,cpu,cpu,2009-06-01,2009.416667,cpu_multicore_rate2000_int_base,,SPECint_rate_base2000 (one chip),measured integer throughput of one CPU package in a published system,unresolved,unresolved,inline_name_plus_official_benchmark,,,,,,,,unresolved,,No supported value found; retained as an explicit blank.
obs-cpu-multicore-rate2006-int-base-inline-opteron-2435-2009-06,inline-opteron-2435-2009-06,Opteron 2435,AMD,historical processor dataset,cpu,cpu,2009-06-01,2009.416667,cpu_multicore_rate2006_int_base,82,SPECint_rate_base2006 (one chip),measured integer throughput of one CPU package in a published system,measured,direct,primary,SPECint_rate_base2006,82.0,,,,{},,supporting_raw_benchmark_not_plotted,https://www.spec.org/cpu2006/results/res2009q2/cpu2006-20090525-07505.html,Published one-chip system result: HP ProLiant DL165 G6; hardware availability 2009-06. Score belongs to this tested configuration and this SPEC suite only; scores from other suites are not comparable.
obs-cpu-multicore-rate2017-int-base-inline-opteron-2435-2009-06,inline-opteron-2435-2009-06,Opteron 2435,AMD,historical processor dataset,cpu,cpu,2009-06-01,2009.416667,cpu_multicore_rate2017_int_base,,SPECrate2017_int_base (one chip),measured integer throughput of one CPU package in a published system,unresolved,unresolved,inline_name_plus_official_benchmark,,,,,,,,unresolved,,No supported value found; retained as an explicit blank.
obs-cpu-multicore-index-inline-opteron-2435-2009-06,inline-opteron-2435-2009-06,Opteron 2435,AMD,historical processor dataset,cpu,cpu,2009-06-01,2009.416667,cpu_multicore_index,1081.42201835,estimated one-chip throughput index (2003=100),estimated integer-throughput index derived from a measured one-CPU-package SPEC rate,normalized,medium,derived_from_primary,SPECint_rate_base2006,82.0,Educational index; POWER4+ 2003 one-chip SPECint_rate_base2000 15.2 = 100. Bridges use median log ratios of matched one-chip processor results; not an official SPEC conversion.,,,"{""base_index"": 100.0, ""base_score"": 15.2, ""cpu2000_to_cpu2006"": 0.4988558352402746, ""cpu2006_to_cpu2017"": 0.12486988466935224, ""denominator_for_suite"": 7.582608695652174, ""raw_score"": 82.0}",base_index * raw_score / denominator_for_suite,eligible,https://open.spec.org/cpu2000/results/res2006q3/cpu2000-20060705-06399.html; https://open.spec.org/cpu2000/results/res2006q3/cpu2000-20060904-07199.html; https://spec.org/cpu2006/results/res2018q1/cpu2006-20171212-51326.pdf; https://www.spec.org/cpu2000/results/res2006q3/cpu2000-20060705-06403.pdf; https://www.spec.org/cpu2006/results/res2006q3/cpu2006-20060904-00079.pdf; https://www.spec.org/cpu2006/results/res2006q3/cpu2006-20060904-00082.pdf; https://www.spec.org/cpu2006/results/res2007q3/cpu2006-20070723-01554.pdf; https://www.spec.org/cpu2006/results/res2009q2/cpu2006-20090525-07505.html; https://www.spec.org/cpu2006/results/res2017q2/cpu2006-20170529-47129.html; https://www.spec.org/cpu2017/results/res2017q4/cpu2017-20171211-01450.html; https://www.spec.org/cpu2017/results/res2018q1/cpu2017-20171212-01664.html,Estimated cross-suite index from measured one-chip rate. Raw result and all bridge reports are retained; consult cpu-throughput-bridges.json. SPEC does not endorse cross-suite score conversion.
obs-fp32-dense-peak-gflops-inline-opteron-2435-2009-06,inline-opteron-2435-2009-06,Opteron 2435,AMD,historical processor dataset,cpu,cpu,2009-06-01,2009.416667,fp32_dense_peak_gflops,,GFLOP/s,dense non-tensor non-sparse FP32 vector peak,unresolved,unresolved,inline_name_plus_official_benchmark,,,,,,,,unresolved,,No supported value found; retained as an explicit blank.
obs-transistors-million-inline-xeon-w5590-2009-08,inline-xeon-w5590-2009-08,Xeon W5590,Intel,historical processor dataset,cpu,cpu,2009-08-01,2009.583333,transistors_million,,million transistors,device or multi-die package transistor count,unresolved,unresolved,inline_name_plus_official_benchmark,,,,,,,,unresolved,,No supported value found; retained as an explicit blank.
obs-frequency-ghz-inline-xeon-w5590-2009-08,inline-xeon-w5590-2009-08,Xeon W5590,Intel,historical processor dataset,cpu,cpu,2009-08-01,2009.583333,frequency_ghz,,GHz,nominal/base clock unless source states otherwise,unresolved,unresolved,inline_name_plus_official_benchmark,,,,,,,,unresolved,,No supported value found; retained as an explicit blank.
obs-power-w-inline-xeon-w5590-2009-08,inline-xeon-w5590-2009-08,Xeon W5590,Intel,historical processor dataset,cpu,cpu,2009-08-01,2009.583333,power_w,,W,CPU TDP,unresolved,unresolved,inline_name_plus_official_benchmark,,,,,,,,unresolved,,No supported value found; retained as an explicit blank.
obs-cpu-physical-cores-inline-xeon-w5590-2009-08,inline-xeon-w5590-2009-08,Xeon W5590,Intel,historical processor dataset,cpu,cpu,2009-08-01,2009.583333,cpu_physical_cores,4,physical cores,physical CPU cores,direct,high,inline_name_plus_official_benchmark,,,,,,{},,eligible,https://github.com/karlrupp/microprocessor-trend-data/blob/master/50yrs/specint.dat#L54; https://www.spec.org/cpu2006/results/res2009q4/cpu2006-20090924-08646.pdf,Four physical cores; Hyper-Threading contexts are not counted.
obs-gpu-compute-units-inline-xeon-w5590-2009-08,inline-xeon-w5590-2009-08,Xeon W5590,Intel,historical processor dataset,cpu,cpu,2009-08-01,2009.583333,gpu_compute_units,,SMs / CUs / GPU cores,"vendor-native GPU unit count; SM, CU, or Apple GPU core",unresolved,unresolved,inline_name_plus_official_benchmark,,,,,,,,not_applicable_cpu,,No supported value found; retained as an explicit blank.
obs-cpu-single-thread-normalized-inline-xeon-w5590-2009-08,inline-xeon-w5590-2009-08,Xeon W5590,Intel,historical processor dataset,cpu,cpu,2009-08-01,2009.583333,cpu_single_thread_normalized,37.7,normalized single-core index (legacy SPEC scale),one-copy benchmark normalized by the documented suite-specific continuity rule,normalized,direct,primary,,,SPECint2006,,,{},,eligible,https://github.com/karlrupp/microprocessor-trend-data/blob/master/50yrs/specint.dat#L54; https://www.spec.org/cpu2006/results/res2009q4/cpu2006-20090924-08646.pdf,Processor identity is embedded in specint.dat and checked against an official SPEC result.
obs-cpu-multicore-rate2000-int-base-inline-xeon-w5590-2009-08,inline-xeon-w5590-2009-08,Xeon W5590,Intel,historical processor dataset,cpu,cpu,2009-08-01,2009.583333,cpu_multicore_rate2000_int_base,,SPECint_rate_base2000 (one chip),measured integer throughput of one CPU package in a published system,unresolved,unresolved,inline_name_plus_official_benchmark,,,,,,,,unresolved,,No supported value found; retained as an explicit blank.
obs-cpu-multicore-rate2006-int-base-inline-xeon-w5590-2009-08,inline-xeon-w5590-2009-08,Xeon W5590,Intel,historical processor dataset,cpu,cpu,2009-08-01,2009.583333,cpu_multicore_rate2006_int_base,,SPECint_rate_base2006 (one chip),measured integer throughput of one CPU package in a published system,unresolved,unresolved,inline_name_plus_official_benchmark,,,,,,,,unresolved,,No supported value found; retained as an explicit blank.
obs-cpu-multicore-rate2017-int-base-inline-xeon-w5590-2009-08,inline-xeon-w5590-2009-08,Xeon W5590,Intel,historical processor dataset,cpu,cpu,2009-08-01,2009.583333,cpu_multicore_rate2017_int_base,,SPECrate2017_int_base (one chip),measured integer throughput of one CPU package in a published system,unresolved,unresolved,inline_name_plus_official_benchmark,,,,,,,,unresolved,,No supported value found; retained as an explicit blank.
obs-cpu-multicore-index-inline-xeon-w5590-2009-08,inline-xeon-w5590-2009-08,Xeon W5590,Intel,historical processor dataset,cpu,cpu,2009-08-01,2009.583333,cpu_multicore_index,,estimated one-chip throughput index (2003=100),estimated integer-throughput index derived from a measured one-CPU-package SPEC rate,unresolved,unresolved,inline_name_plus_official_benchmark,,,,,,,,unresolved,,No supported value found; retained as an explicit blank.
obs-fp32-dense-peak-gflops-inline-xeon-w5590-2009-08,inline-xeon-w5590-2009-08,Xeon W5590,Intel,historical processor dataset,cpu,cpu,2009-08-01,2009.583333,fp32_dense_peak_gflops,,GFLOP/s,dense non-tensor non-sparse FP32 vector peak,unresolved,unresolved,inline_name_plus_official_benchmark,,,,,,,,unresolved,,No supported value found; retained as an explicit blank.
obs-transistors-million-cornell-sun-rock-2009-09-01,cornell-sun-rock-2009-09-01,Rock,Sun,historical processor dataset,cpu,cpu,2009-09-01,2009.666667,transistors_million,410,million transistors,device or multi-die package transistor count,direct,high,primary,,,,,,{},,eligible,https://github.com/cornell-brg/processor-trends/blob/main/data/processor-trends.csv#L79; https://github.com/cornell-brg/processor-trends,Matched against the cleaned Cornell processor-trends source derived from and independently checked against the Stanford/Horowitz data. Rock was cancelled before commercial release. No validated production-system SPECint result exists for a defensible assignment.
obs-frequency-ghz-cornell-sun-rock-2009-09-01,cornell-sun-rock-2009-09-01,Rock,Sun,historical processor dataset,cpu,cpu,2009-09-01,2009.666667,frequency_ghz,2.3,GHz,nominal/base clock unless source states otherwise,direct,high,primary,,,,,,{},,eligible,https://github.com/cornell-brg/processor-trends/blob/main/data/processor-trends.csv#L79; https://github.com/cornell-brg/processor-trends,Matched against the cleaned Cornell processor-trends source derived from and independently checked against the Stanford/Horowitz data. Rock was cancelled before commercial release. No validated production-system SPECint result exists for a defensible assignment.
obs-power-w-cornell-sun-rock-2009-09-01,cornell-sun-rock-2009-09-01,Rock,Sun,historical processor dataset,cpu,cpu,2009-09-01,2009.666667,power_w,,W,CPU TDP,unresolved,unresolved,original_author_dataset,,,,,,,,unresolved,,No supported value found; retained as an explicit blank.
obs-cpu-physical-cores-cornell-sun-rock-2009-09-01,cornell-sun-rock-2009-09-01,Rock,Sun,historical processor dataset,cpu,cpu,2009-09-01,2009.666667,cpu_physical_cores,16,physical cores,physical CPU cores,direct,high,primary,,,,,,{},,supporting_noncomparable_not_plotted,https://github.com/cornell-brg/processor-trends/blob/main/data/processor-trends.csv#L79; https://github.com/cornell-brg/processor-trends,Matched against the cleaned Cornell processor-trends source derived from and independently checked against the Stanford/Horowitz data. Rock was cancelled before commercial release. No validated production-system SPECint result exists for a defensible assignment.
obs-gpu-compute-units-cornell-sun-rock-2009-09-01,cornell-sun-rock-2009-09-01,Rock,Sun,historical processor dataset,cpu,cpu,2009-09-01,2009.666667,gpu_compute_units,,SMs / CUs / GPU cores,"vendor-native GPU unit count; SM, CU, or Apple GPU core",unresolved,unresolved,original_author_dataset,,,,,,,,not_applicable_cpu,,No supported value found; retained as an explicit blank.
obs-cpu-single-thread-normalized-cornell-sun-rock-2009-09-01,cornell-sun-rock-2009-09-01,Rock,Sun,historical processor dataset,cpu,cpu,2009-09-01,2009.666667,cpu_single_thread_normalized,,normalized single-core index (legacy SPEC scale),one-copy benchmark normalized by the documented suite-specific continuity rule,unresolved,unresolved,original_author_dataset,,,,,,,,unresolved,,No supported value found; retained as an explicit blank.
obs-cpu-multicore-rate2000-int-base-cornell-sun-rock-2009-09-01,cornell-sun-rock-2009-09-01,Rock,Sun,historical processor dataset,cpu,cpu,2009-09-01,2009.666667,cpu_multicore_rate2000_int_base,,SPECint_rate_base2000 (one chip),measured integer throughput of one CPU package in a published system,unresolved,unresolved,original_author_dataset,,,,,,,,unresolved,,No supported value found; retained as an explicit blank.
obs-cpu-multicore-rate2006-int-base-cornell-sun-rock-2009-09-01,cornell-sun-rock-2009-09-01,Rock,Sun,historical processor dataset,cpu,cpu,2009-09-01,2009.666667,cpu_multicore_rate2006_int_base,,SPECint_rate_base2006 (one chip),measured integer throughput of one CPU package in a published system,unresolved,unresolved,original_author_dataset,,,,,,,,unresolved,,No supported value found; retained as an explicit blank.
obs-cpu-multicore-rate2017-int-base-cornell-sun-rock-2009-09-01,cornell-sun-rock-2009-09-01,Rock,Sun,historical processor dataset,cpu,cpu,2009-09-01,2009.666667,cpu_multicore_rate2017_int_base,,SPECrate2017_int_base (one chip),measured integer throughput of one CPU package in a published system,unresolved,unresolved,original_author_dataset,,,,,,,,unresolved,,No supported value found; retained as an explicit blank.
obs-cpu-multicore-index-cornell-sun-rock-2009-09-01,cornell-sun-rock-2009-09-01,Rock,Sun,historical processor dataset,cpu,cpu,2009-09-01,2009.666667,cpu_multicore_index,,estimated one-chip throughput index (2003=100),estimated integer-throughput index derived from a measured one-CPU-package SPEC rate,unresolved,unresolved,original_author_dataset,,,,,,,,unresolved,,No supported value found; retained as an explicit blank.
obs-fp32-dense-peak-gflops-cornell-sun-rock-2009-09-01,cornell-sun-rock-2009-09-01,Rock,Sun,historical processor dataset,cpu,cpu,2009-09-01,2009.666667,fp32_dense_peak_gflops,,GFLOP/s,dense non-tensor non-sparse FP32 vector peak,unresolved,unresolved,original_author_dataset,,,,,,,,unresolved,,No supported value found; retained as an explicit blank.
obs-transistors-million-cornell-intel-i7-860-2009-09-01,cornell-intel-i7-860-2009-09-01,i7-860,Intel,historical processor dataset,cpu,cpu,2009-09-01,2009.666667,transistors_million,774,million transistors,device or multi-die package transistor count,direct,high,primary,,,,,,{},,eligible,https://github.com/cornell-brg/processor-trends/blob/main/data/processor-trends.csv#L80; https://github.com/cornell-brg/processor-trends,"Matched against the cleaned Cornell processor-trends source derived from and independently checked against the Stanford/Horowitz data. Copied from the Cornell normalized-performance field, which follows the Stanford cross-suite SPECint normalization method."
obs-frequency-ghz-cornell-intel-i7-860-2009-09-01,cornell-intel-i7-860-2009-09-01,i7-860,Intel,historical processor dataset,cpu,cpu,2009-09-01,2009.666667,frequency_ghz,2.8,GHz,nominal/base clock unless source states otherwise,direct,high,primary,,,,,,{},,eligible,https://github.com/cornell-brg/processor-trends/blob/main/data/processor-trends.csv#L80; https://github.com/cornell-brg/processor-trends,"Matched against the cleaned Cornell processor-trends source derived from and independently checked against the Stanford/Horowitz data. Copied from the Cornell normalized-performance field, which follows the Stanford cross-suite SPECint normalization method."
obs-power-w-cornell-intel-i7-860-2009-09-01,cornell-intel-i7-860-2009-09-01,i7-860,Intel,historical processor dataset,cpu,cpu,2009-09-01,2009.666667,power_w,95,W,CPU TDP,direct,high,primary,,,,,,{},,eligible,https://github.com/cornell-brg/processor-trends/blob/main/data/processor-trends.csv#L80; https://github.com/cornell-brg/processor-trends,"Matched against the cleaned Cornell processor-trends source derived from and independently checked against the Stanford/Horowitz data. Copied from the Cornell normalized-performance field, which follows the Stanford cross-suite SPECint normalization method."
obs-cpu-physical-cores-cornell-intel-i7-860-2009-09-01,cornell-intel-i7-860-2009-09-01,i7-860,Intel,historical processor dataset,cpu,cpu,2009-09-01,2009.666667,cpu_physical_cores,4,physical cores,physical CPU cores,direct,high,primary,,,,,,{},,eligible,https://github.com/cornell-brg/processor-trends/blob/main/data/processor-trends.csv#L80; https://github.com/cornell-brg/processor-trends,"Matched against the cleaned Cornell processor-trends source derived from and independently checked against the Stanford/Horowitz data. Copied from the Cornell normalized-performance field, which follows the Stanford cross-suite SPECint normalization method."
obs-gpu-compute-units-cornell-intel-i7-860-2009-09-01,cornell-intel-i7-860-2009-09-01,i7-860,Intel,historical processor dataset,cpu,cpu,2009-09-01,2009.666667,gpu_compute_units,,SMs / CUs / GPU cores,"vendor-native GPU unit count; SM, CU, or Apple GPU core",unresolved,unresolved,original_author_dataset,,,,,,,,not_applicable_cpu,,No supported value found; retained as an explicit blank.
obs-cpu-single-thread-normalized-cornell-intel-i7-860-2009-09-01,cornell-intel-i7-860-2009-09-01,i7-860,Intel,historical processor dataset,cpu,cpu,2009-09-01,2009.666667,cpu_single_thread_normalized,37.9,normalized single-core index (legacy SPEC scale),one-copy benchmark normalized by the documented suite-specific continuity rule,normalized,high,primary,,,Stanford/Cornell normalized SPECint2006-equivalent performance,,,{},,eligible,https://github.com/cornell-brg/processor-trends/blob/main/data/processor-trends.csv#L80; https://github.com/cornell-brg/processor-trends,"Matched against the cleaned Cornell processor-trends source derived from and independently checked against the Stanford/Horowitz data. Copied from the Cornell normalized-performance field, which follows the Stanford cross-suite SPECint normalization method."
obs-cpu-multicore-rate2000-int-base-cornell-intel-i7-860-2009-09-01,cornell-intel-i7-860-2009-09-01,i7-860,Intel,historical processor dataset,cpu,cpu,2009-09-01,2009.666667,cpu_multicore_rate2000_int_base,,SPECint_rate_base2000 (one chip),measured integer throughput of one CPU package in a published system,unresolved,unresolved,original_author_dataset,,,,,,,,unresolved,,No supported value found; retained as an explicit blank.
obs-cpu-multicore-rate2006-int-base-cornell-intel-i7-860-2009-09-01,cornell-intel-i7-860-2009-09-01,i7-860,Intel,historical processor dataset,cpu,cpu,2009-09-01,2009.666667,cpu_multicore_rate2006_int_base,,SPECint_rate_base2006 (one chip),measured integer throughput of one CPU package in a published system,unresolved,unresolved,original_author_dataset,,,,,,,,unresolved,,No supported value found; retained as an explicit blank.
obs-cpu-multicore-rate2017-int-base-cornell-intel-i7-860-2009-09-01,cornell-intel-i7-860-2009-09-01,i7-860,Intel,historical processor dataset,cpu,cpu,2009-09-01,2009.666667,cpu_multicore_rate2017_int_base,,SPECrate2017_int_base (one chip),measured integer throughput of one CPU package in a published system,unresolved,unresolved,original_author_dataset,,,,,,,,unresolved,,No supported value found; retained as an explicit blank.
obs-cpu-multicore-index-cornell-intel-i7-860-2009-09-01,cornell-intel-i7-860-2009-09-01,i7-860,Intel,historical processor dataset,cpu,cpu,2009-09-01,2009.666667,cpu_multicore_index,,estimated one-chip throughput index (2003=100),estimated integer-throughput index derived from a measured one-CPU-package SPEC rate,unresolved,unresolved,original_author_dataset,,,,,,,,unresolved,,No supported value found; retained as an explicit blank.
obs-fp32-dense-peak-gflops-cornell-intel-i7-860-2009-09-01,cornell-intel-i7-860-2009-09-01,i7-860,Intel,historical processor dataset,cpu,cpu,2009-09-01,2009.666667,fp32_dense_peak_gflops,,GFLOP/s,dense non-tensor non-sparse FP32 vector peak,unresolved,unresolved,original_author_dataset,,,,,,,,unresolved,,No supported value found; retained as an explicit blank.
obs-transistors-million-amd-radeon-hd-5870,amd-radeon-hd-5870,AMD Radeon HD 5870,AMD,client/gaming,gpu,gpu,2009-09-23,2009.726899,transistors_million,2150,million transistors,device or multi-die package transistor count,direct,medium,secondary,,,,,,{},,eligible,https://forums.developer.nvidia.com/t/gpu-vs-cpu-comparison-over-the-last-years/13097,
obs-frequency-ghz-amd-radeon-hd-5870,amd-radeon-hd-5870,AMD Radeon HD 5870,AMD,client/gaming,gpu,gpu,2009-09-23,2009.726899,frequency_ghz,,GHz,nominal/base clock unless source states otherwise,unresolved,unresolved,primary,,,,,,,,unresolved,,No supported value found; retained as an explicit blank.
obs-power-w-amd-radeon-hd-5870,amd-radeon-hd-5870,AMD Radeon HD 5870,AMD,client/gaming,gpu,gpu,2009-09-23,2009.726899,power_w,,W,GPU TBP/TDP,unresolved,unresolved,primary,,,,,,,,unresolved,,No supported value found; retained as an explicit blank.
obs-cpu-physical-cores-amd-radeon-hd-5870,amd-radeon-hd-5870,AMD Radeon HD 5870,AMD,client/gaming,gpu,gpu,2009-09-23,2009.726899,cpu_physical_cores,,physical cores,physical CPU cores,unresolved,unresolved,primary,,,,,,,,not_applicable_gpu,,No supported value found; retained as an explicit blank.
obs-gpu-compute-units-amd-radeon-hd-5870,amd-radeon-hd-5870,AMD Radeon HD 5870,AMD,client/gaming,gpu,discrete_gpu,2009-09-23,2009.726899,gpu_compute_units,,SMs / CUs / GPU cores,"vendor-native GPU unit count; SM, CU, or Apple GPU core",unresolved,unresolved,primary,,,,,,,,unresolved,,No supported value found; retained as an explicit blank.
obs-cpu-single-thread-normalized-amd-radeon-hd-5870,amd-radeon-hd-5870,AMD Radeon HD 5870,AMD,client/gaming,gpu,gpu,2009-09-23,2009.726899,cpu_single_thread_normalized,,normalized single-core index (legacy SPEC scale),one-copy benchmark normalized by the documented suite-specific continuity rule,unresolved,unresolved,primary,,,,,,,,not_applicable_gpu,,No supported value found; retained as an explicit blank.
obs-cpu-multicore-rate2000-int-base-amd-radeon-hd-5870,amd-radeon-hd-5870,AMD Radeon HD 5870,AMD,client/gaming,gpu,gpu,2009-09-23,2009.726899,cpu_multicore_rate2000_int_base,,SPECint_rate_base2000 (one chip),measured integer throughput of one CPU package in a published system,unresolved,unresolved,primary,,,,,,,,not_applicable_gpu,,No supported value found; retained as an explicit blank.
obs-cpu-multicore-rate2006-int-base-amd-radeon-hd-5870,amd-radeon-hd-5870,AMD Radeon HD 5870,AMD,client/gaming,gpu,gpu,2009-09-23,2009.726899,cpu_multicore_rate2006_int_base,,SPECint_rate_base2006 (one chip),measured integer throughput of one CPU package in a published system,unresolved,unresolved,primary,,,,,,,,not_applicable_gpu,,No supported value found; retained as an explicit blank.
obs-cpu-multicore-rate2017-int-base-amd-radeon-hd-5870,amd-radeon-hd-5870,AMD Radeon HD 5870,AMD,client/gaming,gpu,gpu,2009-09-23,2009.726899,cpu_multicore_rate2017_int_base,,SPECrate2017_int_base (one chip),measured integer throughput of one CPU package in a published system,unresolved,unresolved,primary,,,,,,,,not_applicable_gpu,,No supported value found; retained as an explicit blank.
obs-cpu-multicore-index-amd-radeon-hd-5870,amd-radeon-hd-5870,AMD Radeon HD 5870,AMD,client/gaming,gpu,gpu,2009-09-23,2009.726899,cpu_multicore_index,,estimated one-chip throughput index (2003=100),estimated integer-throughput index derived from a measured one-CPU-package SPEC rate,unresolved,unresolved,primary,,,,,,,,not_applicable_gpu,,No supported value found; retained as an explicit blank.
obs-fp32-dense-peak-gflops-amd-radeon-hd-5870,amd-radeon-hd-5870,AMD Radeon HD 5870,AMD,client/gaming,gpu,discrete_gpu,2009-09-23,2009.726899,fp32_dense_peak_gflops,2720,GFLOP/s,dense non-tensor non-sparse FP32 vector peak,direct,medium,secondary,,,,FP32 vector dense,,{},,eligible,https://forums.developer.nvidia.com/t/gpu-vs-cpu-comparison-over-the-last-years/13097,
obs-transistors-million-inline-xeon-x5680-2010-03,inline-xeon-x5680-2010-03,Xeon X5680,Intel,historical processor dataset,cpu,cpu,2010-03-01,2010.166667,transistors_million,,million transistors,device or multi-die package transistor count,unresolved,unresolved,inline_name_plus_official_benchmark,,,,,,,,unresolved,,No supported value found; retained as an explicit blank.
obs-frequency-ghz-inline-xeon-x5680-2010-03,inline-xeon-x5680-2010-03,Xeon X5680,Intel,historical processor dataset,cpu,cpu,2010-03-01,2010.166667,frequency_ghz,,GHz,nominal/base clock unless source states otherwise,unresolved,unresolved,inline_name_plus_official_benchmark,,,,,,,,unresolved,,No supported value found; retained as an explicit blank.
obs-power-w-inline-xeon-x5680-2010-03,inline-xeon-x5680-2010-03,Xeon X5680,Intel,historical processor dataset,cpu,cpu,2010-03-01,2010.166667,power_w,,W,CPU TDP,unresolved,unresolved,inline_name_plus_official_benchmark,,,,,,,,unresolved,,No supported value found; retained as an explicit blank.
obs-cpu-physical-cores-inline-xeon-x5680-2010-03,inline-xeon-x5680-2010-03,Xeon X5680,Intel,historical processor dataset,cpu,cpu,2010-03-01,2010.166667,cpu_physical_cores,6,physical cores,physical CPU cores,direct,high,inline_name_plus_official_benchmark,,,,,,{},,eligible,https://github.com/karlrupp/microprocessor-trend-data/blob/master/50yrs/specint.dat#L55; https://www.spec.org/cpu2006/results/res2010q3/cpu2006-20100705-12175.pdf,Six physical cores; twelve hardware threads are not counted.
obs-gpu-compute-units-inline-xeon-x5680-2010-03,inline-xeon-x5680-2010-03,Xeon X5680,Intel,historical processor dataset,cpu,cpu,2010-03-01,2010.166667,gpu_compute_units,,SMs / CUs / GPU cores,"vendor-native GPU unit count; SM, CU, or Apple GPU core",unresolved,unresolved,inline_name_plus_official_benchmark,,,,,,,,not_applicable_cpu,,No supported value found; retained as an explicit blank.
obs-cpu-single-thread-normalized-inline-xeon-x5680-2010-03,inline-xeon-x5680-2010-03,Xeon X5680,Intel,historical processor dataset,cpu,cpu,2010-03-01,2010.166667,cpu_single_thread_normalized,42,normalized single-core index (legacy SPEC scale),one-copy benchmark normalized by the documented suite-specific continuity rule,normalized,direct,primary,,,SPECint2006,,,{},,eligible,https://github.com/karlrupp/microprocessor-trend-data/blob/master/50yrs/specint.dat#L55; https://www.spec.org/cpu2006/results/res2010q3/cpu2006-20100705-12175.pdf,Processor identity is embedded in specint.dat and checked against an official SPEC result.
obs-cpu-multicore-rate2000-int-base-inline-xeon-x5680-2010-03,inline-xeon-x5680-2010-03,Xeon X5680,Intel,historical processor dataset,cpu,cpu,2010-03-01,2010.166667,cpu_multicore_rate2000_int_base,,SPECint_rate_base2000 (one chip),measured integer throughput of one CPU package in a published system,unresolved,unresolved,inline_name_plus_official_benchmark,,,,,,,,unresolved,,No supported value found; retained as an explicit blank.
obs-cpu-multicore-rate2006-int-base-inline-xeon-x5680-2010-03,inline-xeon-x5680-2010-03,Xeon X5680,Intel,historical processor dataset,cpu,cpu,2010-03-01,2010.166667,cpu_multicore_rate2006_int_base,181,SPECint_rate_base2006 (one chip),measured integer throughput of one CPU package in a published system,measured,direct,primary,SPECint_rate_base2006,181,,,,{},,supporting_raw_benchmark_not_plotted,https://www.spec.org/cpu2006/results/res2010q2/cpu2006-20100505-10861.html,Published one-chip system result: Fujitsu PRIMERGY BX922 S2; hardware availability 2010-03. Score belongs to this tested configuration and this SPEC suite only; scores from other suites are not comparable.
obs-cpu-multicore-rate2017-int-base-inline-xeon-x5680-2010-03,inline-xeon-x5680-2010-03,Xeon X5680,Intel,historical processor dataset,cpu,cpu,2010-03-01,2010.166667,cpu_multicore_rate2017_int_base,,SPECrate2017_int_base (one chip),measured integer throughput of one CPU package in a published system,unresolved,unresolved,inline_name_plus_official_benchmark,,,,,,,,unresolved,,No supported value found; retained as an explicit blank.
obs-cpu-multicore-index-inline-xeon-x5680-2010-03,inline-xeon-x5680-2010-03,Xeon X5680,Intel,historical processor dataset,cpu,cpu,2010-03-01,2010.166667,cpu_multicore_index,2387.0412844,estimated one-chip throughput index (2003=100),estimated integer-throughput index derived from a measured one-CPU-package SPEC rate,normalized,medium,derived_from_primary,SPECint_rate_base2006,181.0,Educational index; POWER4+ 2003 one-chip SPECint_rate_base2000 15.2 = 100. Bridges use median log ratios of matched one-chip processor results; not an official SPEC conversion.,,,"{""base_index"": 100.0, ""base_score"": 15.2, ""cpu2000_to_cpu2006"": 0.4988558352402746, ""cpu2006_to_cpu2017"": 0.12486988466935224, ""denominator_for_suite"": 7.582608695652174, ""raw_score"": 181.0}",base_index * raw_score / denominator_for_suite,eligible,https://open.spec.org/cpu2000/results/res2006q3/cpu2000-20060705-06399.html; https://open.spec.org/cpu2000/results/res2006q3/cpu2000-20060904-07199.html; https://spec.org/cpu2006/results/res2018q1/cpu2006-20171212-51326.pdf; https://www.spec.org/cpu2000/results/res2006q3/cpu2000-20060705-06403.pdf; https://www.spec.org/cpu2006/results/res2006q3/cpu2006-20060904-00079.pdf; https://www.spec.org/cpu2006/results/res2006q3/cpu2006-20060904-00082.pdf; https://www.spec.org/cpu2006/results/res2007q3/cpu2006-20070723-01554.pdf; https://www.spec.org/cpu2006/results/res2010q2/cpu2006-20100505-10861.html; https://www.spec.org/cpu2006/results/res2017q2/cpu2006-20170529-47129.html; https://www.spec.org/cpu2017/results/res2017q4/cpu2017-20171211-01450.html; https://www.spec.org/cpu2017/results/res2018q1/cpu2017-20171212-01664.html,Estimated cross-suite index from measured one-chip rate. Raw result and all bridge reports are retained; consult cpu-throughput-bridges.json. SPEC does not endorse cross-suite score conversion.
obs-fp32-dense-peak-gflops-inline-xeon-x5680-2010-03,inline-xeon-x5680-2010-03,Xeon X5680,Intel,historical processor dataset,cpu,cpu,2010-03-01,2010.166667,fp32_dense_peak_gflops,,GFLOP/s,dense non-tensor non-sparse FP32 vector peak,unresolved,unresolved,inline_name_plus_official_benchmark,,,,,,,,unresolved,,No supported value found; retained as an explicit blank.
obs-transistors-million-inline-opteron-4184-2010-11,inline-opteron-4184-2010-11,Opteron 4184,AMD,historical processor dataset,cpu,cpu,2010-11-01,2010.833333,transistors_million,,million transistors,device or multi-die package transistor count,unresolved,unresolved,inline_name_plus_official_benchmark,,,,,,,,unresolved,,No supported value found; retained as an explicit blank.
obs-frequency-ghz-inline-opteron-4184-2010-11,inline-opteron-4184-2010-11,Opteron 4184,AMD,historical processor dataset,cpu,cpu,2010-11-01,2010.833333,frequency_ghz,,GHz,nominal/base clock unless source states otherwise,unresolved,unresolved,inline_name_plus_official_benchmark,,,,,,,,unresolved,,No supported value found; retained as an explicit blank.
obs-power-w-inline-opteron-4184-2010-11,inline-opteron-4184-2010-11,Opteron 4184,AMD,historical processor dataset,cpu,cpu,2010-11-01,2010.833333,power_w,,W,CPU TDP,unresolved,unresolved,inline_name_plus_official_benchmark,,,,,,,,unresolved,,No supported value found; retained as an explicit blank.
obs-cpu-physical-cores-inline-opteron-4184-2010-11,inline-opteron-4184-2010-11,Opteron 4184,AMD,historical processor dataset,cpu,cpu,2010-11-01,2010.833333,cpu_physical_cores,6,physical cores,physical CPU cores,direct,high,inline_name_plus_official_benchmark,,,,,,{},,eligible,https://github.com/karlrupp/microprocessor-trend-data/blob/master/50yrs/specint.dat#L56; https://www.spec.org/cpu2006/results/res2011q1/cpu2006-20110110-14087.pdf,Six physical cores; no SMT multiplier is applied.
obs-gpu-compute-units-inline-opteron-4184-2010-11,inline-opteron-4184-2010-11,Opteron 4184,AMD,historical processor dataset,cpu,cpu,2010-11-01,2010.833333,gpu_compute_units,,SMs / CUs / GPU cores,"vendor-native GPU unit count; SM, CU, or Apple GPU core",unresolved,unresolved,inline_name_plus_official_benchmark,,,,,,,,not_applicable_cpu,,No supported value found; retained as an explicit blank.
obs-cpu-single-thread-normalized-inline-opteron-4184-2010-11,inline-opteron-4184-2010-11,Opteron 4184,AMD,historical processor dataset,cpu,cpu,2010-11-01,2010.833333,cpu_single_thread_normalized,25.8,normalized single-core index (legacy SPEC scale),one-copy benchmark normalized by the documented suite-specific continuity rule,normalized,direct,primary,,,SPECint2006,,,{},,eligible,https://github.com/karlrupp/microprocessor-trend-data/blob/master/50yrs/specint.dat#L56; https://www.spec.org/cpu2006/results/res2011q1/cpu2006-20110110-14087.pdf,Processor identity is embedded in specint.dat and checked against an official SPEC result.
obs-cpu-multicore-rate2000-int-base-inline-opteron-4184-2010-11,inline-opteron-4184-2010-11,Opteron 4184,AMD,historical processor dataset,cpu,cpu,2010-11-01,2010.833333,cpu_multicore_rate2000_int_base,,SPECint_rate_base2000 (one chip),measured integer throughput of one CPU package in a published system,unresolved,unresolved,inline_name_plus_official_benchmark,,,,,,,,unresolved,,No supported value found; retained as an explicit blank.
obs-cpu-multicore-rate2006-int-base-inline-opteron-4184-2010-11,inline-opteron-4184-2010-11,Opteron 4184,AMD,historical processor dataset,cpu,cpu,2010-11-01,2010.833333,cpu_multicore_rate2006_int_base,,SPECint_rate_base2006 (one chip),measured integer throughput of one CPU package in a published system,unresolved,unresolved,inline_name_plus_official_benchmark,,,,,,,,unresolved,,No supported value found; retained as an explicit blank.
obs-cpu-multicore-rate2017-int-base-inline-opteron-4184-2010-11,inline-opteron-4184-2010-11,Opteron 4184,AMD,historical processor dataset,cpu,cpu,2010-11-01,2010.833333,cpu_multicore_rate2017_int_base,,SPECrate2017_int_base (one chip),measured integer throughput of one CPU package in a published system,unresolved,unresolved,inline_name_plus_official_benchmark,,,,,,,,unresolved,,No supported value found; retained as an explicit blank.
obs-cpu-multicore-index-inline-opteron-4184-2010-11,inline-opteron-4184-2010-11,Opteron 4184,AMD,historical processor dataset,cpu,cpu,2010-11-01,2010.833333,cpu_multicore_index,,estimated one-chip throughput index (2003=100),estimated integer-throughput index derived from a measured one-CPU-package SPEC rate,unresolved,unresolved,inline_name_plus_official_benchmark,,,,,,,,unresolved,,No supported value found; retained as an explicit blank.
obs-fp32-dense-peak-gflops-inline-opteron-4184-2010-11,inline-opteron-4184-2010-11,Opteron 4184,AMD,historical processor dataset,cpu,cpu,2010-11-01,2010.833333,fp32_dense_peak_gflops,,GFLOP/s,dense non-tensor non-sparse FP32 vector peak,unresolved,unresolved,inline_name_plus_official_benchmark,,,,,,,,unresolved,,No supported value found; retained as an explicit blank.
obs-transistors-million-newdata-xeon-x5690-2011-02,newdata-xeon-x5690-2011-02,Xeon X5690,Intel,historical processor dataset,cpu,cpu,2011-02-01,2011.083333,transistors_million,1170,million transistors,device or multi-die package transistor count,direct,high,primary,,,,,,{},,eligible,https://github.com/karlrupp/microprocessor-trend-data/blob/master/newdata.txt#L12; https://www.spec.org/cpu2006/results/; http://www.anandtech.com/show/5553/the-xeon-e52600-dual-sandybridge-for-servers/2,http://www.anandtech.com/show/5553/the-xeon-e52600-dual-sandybridge-for-servers/2
obs-frequency-ghz-newdata-xeon-x5690-2011-02,newdata-xeon-x5690-2011-02,Xeon X5690,Intel,historical processor dataset,cpu,cpu,2011-02-01,2011.083333,frequency_ghz,3.47,GHz,nominal/base clock unless source states otherwise,direct,high,primary,,,,,,{},,eligible,https://github.com/karlrupp/microprocessor-trend-data/blob/master/newdata.txt#L12; https://www.spec.org/cpu2006/results/; http://www.anandtech.com/show/5553/the-xeon-e52600-dual-sandybridge-for-servers/2,http://www.anandtech.com/show/5553/the-xeon-e52600-dual-sandybridge-for-servers/2
obs-power-w-newdata-xeon-x5690-2011-02,newdata-xeon-x5690-2011-02,Xeon X5690,Intel,historical processor dataset,cpu,cpu,2011-02-01,2011.083333,power_w,130,W,CPU TDP,direct,high,primary,,,,,,{},,eligible,https://github.com/karlrupp/microprocessor-trend-data/blob/master/newdata.txt#L12; https://www.spec.org/cpu2006/results/; http://www.anandtech.com/show/5553/the-xeon-e52600-dual-sandybridge-for-servers/2,http://www.anandtech.com/show/5553/the-xeon-e52600-dual-sandybridge-for-servers/2
obs-cpu-physical-cores-newdata-xeon-x5690-2011-02,newdata-xeon-x5690-2011-02,Xeon X5690,Intel,historical processor dataset,cpu,cpu,2011-02-01,2011.083333,cpu_physical_cores,6,physical cores,physical CPU cores,direct,high,repository_source,,,,,,{},,eligible,https://github.com/karlrupp/microprocessor-trend-data/blob/master/newdata.txt#L12; https://www.spec.org/cpu2006/results/; http://www.anandtech.com/show/5553/the-xeon-e52600-dual-sandybridge-for-servers/2,Six physical cores; the legacy value of twelve was a hardware-thread count.
obs-gpu-compute-units-newdata-xeon-x5690-2011-02,newdata-xeon-x5690-2011-02,Xeon X5690,Intel,historical processor dataset,cpu,cpu,2011-02-01,2011.083333,gpu_compute_units,,SMs / CUs / GPU cores,"vendor-native GPU unit count; SM, CU, or Apple GPU core",unresolved,unresolved,repository_source,,,,,,,,not_applicable_cpu,,No supported value found; retained as an explicit blank.
obs-cpu-single-thread-normalized-newdata-xeon-x5690-2011-02,newdata-xeon-x5690-2011-02,Xeon X5690,Intel,historical processor dataset,cpu,cpu,2011-02-01,2011.083333,cpu_single_thread_normalized,46.7,normalized single-core index (legacy SPEC scale),one-copy benchmark normalized by the documented suite-specific continuity rule,normalized,direct,primary,,,SPECint2006,,,{},,eligible,https://github.com/karlrupp/microprocessor-trend-data/blob/master/newdata.txt#L12; https://www.spec.org/cpu2006/results/; http://www.anandtech.com/show/5553/the-xeon-e52600-dual-sandybridge-for-servers/2,http://www.anandtech.com/show/5553/the-xeon-e52600-dual-sandybridge-for-servers/2
obs-cpu-multicore-rate2000-int-base-newdata-xeon-x5690-2011-02,newdata-xeon-x5690-2011-02,Xeon X5690,Intel,historical processor dataset,cpu,cpu,2011-02-01,2011.083333,cpu_multicore_rate2000_int_base,,SPECint_rate_base2000 (one chip),measured integer throughput of one CPU package in a published system,unresolved,unresolved,repository_source,,,,,,,,unresolved,,No supported value found; retained as an explicit blank.
obs-cpu-multicore-rate2006-int-base-newdata-xeon-x5690-2011-02,newdata-xeon-x5690-2011-02,Xeon X5690,Intel,historical processor dataset,cpu,cpu,2011-02-01,2011.083333,cpu_multicore_rate2006_int_base,215,SPECint_rate_base2006 (one chip),measured integer throughput of one CPU package in a published system,measured,direct,primary,SPECint_rate_base2006,215,,,,{},,supporting_raw_benchmark_not_plotted,https://www.spec.org/cpu2006/results/res2012q1/cpu2006-20120126-19377.html,Published one-chip system result: Itautec Servidor MX214; hardware availability 2011-07. Score belongs to this tested configuration and this SPEC suite only; scores from other suites are not comparable.
obs-cpu-multicore-rate2017-int-base-newdata-xeon-x5690-2011-02,newdata-xeon-x5690-2011-02,Xeon X5690,Intel,historical processor dataset,cpu,cpu,2011-02-01,2011.083333,cpu_multicore_rate2017_int_base,,SPECrate2017_int_base (one chip),measured integer throughput of one CPU package in a published system,unresolved,unresolved,repository_source,,,,,,,,unresolved,,No supported value found; retained as an explicit blank.
obs-cpu-multicore-index-newdata-xeon-x5690-2011-02,newdata-xeon-x5690-2011-02,Xeon X5690,Intel,historical processor dataset,cpu,cpu,2011-02-01,2011.083333,cpu_multicore_index,2835.43577982,estimated one-chip throughput index (2003=100),estimated integer-throughput index derived from a measured one-CPU-package SPEC rate,normalized,medium,derived_from_primary,SPECint_rate_base2006,215.0,Educational index; POWER4+ 2003 one-chip SPECint_rate_base2000 15.2 = 100. Bridges use median log ratios of matched one-chip processor results; not an official SPEC conversion.,,,"{""base_index"": 100.0, ""base_score"": 15.2, ""cpu2000_to_cpu2006"": 0.4988558352402746, ""cpu2006_to_cpu2017"": 0.12486988466935224, ""denominator_for_suite"": 7.582608695652174, ""raw_score"": 215.0}",base_index * raw_score / denominator_for_suite,eligible,https://open.spec.org/cpu2000/results/res2006q3/cpu2000-20060705-06399.html; https://open.spec.org/cpu2000/results/res2006q3/cpu2000-20060904-07199.html; https://spec.org/cpu2006/results/res2018q1/cpu2006-20171212-51326.pdf; https://www.spec.org/cpu2000/results/res2006q3/cpu2000-20060705-06403.pdf; https://www.spec.org/cpu2006/results/res2006q3/cpu2006-20060904-00079.pdf; https://www.spec.org/cpu2006/results/res2006q3/cpu2006-20060904-00082.pdf; https://www.spec.org/cpu2006/results/res2007q3/cpu2006-20070723-01554.pdf; https://www.spec.org/cpu2006/results/res2012q1/cpu2006-20120126-19377.html; https://www.spec.org/cpu2006/results/res2017q2/cpu2006-20170529-47129.html; https://www.spec.org/cpu2017/results/res2017q4/cpu2017-20171211-01450.html; https://www.spec.org/cpu2017/results/res2018q1/cpu2017-20171212-01664.html,Estimated cross-suite index from measured one-chip rate. Raw result and all bridge reports are retained; consult cpu-throughput-bridges.json. SPEC does not endorse cross-suite score conversion.
obs-fp32-dense-peak-gflops-newdata-xeon-x5690-2011-02,newdata-xeon-x5690-2011-02,Xeon X5690,Intel,historical processor dataset,cpu,cpu,2011-02-01,2011.083333,fp32_dense_peak_gflops,,GFLOP/s,dense non-tensor non-sparse FP32 vector peak,unresolved,unresolved,repository_source,,,,,,,,unresolved,,No supported value found; retained as an explicit blank.
obs-transistors-million-newdata-xeon-e7-8870-2011-04,newdata-xeon-e7-8870-2011-04,Xeon E7-8870,Intel,historical processor dataset,cpu,cpu,2011-04-01,2011.250000,transistors_million,2600,million transistors,device or multi-die package transistor count,direct,high,primary,,,,,,{},,eligible,https://github.com/karlrupp/microprocessor-trend-data/blob/master/newdata.txt#L13; https://www.spec.org/cpu2006/results/,
obs-frequency-ghz-newdata-xeon-e7-8870-2011-04,newdata-xeon-e7-8870-2011-04,Xeon E7-8870,Intel,historical processor dataset,cpu,cpu,2011-04-01,2011.250000,frequency_ghz,2.4,GHz,nominal/base clock unless source states otherwise,direct,high,primary,,,,,,{},,eligible,https://github.com/karlrupp/microprocessor-trend-data/blob/master/newdata.txt#L13; https://www.spec.org/cpu2006/results/,
obs-power-w-newdata-xeon-e7-8870-2011-04,newdata-xeon-e7-8870-2011-04,Xeon E7-8870,Intel,historical processor dataset,cpu,cpu,2011-04-01,2011.250000,power_w,130,W,CPU TDP,direct,high,primary,,,,,,{},,eligible,https://github.com/karlrupp/microprocessor-trend-data/blob/master/newdata.txt#L13; https://www.spec.org/cpu2006/results/,
obs-cpu-physical-cores-newdata-xeon-e7-8870-2011-04,newdata-xeon-e7-8870-2011-04,Xeon E7-8870,Intel,historical processor dataset,cpu,cpu,2011-04-01,2011.250000,cpu_physical_cores,10,physical cores,physical CPU cores,direct,high,repository_source,,,,,,{},,eligible,https://github.com/karlrupp/microprocessor-trend-data/blob/master/newdata.txt#L13; https://www.spec.org/cpu2006/results/,Ten physical cores; the legacy value of twenty was a hardware-thread count.
obs-gpu-compute-units-newdata-xeon-e7-8870-2011-04,newdata-xeon-e7-8870-2011-04,Xeon E7-8870,Intel,historical processor dataset,cpu,cpu,2011-04-01,2011.250000,gpu_compute_units,,SMs / CUs / GPU cores,"vendor-native GPU unit count; SM, CU, or Apple GPU core",unresolved,unresolved,repository_source,,,,,,,,not_applicable_cpu,,No supported value found; retained as an explicit blank.
obs-cpu-single-thread-normalized-newdata-xeon-e7-8870-2011-04,newdata-xeon-e7-8870-2011-04,Xeon E7-8870,Intel,historical processor dataset,cpu,cpu,2011-04-01,2011.250000,cpu_single_thread_normalized,39.4,normalized single-core index (legacy SPEC scale),one-copy benchmark normalized by the documented suite-specific continuity rule,normalized,direct,primary,,,SPECint2006,,,{},,eligible,https://github.com/karlrupp/microprocessor-trend-data/blob/master/newdata.txt#L13; https://www.spec.org/cpu2006/results/,
obs-cpu-multicore-rate2000-int-base-newdata-xeon-e7-8870-2011-04,newdata-xeon-e7-8870-2011-04,Xeon E7-8870,Intel,historical processor dataset,cpu,cpu,2011-04-01,2011.250000,cpu_multicore_rate2000_int_base,,SPECint_rate_base2000 (one chip),measured integer throughput of one CPU package in a published system,unresolved,unresolved,repository_source,,,,,,,,unresolved,,No supported value found; retained as an explicit blank.
obs-cpu-multicore-rate2006-int-base-newdata-xeon-e7-8870-2011-04,newdata-xeon-e7-8870-2011-04,Xeon E7-8870,Intel,historical processor dataset,cpu,cpu,2011-04-01,2011.250000,cpu_multicore_rate2006_int_base,,SPECint_rate_base2006 (one chip),measured integer throughput of one CPU package in a published system,unresolved,unresolved,repository_source,,,,,,,,unresolved,,No supported value found; retained as an explicit blank.
obs-cpu-multicore-rate2017-int-base-newdata-xeon-e7-8870-2011-04,newdata-xeon-e7-8870-2011-04,Xeon E7-8870,Intel,historical processor dataset,cpu,cpu,2011-04-01,2011.250000,cpu_multicore_rate2017_int_base,,SPECrate2017_int_base (one chip),measured integer throughput of one CPU package in a published system,unresolved,unresolved,repository_source,,,,,,,,unresolved,,No supported value found; retained as an explicit blank.
obs-cpu-multicore-index-newdata-xeon-e7-8870-2011-04,newdata-xeon-e7-8870-2011-04,Xeon E7-8870,Intel,historical processor dataset,cpu,cpu,2011-04-01,2011.250000,cpu_multicore_index,,estimated one-chip throughput index (2003=100),estimated integer-throughput index derived from a measured one-CPU-package SPEC rate,unresolved,unresolved,repository_source,,,,,,,,unresolved,,No supported value found; retained as an explicit blank.
obs-fp32-dense-peak-gflops-newdata-xeon-e7-8870-2011-04,newdata-xeon-e7-8870-2011-04,Xeon E7-8870,Intel,historical processor dataset,cpu,cpu,2011-04-01,2011.250000,fp32_dense_peak_gflops,,GFLOP/s,dense non-tensor non-sparse FP32 vector peak,unresolved,unresolved,repository_source,,,,,,,,unresolved,,No supported value found; retained as an explicit blank.
obs-transistors-million-newdata-opteron-4284-2011-11,newdata-opteron-4284-2011-11,Opteron 4284,AMD,historical processor dataset,cpu,cpu,2011-11-01,2011.833333,transistors_million,1200,million transistors,device or multi-die package transistor count,direct,high,primary,,,,,,{},,eligible,https://github.com/karlrupp/microprocessor-trend-data/blob/master/newdata.txt#L14; https://www.spec.org/cpu2006/results/,
obs-frequency-ghz-newdata-opteron-4284-2011-11,newdata-opteron-4284-2011-11,Opteron 4284,AMD,historical processor dataset,cpu,cpu,2011-11-01,2011.833333,frequency_ghz,3,GHz,nominal/base clock unless source states otherwise,direct,high,primary,,,,,,{},,eligible,https://github.com/karlrupp/microprocessor-trend-data/blob/master/newdata.txt#L14; https://www.spec.org/cpu2006/results/,
obs-power-w-newdata-opteron-4284-2011-11,newdata-opteron-4284-2011-11,Opteron 4284,AMD,historical processor dataset,cpu,cpu,2011-11-01,2011.833333,power_w,95,W,CPU TDP,direct,high,primary,,,,,,{},,eligible,https://github.com/karlrupp/microprocessor-trend-data/blob/master/newdata.txt#L14; https://www.spec.org/cpu2006/results/,
obs-cpu-physical-cores-newdata-opteron-4284-2011-11,newdata-opteron-4284-2011-11,Opteron 4284,AMD,historical processor dataset,cpu,cpu,2011-11-01,2011.833333,cpu_physical_cores,8,physical cores,physical CPU cores,direct,high,repository_source,,,,,,{},,eligible,https://github.com/karlrupp/microprocessor-trend-data/blob/master/newdata.txt#L14; https://www.spec.org/cpu2006/results/,Eight marketed physical integer cores; no SMT multiplier is applied.
obs-gpu-compute-units-newdata-opteron-4284-2011-11,newdata-opteron-4284-2011-11,Opteron 4284,AMD,historical processor dataset,cpu,cpu,2011-11-01,2011.833333,gpu_compute_units,,SMs / CUs / GPU cores,"vendor-native GPU unit count; SM, CU, or Apple GPU core",unresolved,unresolved,repository_source,,,,,,,,not_applicable_cpu,,No supported value found; retained as an explicit blank.
obs-cpu-single-thread-normalized-newdata-opteron-4284-2011-11,newdata-opteron-4284-2011-11,Opteron 4284,AMD,historical processor dataset,cpu,cpu,2011-11-01,2011.833333,cpu_single_thread_normalized,33.6,normalized single-core index (legacy SPEC scale),one-copy benchmark normalized by the documented suite-specific continuity rule,normalized,direct,primary,,,SPECint2006,,,{},,eligible,https://github.com/karlrupp/microprocessor-trend-data/blob/master/newdata.txt#L14; https://www.spec.org/cpu2006/results/,
obs-cpu-multicore-rate2000-int-base-newdata-opteron-4284-2011-11,newdata-opteron-4284-2011-11,Opteron 4284,AMD,historical processor dataset,cpu,cpu,2011-11-01,2011.833333,cpu_multicore_rate2000_int_base,,SPECint_rate_base2000 (one chip),measured integer throughput of one CPU package in a published system,unresolved,unresolved,repository_source,,,,,,,,unresolved,,No supported value found; retained as an explicit blank.
obs-cpu-multicore-rate2006-int-base-newdata-opteron-4284-2011-11,newdata-opteron-4284-2011-11,Opteron 4284,AMD,historical processor dataset,cpu,cpu,2011-11-01,2011.833333,cpu_multicore_rate2006_int_base,,SPECint_rate_base2006 (one chip),measured integer throughput of one CPU package in a published system,unresolved,unresolved,repository_source,,,,,,,,unresolved,,No supported value found; retained as an explicit blank.
obs-cpu-multicore-rate2017-int-base-newdata-opteron-4284-2011-11,newdata-opteron-4284-2011-11,Opteron 4284,AMD,historical processor dataset,cpu,cpu,2011-11-01,2011.833333,cpu_multicore_rate2017_int_base,,SPECrate2017_int_base (one chip),measured integer throughput of one CPU package in a published system,unresolved,unresolved,repository_source,,,,,,,,unresolved,,No supported value found; retained as an explicit blank.
obs-cpu-multicore-index-newdata-opteron-4284-2011-11,newdata-opteron-4284-2011-11,Opteron 4284,AMD,historical processor dataset,cpu,cpu,2011-11-01,2011.833333,cpu_multicore_index,,estimated one-chip throughput index (2003=100),estimated integer-throughput index derived from a measured one-CPU-package SPEC rate,unresolved,unresolved,repository_source,,,,,,,,unresolved,,No supported value found; retained as an explicit blank.
obs-fp32-dense-peak-gflops-newdata-opteron-4284-2011-11,newdata-opteron-4284-2011-11,Opteron 4284,AMD,historical processor dataset,cpu,cpu,2011-11-01,2011.833333,fp32_dense_peak_gflops,,GFLOP/s,dense non-tensor non-sparse FP32 vector peak,unresolved,unresolved,repository_source,,,,,,,,unresolved,,No supported value found; retained as an explicit blank.
obs-transistors-million-amd-radeon-hd-7970,amd-radeon-hd-7970,AMD Radeon HD 7970,AMD,client/gaming,gpu,gpu,2012-01-09,2012.021903,transistors_million,,million transistors,device or multi-die package transistor count,unresolved,unresolved,primary,,,,,,,,unresolved,,No supported value found; retained as an explicit blank.
obs-frequency-ghz-amd-radeon-hd-7970,amd-radeon-hd-7970,AMD Radeon HD 7970,AMD,client/gaming,gpu,gpu,2012-01-09,2012.021903,frequency_ghz,,GHz,nominal/base clock unless source states otherwise,unresolved,unresolved,primary,,,,,,,,unresolved,,No supported value found; retained as an explicit blank.
obs-power-w-amd-radeon-hd-7970,amd-radeon-hd-7970,AMD Radeon HD 7970,AMD,client/gaming,gpu,gpu,2012-01-09,2012.021903,power_w,,W,GPU TBP/TDP,unresolved,unresolved,primary,,,,,,,,unresolved,,No supported value found; retained as an explicit blank.
obs-cpu-physical-cores-amd-radeon-hd-7970,amd-radeon-hd-7970,AMD Radeon HD 7970,AMD,client/gaming,gpu,gpu,2012-01-09,2012.021903,cpu_physical_cores,,physical cores,physical CPU cores,unresolved,unresolved,primary,,,,,,,,not_applicable_gpu,,No supported value found; retained as an explicit blank.
obs-gpu-compute-units-amd-radeon-hd-7970,amd-radeon-hd-7970,AMD Radeon HD 7970,AMD,client/gaming,gpu,discrete_gpu,2012-01-09,2012.021903,gpu_compute_units,,SMs / CUs / GPU cores,"vendor-native GPU unit count; SM, CU, or Apple GPU core",unresolved,unresolved,primary,,,,,,,,unresolved,,No supported value found; retained as an explicit blank.
obs-cpu-single-thread-normalized-amd-radeon-hd-7970,amd-radeon-hd-7970,AMD Radeon HD 7970,AMD,client/gaming,gpu,gpu,2012-01-09,2012.021903,cpu_single_thread_normalized,,normalized single-core index (legacy SPEC scale),one-copy benchmark normalized by the documented suite-specific continuity rule,unresolved,unresolved,primary,,,,,,,,not_applicable_gpu,,No supported value found; retained as an explicit blank.
obs-cpu-multicore-rate2000-int-base-amd-radeon-hd-7970,amd-radeon-hd-7970,AMD Radeon HD 7970,AMD,client/gaming,gpu,gpu,2012-01-09,2012.021903,cpu_multicore_rate2000_int_base,,SPECint_rate_base2000 (one chip),measured integer throughput of one CPU package in a published system,unresolved,unresolved,primary,,,,,,,,not_applicable_gpu,,No supported value found; retained as an explicit blank.
obs-cpu-multicore-rate2006-int-base-amd-radeon-hd-7970,amd-radeon-hd-7970,AMD Radeon HD 7970,AMD,client/gaming,gpu,gpu,2012-01-09,2012.021903,cpu_multicore_rate2006_int_base,,SPECint_rate_base2006 (one chip),measured integer throughput of one CPU package in a published system,unresolved,unresolved,primary,,,,,,,,not_applicable_gpu,,No supported value found; retained as an explicit blank.
obs-cpu-multicore-rate2017-int-base-amd-radeon-hd-7970,amd-radeon-hd-7970,AMD Radeon HD 7970,AMD,client/gaming,gpu,gpu,2012-01-09,2012.021903,cpu_multicore_rate2017_int_base,,SPECrate2017_int_base (one chip),measured integer throughput of one CPU package in a published system,unresolved,unresolved,primary,,,,,,,,not_applicable_gpu,,No supported value found; retained as an explicit blank.
obs-cpu-multicore-index-amd-radeon-hd-7970,amd-radeon-hd-7970,AMD Radeon HD 7970,AMD,client/gaming,gpu,gpu,2012-01-09,2012.021903,cpu_multicore_index,,estimated one-chip throughput index (2003=100),estimated integer-throughput index derived from a measured one-CPU-package SPEC rate,unresolved,unresolved,primary,,,,,,,,not_applicable_gpu,,No supported value found; retained as an explicit blank.
obs-fp32-dense-peak-gflops-amd-radeon-hd-7970,amd-radeon-hd-7970,AMD Radeon HD 7970,AMD,client/gaming,gpu,discrete_gpu,2012-01-09,2012.021903,fp32_dense_peak_gflops,3789,GFLOP/s,dense non-tensor non-sparse FP32 vector peak,direct,direct,primary,,,,FP32 vector dense,,{},,eligible,https://ir.amd.com/news-events/press-releases/detail/201/amd-launches-worlds-fastest-single-gpu-graphics-card----the-amd-radeontm-hd-7970,
obs-transistors-million-newdata-opteron-6284se-2012-05,newdata-opteron-6284se-2012-05,Opteron 6284SE,AMD,historical processor dataset,cpu,cpu,2012-05-01,2012.333333,transistors_million,2400,million transistors,device or multi-die package transistor count,direct,high,primary,,,,,,{},,eligible,https://github.com/karlrupp/microprocessor-trend-data/blob/master/newdata.txt#L15; https://www.spec.org/cpu2006/results/,
obs-frequency-ghz-newdata-opteron-6284se-2012-05,newdata-opteron-6284se-2012-05,Opteron 6284SE,AMD,historical processor dataset,cpu,cpu,2012-05-01,2012.333333,frequency_ghz,3.1,GHz,nominal/base clock unless source states otherwise,direct,high,primary,,,,,,{},,eligible,https://github.com/karlrupp/microprocessor-trend-data/blob/master/newdata.txt#L15; https://www.spec.org/cpu2006/results/,
obs-power-w-newdata-opteron-6284se-2012-05,newdata-opteron-6284se-2012-05,Opteron 6284SE,AMD,historical processor dataset,cpu,cpu,2012-05-01,2012.333333,power_w,140,W,CPU TDP,direct,high,primary,,,,,,{},,eligible,https://github.com/karlrupp/microprocessor-trend-data/blob/master/newdata.txt#L15; https://www.spec.org/cpu2006/results/,
obs-cpu-physical-cores-newdata-opteron-6284se-2012-05,newdata-opteron-6284se-2012-05,Opteron 6284SE,AMD,historical processor dataset,cpu,cpu,2012-05-01,2012.333333,cpu_physical_cores,16,physical cores,physical CPU cores,direct,high,repository_source,,,,,,{},,eligible,https://github.com/karlrupp/microprocessor-trend-data/blob/master/newdata.txt#L15; https://www.spec.org/cpu2006/results/,Sixteen marketed physical integer cores; no SMT multiplier is applied.
obs-gpu-compute-units-newdata-opteron-6284se-2012-05,newdata-opteron-6284se-2012-05,Opteron 6284SE,AMD,historical processor dataset,cpu,cpu,2012-05-01,2012.333333,gpu_compute_units,,SMs / CUs / GPU cores,"vendor-native GPU unit count; SM, CU, or Apple GPU core",unresolved,unresolved,repository_source,,,,,,,,not_applicable_cpu,,No supported value found; retained as an explicit blank.
obs-cpu-single-thread-normalized-newdata-opteron-6284se-2012-05,newdata-opteron-6284se-2012-05,Opteron 6284SE,AMD,historical processor dataset,cpu,cpu,2012-05-01,2012.333333,cpu_single_thread_normalized,31.8,normalized single-core index (legacy SPEC scale),one-copy benchmark normalized by the documented suite-specific continuity rule,normalized,direct,primary,,,SPECint2006,,,{},,eligible,https://github.com/karlrupp/microprocessor-trend-data/blob/master/newdata.txt#L15; https://www.spec.org/cpu2006/results/,
obs-cpu-multicore-rate2000-int-base-newdata-opteron-6284se-2012-05,newdata-opteron-6284se-2012-05,Opteron 6284SE,AMD,historical processor dataset,cpu,cpu,2012-05-01,2012.333333,cpu_multicore_rate2000_int_base,,SPECint_rate_base2000 (one chip),measured integer throughput of one CPU package in a published system,unresolved,unresolved,repository_source,,,,,,,,unresolved,,No supported value found; retained as an explicit blank.
obs-cpu-multicore-rate2006-int-base-newdata-opteron-6284se-2012-05,newdata-opteron-6284se-2012-05,Opteron 6284SE,AMD,historical processor dataset,cpu,cpu,2012-05-01,2012.333333,cpu_multicore_rate2006_int_base,,SPECint_rate_base2006 (one chip),measured integer throughput of one CPU package in a published system,unresolved,unresolved,repository_source,,,,,,,,unresolved,,No supported value found; retained as an explicit blank.
obs-cpu-multicore-rate2017-int-base-newdata-opteron-6284se-2012-05,newdata-opteron-6284se-2012-05,Opteron 6284SE,AMD,historical processor dataset,cpu,cpu,2012-05-01,2012.333333,cpu_multicore_rate2017_int_base,,SPECrate2017_int_base (one chip),measured integer throughput of one CPU package in a published system,unresolved,unresolved,repository_source,,,,,,,,unresolved,,No supported value found; retained as an explicit blank.
obs-cpu-multicore-index-newdata-opteron-6284se-2012-05,newdata-opteron-6284se-2012-05,Opteron 6284SE,AMD,historical processor dataset,cpu,cpu,2012-05-01,2012.333333,cpu_multicore_index,,estimated one-chip throughput index (2003=100),estimated integer-throughput index derived from a measured one-CPU-package SPEC rate,unresolved,unresolved,repository_source,,,,,,,,unresolved,,No supported value found; retained as an explicit blank.
obs-fp32-dense-peak-gflops-newdata-opteron-6284se-2012-05,newdata-opteron-6284se-2012-05,Opteron 6284SE,AMD,historical processor dataset,cpu,cpu,2012-05-01,2012.333333,fp32_dense_peak_gflops,,GFLOP/s,dense non-tensor non-sparse FP32 vector peak,unresolved,unresolved,repository_source,,,,,,,,unresolved,,No supported value found; retained as an explicit blank.
obs-transistors-million-newdata-xeon-e5-2690-2012-05,newdata-xeon-e5-2690-2012-05,Xeon E5-2690,Intel,historical processor dataset,cpu,cpu,2012-05-01,2012.333333,transistors_million,2300,million transistors,device or multi-die package transistor count,direct,high,primary,,,,,,{},,eligible,https://github.com/karlrupp/microprocessor-trend-data/blob/master/newdata.txt#L16; https://www.spec.org/cpu2006/results/; http://www.anandtech.com/show/5553/the-xeon-e52600-dual-sandybridge-for-servers/2,http://www.anandtech.com/show/5553/the-xeon-e52600-dual-sandybridge-for-servers/2
obs-frequency-ghz-newdata-xeon-e5-2690-2012-05,newdata-xeon-e5-2690-2012-05,Xeon E5-2690,Intel,historical processor dataset,cpu,cpu,2012-05-01,2012.333333,frequency_ghz,2.9,GHz,nominal/base clock unless source states otherwise,direct,high,primary,,,,,,{},,eligible,https://github.com/karlrupp/microprocessor-trend-data/blob/master/newdata.txt#L16; https://www.spec.org/cpu2006/results/; http://www.anandtech.com/show/5553/the-xeon-e52600-dual-sandybridge-for-servers/2,http://www.anandtech.com/show/5553/the-xeon-e52600-dual-sandybridge-for-servers/2
obs-power-w-newdata-xeon-e5-2690-2012-05,newdata-xeon-e5-2690-2012-05,Xeon E5-2690,Intel,historical processor dataset,cpu,cpu,2012-05-01,2012.333333,power_w,130,W,CPU TDP,direct,high,primary,,,,,,{},,eligible,https://github.com/karlrupp/microprocessor-trend-data/blob/master/newdata.txt#L16; https://www.spec.org/cpu2006/results/; http://www.anandtech.com/show/5553/the-xeon-e52600-dual-sandybridge-for-servers/2,http://www.anandtech.com/show/5553/the-xeon-e52600-dual-sandybridge-for-servers/2
obs-cpu-physical-cores-newdata-xeon-e5-2690-2012-05,newdata-xeon-e5-2690-2012-05,Xeon E5-2690,Intel,historical processor dataset,cpu,cpu,2012-05-01,2012.333333,cpu_physical_cores,8,physical cores,physical CPU cores,direct,high,repository_source,,,,,,{},,eligible,https://github.com/karlrupp/microprocessor-trend-data/blob/master/newdata.txt#L16; https://www.spec.org/cpu2006/results/; http://www.anandtech.com/show/5553/the-xeon-e52600-dual-sandybridge-for-servers/2,Eight physical cores; the legacy value of sixteen was a hardware-thread count.
obs-gpu-compute-units-newdata-xeon-e5-2690-2012-05,newdata-xeon-e5-2690-2012-05,Xeon E5-2690,Intel,historical processor dataset,cpu,cpu,2012-05-01,2012.333333,gpu_compute_units,,SMs / CUs / GPU cores,"vendor-native GPU unit count; SM, CU, or Apple GPU core",unresolved,unresolved,repository_source,,,,,,,,not_applicable_cpu,,No supported value found; retained as an explicit blank.
obs-cpu-single-thread-normalized-newdata-xeon-e5-2690-2012-05,newdata-xeon-e5-2690-2012-05,Xeon E5-2690,Intel,historical processor dataset,cpu,cpu,2012-05-01,2012.333333,cpu_single_thread_normalized,59,normalized single-core index (legacy SPEC scale),one-copy benchmark normalized by the documented suite-specific continuity rule,normalized,direct,primary,,,SPECint2006,,,{},,eligible,https://github.com/karlrupp/microprocessor-trend-data/blob/master/newdata.txt#L16; https://www.spec.org/cpu2006/results/; http://www.anandtech.com/show/5553/the-xeon-e52600-dual-sandybridge-for-servers/2,http://www.anandtech.com/show/5553/the-xeon-e52600-dual-sandybridge-for-servers/2
obs-cpu-multicore-rate2000-int-base-newdata-xeon-e5-2690-2012-05,newdata-xeon-e5-2690-2012-05,Xeon E5-2690,Intel,historical processor dataset,cpu,cpu,2012-05-01,2012.333333,cpu_multicore_rate2000_int_base,,SPECint_rate_base2000 (one chip),measured integer throughput of one CPU package in a published system,unresolved,unresolved,repository_source,,,,,,,,unresolved,,No supported value found; retained as an explicit blank.
obs-cpu-multicore-rate2006-int-base-newdata-xeon-e5-2690-2012-05,newdata-xeon-e5-2690-2012-05,Xeon E5-2690,Intel,historical processor dataset,cpu,cpu,2012-05-01,2012.333333,cpu_multicore_rate2006_int_base,343,SPECint_rate_base2006 (one chip),measured integer throughput of one CPU package in a published system,measured,direct,primary,SPECint_rate_base2006,343,,,,{},,supporting_raw_benchmark_not_plotted,https://www.spec.org/cpu2006/results/res2012q2/cpu2006-20120521-21893.html,Published one-chip system result: NEC Express5800/R120d-1M; hardware availability 2012-04. Score belongs to this tested configuration and this SPEC suite only; scores from other suites are not comparable.
obs-cpu-multicore-rate2017-int-base-newdata-xeon-e5-2690-2012-05,newdata-xeon-e5-2690-2012-05,Xeon E5-2690,Intel,historical processor dataset,cpu,cpu,2012-05-01,2012.333333,cpu_multicore_rate2017_int_base,,SPECrate2017_int_base (one chip),measured integer throughput of one CPU package in a published system,unresolved,unresolved,repository_source,,,,,,,,unresolved,,No supported value found; retained as an explicit blank.
obs-cpu-multicore-index-newdata-xeon-e5-2690-2012-05,newdata-xeon-e5-2690-2012-05,Xeon E5-2690,Intel,historical processor dataset,cpu,cpu,2012-05-01,2012.333333,cpu_multicore_index,4523.50917431,estimated one-chip throughput index (2003=100),estimated integer-throughput index derived from a measured one-CPU-package SPEC rate,normalized,medium,derived_from_primary,SPECint_rate_base2006,343.0,Educational index; POWER4+ 2003 one-chip SPECint_rate_base2000 15.2 = 100. Bridges use median log ratios of matched one-chip processor results; not an official SPEC conversion.,,,"{""base_index"": 100.0, ""base_score"": 15.2, ""cpu2000_to_cpu2006"": 0.4988558352402746, ""cpu2006_to_cpu2017"": 0.12486988466935224, ""denominator_for_suite"": 7.582608695652174, ""raw_score"": 343.0}",base_index * raw_score / denominator_for_suite,eligible,https://open.spec.org/cpu2000/results/res2006q3/cpu2000-20060705-06399.html; https://open.spec.org/cpu2000/results/res2006q3/cpu2000-20060904-07199.html; https://spec.org/cpu2006/results/res2018q1/cpu2006-20171212-51326.pdf; https://www.spec.org/cpu2000/results/res2006q3/cpu2000-20060705-06403.pdf; https://www.spec.org/cpu2006/results/res2006q3/cpu2006-20060904-00079.pdf; https://www.spec.org/cpu2006/results/res2006q3/cpu2006-20060904-00082.pdf; https://www.spec.org/cpu2006/results/res2007q3/cpu2006-20070723-01554.pdf; https://www.spec.org/cpu2006/results/res2012q2/cpu2006-20120521-21893.html; https://www.spec.org/cpu2006/results/res2017q2/cpu2006-20170529-47129.html; https://www.spec.org/cpu2017/results/res2017q4/cpu2017-20171211-01450.html; https://www.spec.org/cpu2017/results/res2018q1/cpu2017-20171212-01664.html,Estimated cross-suite index from measured one-chip rate. Raw result and all bridge reports are retained; consult cpu-throughput-bridges.json. SPEC does not endorse cross-suite score conversion.
obs-fp32-dense-peak-gflops-newdata-xeon-e5-2690-2012-05,newdata-xeon-e5-2690-2012-05,Xeon E5-2690,Intel,historical processor dataset,cpu,cpu,2012-05-01,2012.333333,fp32_dense_peak_gflops,,GFLOP/s,dense non-tensor non-sparse FP32 vector peak,unresolved,unresolved,repository_source,,,,,,,,unresolved,,No supported value found; retained as an explicit blank.
obs-transistors-million-newdata-power7-780-2012-08,newdata-power7-780-2012-08,Power7+ 780,IBM,historical processor dataset,cpu,cpu,2012-08-01,2012.583333,transistors_million,2100,million transistors,device or multi-die package transistor count,direct,high,primary,,,,,,{},,eligible,https://github.com/karlrupp/microprocessor-trend-data/blob/master/newdata.txt#L17; http://arstechnica.com/civis/viewtopic.php?f=8&t=40992; https://spec.org/cpu2006/results/res2012q4/cpu2006-20121002-24655.pdf,"TDP: http://arstechnica.com/civis/viewtopic.php?f=8&t=40992 Estimated as 4140 / 128 physical cores = 32.34375. This is a per-core throughput proxy, not a submitted SPECint2006 speed result."
obs-frequency-ghz-newdata-power7-780-2012-08,newdata-power7-780-2012-08,Power7+ 780,IBM,historical processor dataset,cpu,cpu,2012-08-01,2012.583333,frequency_ghz,3.7,GHz,nominal/base clock unless source states otherwise,direct,high,primary,,,,,,{},,eligible,https://github.com/karlrupp/microprocessor-trend-data/blob/master/newdata.txt#L17; http://arstechnica.com/civis/viewtopic.php?f=8&t=40992; https://spec.org/cpu2006/results/res2012q4/cpu2006-20121002-24655.pdf,"TDP: http://arstechnica.com/civis/viewtopic.php?f=8&t=40992 Estimated as 4140 / 128 physical cores = 32.34375. This is a per-core throughput proxy, not a submitted SPECint2006 speed result."
obs-power-w-newdata-power7-780-2012-08,newdata-power7-780-2012-08,Power7+ 780,IBM,historical processor dataset,cpu,cpu,2012-08-01,2012.583333,power_w,200,W,CPU TDP,direct,high,primary,,,,,,{},,eligible,https://github.com/karlrupp/microprocessor-trend-data/blob/master/newdata.txt#L17; http://arstechnica.com/civis/viewtopic.php?f=8&t=40992; https://spec.org/cpu2006/results/res2012q4/cpu2006-20121002-24655.pdf,"TDP: http://arstechnica.com/civis/viewtopic.php?f=8&t=40992 Estimated as 4140 / 128 physical cores = 32.34375. This is a per-core throughput proxy, not a submitted SPECint2006 speed result."
obs-cpu-physical-cores-newdata-power7-780-2012-08,newdata-power7-780-2012-08,Power7+ 780,IBM,historical processor dataset,cpu,cpu,2012-08-01,2012.583333,cpu_physical_cores,8,physical cores,physical CPU cores,calculated,medium,repository_source,,,,,,{},,eligible,https://github.com/karlrupp/microprocessor-trend-data/blob/master/newdata.txt#L17; http://arstechnica.com/civis/viewtopic.php?f=8&t=40992; https://spec.org/cpu2006/results/res2012q4/cpu2006-20121002-24655.pdf,Eight physical POWER7+ cores represented by the legacy 32-way SMT count; SMT contexts are excluded.
obs-gpu-compute-units-newdata-power7-780-2012-08,newdata-power7-780-2012-08,Power7+ 780,IBM,historical processor dataset,cpu,cpu,2012-08-01,2012.583333,gpu_compute_units,,SMs / CUs / GPU cores,"vendor-native GPU unit count; SM, CU, or Apple GPU core",unresolved,unresolved,repository_source,,,,,,,,not_applicable_cpu,,No supported value found; retained as an explicit blank.
obs-cpu-single-thread-normalized-newdata-power7-780-2012-08,newdata-power7-780-2012-08,Power7+ 780,IBM,historical processor dataset,cpu,cpu,2012-08-01,2012.583333,cpu_single_thread_normalized,32.3,normalized single-core index (legacy SPEC scale),one-copy benchmark normalized by the documented suite-specific continuity rule,normalized,medium,primary,,,SPECint_rate2006 peak divided by physical cores,,,{},,eligible,https://github.com/karlrupp/microprocessor-trend-data/blob/master/newdata.txt#L17; http://arstechnica.com/civis/viewtopic.php?f=8&t=40992; https://spec.org/cpu2006/results/res2012q4/cpu2006-20121002-24655.pdf,"TDP: http://arstechnica.com/civis/viewtopic.php?f=8&t=40992 Estimated as 4140 / 128 physical cores = 32.34375. This is a per-core throughput proxy, not a submitted SPECint2006 speed result."
obs-cpu-multicore-rate2000-int-base-newdata-power7-780-2012-08,newdata-power7-780-2012-08,Power7+ 780,IBM,historical processor dataset,cpu,cpu,2012-08-01,2012.583333,cpu_multicore_rate2000_int_base,,SPECint_rate_base2000 (one chip),measured integer throughput of one CPU package in a published system,unresolved,unresolved,repository_source,,,,,,,,unresolved,,No supported value found; retained as an explicit blank.
obs-cpu-multicore-rate2006-int-base-newdata-power7-780-2012-08,newdata-power7-780-2012-08,Power7+ 780,IBM,historical processor dataset,cpu,cpu,2012-08-01,2012.583333,cpu_multicore_rate2006_int_base,,SPECint_rate_base2006 (one chip),measured integer throughput of one CPU package in a published system,unresolved,unresolved,repository_source,,,,,,,,unresolved,,No supported value found; retained as an explicit blank.
obs-cpu-multicore-rate2017-int-base-newdata-power7-780-2012-08,newdata-power7-780-2012-08,Power7+ 780,IBM,historical processor dataset,cpu,cpu,2012-08-01,2012.583333,cpu_multicore_rate2017_int_base,,SPECrate2017_int_base (one chip),measured integer throughput of one CPU package in a published system,unresolved,unresolved,repository_source,,,,,,,,unresolved,,No supported value found; retained as an explicit blank.
obs-cpu-multicore-index-newdata-power7-780-2012-08,newdata-power7-780-2012-08,Power7+ 780,IBM,historical processor dataset,cpu,cpu,2012-08-01,2012.583333,cpu_multicore_index,,estimated one-chip throughput index (2003=100),estimated integer-throughput index derived from a measured one-CPU-package SPEC rate,unresolved,unresolved,repository_source,,,,,,,,unresolved,,No supported value found; retained as an explicit blank.
obs-fp32-dense-peak-gflops-newdata-power7-780-2012-08,newdata-power7-780-2012-08,Power7+ 780,IBM,historical processor dataset,cpu,cpu,2012-08-01,2012.583333,fp32_dense_peak_gflops,,GFLOP/s,dense non-tensor non-sparse FP32 vector peak,unresolved,unresolved,repository_source,,,,,,,,unresolved,,No supported value found; retained as an explicit blank.
obs-transistors-million-newdata-opteron-6380-2012-11,newdata-opteron-6380-2012-11,Opteron 6380,AMD,historical processor dataset,cpu,cpu,2012-11-01,2012.833333,transistors_million,1200,million transistors,device or multi-die package transistor count,direct,high,primary,,,,,,{},,eligible,https://github.com/karlrupp/microprocessor-trend-data/blob/master/newdata.txt#L18; https://www.spec.org/cpu2006/results/,
obs-frequency-ghz-newdata-opteron-6380-2012-11,newdata-opteron-6380-2012-11,Opteron 6380,AMD,historical processor dataset,cpu,cpu,2012-11-01,2012.833333,frequency_ghz,2.5,GHz,nominal/base clock unless source states otherwise,direct,high,primary,,,,,,{},,eligible,https://github.com/karlrupp/microprocessor-trend-data/blob/master/newdata.txt#L18; https://www.spec.org/cpu2006/results/,
obs-power-w-newdata-opteron-6380-2012-11,newdata-opteron-6380-2012-11,Opteron 6380,AMD,historical processor dataset,cpu,cpu,2012-11-01,2012.833333,power_w,115,W,CPU TDP,direct,high,primary,,,,,,{},,eligible,https://github.com/karlrupp/microprocessor-trend-data/blob/master/newdata.txt#L18; https://www.spec.org/cpu2006/results/,
obs-cpu-physical-cores-newdata-opteron-6380-2012-11,newdata-opteron-6380-2012-11,Opteron 6380,AMD,historical processor dataset,cpu,cpu,2012-11-01,2012.833333,cpu_physical_cores,16,physical cores,physical CPU cores,direct,high,repository_source,,,,,,{},,eligible,https://github.com/karlrupp/microprocessor-trend-data/blob/master/newdata.txt#L18; https://www.spec.org/cpu2006/results/,Sixteen marketed physical integer cores; no SMT multiplier is applied.
obs-gpu-compute-units-newdata-opteron-6380-2012-11,newdata-opteron-6380-2012-11,Opteron 6380,AMD,historical processor dataset,cpu,cpu,2012-11-01,2012.833333,gpu_compute_units,,SMs / CUs / GPU cores,"vendor-native GPU unit count; SM, CU, or Apple GPU core",unresolved,unresolved,repository_source,,,,,,,,not_applicable_cpu,,No supported value found; retained as an explicit blank.
obs-cpu-single-thread-normalized-newdata-opteron-6380-2012-11,newdata-opteron-6380-2012-11,Opteron 6380,AMD,historical processor dataset,cpu,cpu,2012-11-01,2012.833333,cpu_single_thread_normalized,33.7,normalized single-core index (legacy SPEC scale),one-copy benchmark normalized by the documented suite-specific continuity rule,normalized,direct,primary,,,SPECint2006,,,{},,eligible,https://github.com/karlrupp/microprocessor-trend-data/blob/master/newdata.txt#L18; https://www.spec.org/cpu2006/results/,
obs-cpu-multicore-rate2000-int-base-newdata-opteron-6380-2012-11,newdata-opteron-6380-2012-11,Opteron 6380,AMD,historical processor dataset,cpu,cpu,2012-11-01,2012.833333,cpu_multicore_rate2000_int_base,,SPECint_rate_base2000 (one chip),measured integer throughput of one CPU package in a published system,unresolved,unresolved,repository_source,,,,,,,,unresolved,,No supported value found; retained as an explicit blank.
obs-cpu-multicore-rate2006-int-base-newdata-opteron-6380-2012-11,newdata-opteron-6380-2012-11,Opteron 6380,AMD,historical processor dataset,cpu,cpu,2012-11-01,2012.833333,cpu_multicore_rate2006_int_base,246,SPECint_rate_base2006 (one chip),measured integer throughput of one CPU package in a published system,measured,direct,primary,SPECint_rate_base2006,246,,,,{},,supporting_raw_benchmark_not_plotted,https://www.spec.org/cpu2006/results/res2013q1/cpu2006-20121106-24981.pdf,Published one-chip system result: Supermicro A+ Server 1012G-MTF; hardware availability 2012-11. Score belongs to this tested configuration and this SPEC suite only; scores from other suites are not comparable.
obs-cpu-multicore-rate2017-int-base-newdata-opteron-6380-2012-11,newdata-opteron-6380-2012-11,Opteron 6380,AMD,historical processor dataset,cpu,cpu,2012-11-01,2012.833333,cpu_multicore_rate2017_int_base,,SPECrate2017_int_base (one chip),measured integer throughput of one CPU package in a published system,unresolved,unresolved,repository_source,,,,,,,,unresolved,,No supported value found; retained as an explicit blank.
obs-cpu-multicore-index-newdata-opteron-6380-2012-11,newdata-opteron-6380-2012-11,Opteron 6380,AMD,historical processor dataset,cpu,cpu,2012-11-01,2012.833333,cpu_multicore_index,3244.26605505,estimated one-chip throughput index (2003=100),estimated integer-throughput index derived from a measured one-CPU-package SPEC rate,normalized,medium,derived_from_primary,SPECint_rate_base2006,246.0,Educational index; POWER4+ 2003 one-chip SPECint_rate_base2000 15.2 = 100. Bridges use median log ratios of matched one-chip processor results; not an official SPEC conversion.,,,"{""base_index"": 100.0, ""base_score"": 15.2, ""cpu2000_to_cpu2006"": 0.4988558352402746, ""cpu2006_to_cpu2017"": 0.12486988466935224, ""denominator_for_suite"": 7.582608695652174, ""raw_score"": 246.0}",base_index * raw_score / denominator_for_suite,eligible,https://open.spec.org/cpu2000/results/res2006q3/cpu2000-20060705-06399.html; https://open.spec.org/cpu2000/results/res2006q3/cpu2000-20060904-07199.html; https://spec.org/cpu2006/results/res2018q1/cpu2006-20171212-51326.pdf; https://www.spec.org/cpu2000/results/res2006q3/cpu2000-20060705-06403.pdf; https://www.spec.org/cpu2006/results/res2006q3/cpu2006-20060904-00079.pdf; https://www.spec.org/cpu2006/results/res2006q3/cpu2006-20060904-00082.pdf; https://www.spec.org/cpu2006/results/res2007q3/cpu2006-20070723-01554.pdf; https://www.spec.org/cpu2006/results/res2013q1/cpu2006-20121106-24981.pdf; https://www.spec.org/cpu2006/results/res2017q2/cpu2006-20170529-47129.html; https://www.spec.org/cpu2017/results/res2017q4/cpu2017-20171211-01450.html; https://www.spec.org/cpu2017/results/res2018q1/cpu2017-20171212-01664.html,Estimated cross-suite index from measured one-chip rate. Raw result and all bridge reports are retained; consult cpu-throughput-bridges.json. SPEC does not endorse cross-suite score conversion.
obs-fp32-dense-peak-gflops-newdata-opteron-6380-2012-11,newdata-opteron-6380-2012-11,Opteron 6380,AMD,historical processor dataset,cpu,cpu,2012-11-01,2012.833333,fp32_dense_peak_gflops,,GFLOP/s,dense non-tensor non-sparse FP32 vector peak,unresolved,unresolved,repository_source,,,,,,,,unresolved,,No supported value found; retained as an explicit blank.
obs-transistors-million-newdata-xeon-phi-2013-05,newdata-xeon-phi-2013-05,Xeon Phi,Intel,historical processor dataset,cpu,cpu,2013-05-01,2013.333333,transistors_million,5000,million transistors,device or multi-die package transistor count,direct,high,primary,,,,,,{},,eligible,https://github.com/karlrupp/microprocessor-trend-data/blob/master/newdata.txt#L19,"The repository names only the Xeon Phi family, not a unique model. No defensible single-thread SPECint value was assigned."
obs-frequency-ghz-newdata-xeon-phi-2013-05,newdata-xeon-phi-2013-05,Xeon Phi,Intel,historical processor dataset,cpu,cpu,2013-05-01,2013.333333,frequency_ghz,1.2,GHz,nominal/base clock unless source states otherwise,direct,high,primary,,,,,,{},,eligible,https://github.com/karlrupp/microprocessor-trend-data/blob/master/newdata.txt#L19,"The repository names only the Xeon Phi family, not a unique model. No defensible single-thread SPECint value was assigned."
obs-power-w-newdata-xeon-phi-2013-05,newdata-xeon-phi-2013-05,Xeon Phi,Intel,historical processor dataset,cpu,cpu,2013-05-01,2013.333333,power_w,300,W,CPU TDP,direct,high,primary,,,,,,{},,eligible,https://github.com/karlrupp/microprocessor-trend-data/blob/master/newdata.txt#L19,"The repository names only the Xeon Phi family, not a unique model. No defensible single-thread SPECint value was assigned."
obs-cpu-physical-cores-newdata-xeon-phi-2013-05,newdata-xeon-phi-2013-05,Xeon Phi,Intel,historical processor dataset,cpu,cpu,2013-05-01,2013.333333,cpu_physical_cores,60,physical cores,physical CPU cores,calculated,medium,repository_source,,,,,,{},,supporting_noncomparable_not_plotted,https://github.com/karlrupp/microprocessor-trend-data/blob/master/newdata.txt#L19,The unnamed first-generation Xeon Phi entry is reconciled as 60 physical cores from its 240 four-way hardware-thread contexts.
obs-gpu-compute-units-newdata-xeon-phi-2013-05,newdata-xeon-phi-2013-05,Xeon Phi,Intel,historical processor dataset,cpu,cpu,2013-05-01,2013.333333,gpu_compute_units,,SMs / CUs / GPU cores,"vendor-native GPU unit count; SM, CU, or Apple GPU core",unresolved,unresolved,repository_source,,,,,,,,not_applicable_cpu,,No supported value found; retained as an explicit blank.
obs-cpu-single-thread-normalized-newdata-xeon-phi-2013-05,newdata-xeon-phi-2013-05,Xeon Phi,Intel,historical processor dataset,cpu,cpu,2013-05-01,2013.333333,cpu_single_thread_normalized,,normalized single-core index (legacy SPEC scale),one-copy benchmark normalized by the documented suite-specific continuity rule,unresolved,unresolved,repository_source,,,,,,,,unresolved,,No supported value found; retained as an explicit blank.
obs-cpu-multicore-rate2000-int-base-newdata-xeon-phi-2013-05,newdata-xeon-phi-2013-05,Xeon Phi,Intel,historical processor dataset,cpu,cpu,2013-05-01,2013.333333,cpu_multicore_rate2000_int_base,,SPECint_rate_base2000 (one chip),measured integer throughput of one CPU package in a published system,unresolved,unresolved,repository_source,,,,,,,,unresolved,,No supported value found; retained as an explicit blank.
obs-cpu-multicore-rate2006-int-base-newdata-xeon-phi-2013-05,newdata-xeon-phi-2013-05,Xeon Phi,Intel,historical processor dataset,cpu,cpu,2013-05-01,2013.333333,cpu_multicore_rate2006_int_base,,SPECint_rate_base2006 (one chip),measured integer throughput of one CPU package in a published system,unresolved,unresolved,repository_source,,,,,,,,unresolved,,No supported value found; retained as an explicit blank.
obs-cpu-multicore-rate2017-int-base-newdata-xeon-phi-2013-05,newdata-xeon-phi-2013-05,Xeon Phi,Intel,historical processor dataset,cpu,cpu,2013-05-01,2013.333333,cpu_multicore_rate2017_int_base,,SPECrate2017_int_base (one chip),measured integer throughput of one CPU package in a published system,unresolved,unresolved,repository_source,,,,,,,,unresolved,,No supported value found; retained as an explicit blank.
obs-cpu-multicore-index-newdata-xeon-phi-2013-05,newdata-xeon-phi-2013-05,Xeon Phi,Intel,historical processor dataset,cpu,cpu,2013-05-01,2013.333333,cpu_multicore_index,,estimated one-chip throughput index (2003=100),estimated integer-throughput index derived from a measured one-CPU-package SPEC rate,unresolved,unresolved,repository_source,,,,,,,,unresolved,,No supported value found; retained as an explicit blank.
obs-fp32-dense-peak-gflops-newdata-xeon-phi-2013-05,newdata-xeon-phi-2013-05,Xeon Phi,Intel,historical processor dataset,cpu,cpu,2013-05-01,2013.333333,fp32_dense_peak_gflops,,GFLOP/s,dense non-tensor non-sparse FP32 vector peak,unresolved,unresolved,repository_source,,,,,,,,unresolved,,No supported value found; retained as an explicit blank.
obs-transistors-million-newdata-xeon-e5-2697v2-2013-09,newdata-xeon-e5-2697v2-2013-09,Xeon E5-2697v2,Intel,historical processor dataset,cpu,cpu,2013-09-01,2013.666667,transistors_million,4300,million transistors,device or multi-die package transistor count,direct,high,primary,,,,,,{},,eligible,https://github.com/karlrupp/microprocessor-trend-data/blob/master/newdata.txt#L20; https://www.spec.org/cpu2006/results/; http://wccftech.com/intel-announces-ivy-bridge-ep-xeon/,http://wccftech.com/intel-announces-ivy-bridge-ep-xeon/
obs-frequency-ghz-newdata-xeon-e5-2697v2-2013-09,newdata-xeon-e5-2697v2-2013-09,Xeon E5-2697v2,Intel,historical processor dataset,cpu,cpu,2013-09-01,2013.666667,frequency_ghz,2.7,GHz,nominal/base clock unless source states otherwise,direct,high,primary,,,,,,{},,eligible,https://github.com/karlrupp/microprocessor-trend-data/blob/master/newdata.txt#L20; https://www.spec.org/cpu2006/results/; http://wccftech.com/intel-announces-ivy-bridge-ep-xeon/,http://wccftech.com/intel-announces-ivy-bridge-ep-xeon/
obs-power-w-newdata-xeon-e5-2697v2-2013-09,newdata-xeon-e5-2697v2-2013-09,Xeon E5-2697v2,Intel,historical processor dataset,cpu,cpu,2013-09-01,2013.666667,power_w,130,W,CPU TDP,direct,high,primary,,,,,,{},,eligible,https://github.com/karlrupp/microprocessor-trend-data/blob/master/newdata.txt#L20; https://www.spec.org/cpu2006/results/; http://wccftech.com/intel-announces-ivy-bridge-ep-xeon/,http://wccftech.com/intel-announces-ivy-bridge-ep-xeon/
obs-cpu-physical-cores-newdata-xeon-e5-2697v2-2013-09,newdata-xeon-e5-2697v2-2013-09,Xeon E5-2697v2,Intel,historical processor dataset,cpu,cpu,2013-09-01,2013.666667,cpu_physical_cores,12,physical cores,physical CPU cores,direct,high,repository_source,,,,,,{},,eligible,https://github.com/karlrupp/microprocessor-trend-data/blob/master/newdata.txt#L20; https://www.spec.org/cpu2006/results/; http://wccftech.com/intel-announces-ivy-bridge-ep-xeon/,Twelve physical cores; the legacy value of twenty-four was a hardware-thread count.
obs-gpu-compute-units-newdata-xeon-e5-2697v2-2013-09,newdata-xeon-e5-2697v2-2013-09,Xeon E5-2697v2,Intel,historical processor dataset,cpu,cpu,2013-09-01,2013.666667,gpu_compute_units,,SMs / CUs / GPU cores,"vendor-native GPU unit count; SM, CU, or Apple GPU core",unresolved,unresolved,repository_source,,,,,,,,not_applicable_cpu,,No supported value found; retained as an explicit blank.
obs-cpu-single-thread-normalized-newdata-xeon-e5-2697v2-2013-09,newdata-xeon-e5-2697v2-2013-09,Xeon E5-2697v2,Intel,historical processor dataset,cpu,cpu,2013-09-01,2013.666667,cpu_single_thread_normalized,59.6,normalized single-core index (legacy SPEC scale),one-copy benchmark normalized by the documented suite-specific continuity rule,normalized,direct,primary,,,SPECint2006,,,{},,eligible,https://github.com/karlrupp/microprocessor-trend-data/blob/master/newdata.txt#L20; https://www.spec.org/cpu2006/results/; http://wccftech.com/intel-announces-ivy-bridge-ep-xeon/,http://wccftech.com/intel-announces-ivy-bridge-ep-xeon/
obs-cpu-multicore-rate2000-int-base-newdata-xeon-e5-2697v2-2013-09,newdata-xeon-e5-2697v2-2013-09,Xeon E5-2697v2,Intel,historical processor dataset,cpu,cpu,2013-09-01,2013.666667,cpu_multicore_rate2000_int_base,,SPECint_rate_base2000 (one chip),measured integer throughput of one CPU package in a published system,unresolved,unresolved,repository_source,,,,,,,,unresolved,,No supported value found; retained as an explicit blank.
obs-cpu-multicore-rate2006-int-base-newdata-xeon-e5-2697v2-2013-09,newdata-xeon-e5-2697v2-2013-09,Xeon E5-2697v2,Intel,historical processor dataset,cpu,cpu,2013-09-01,2013.666667,cpu_multicore_rate2006_int_base,466,SPECint_rate_base2006 (one chip),measured integer throughput of one CPU package in a published system,measured,direct,primary,SPECint_rate_base2006,466,,,,{},,supporting_raw_benchmark_not_plotted,https://www.spec.org/cpu2006/results/res2014q1/cpu2006-20140123-28264.pdf,Published one-chip system result: NEC Express5800/B120e-h; hardware availability 2013-09. Score belongs to this tested configuration and this SPEC suite only; scores from other suites are not comparable.
obs-cpu-multicore-rate2017-int-base-newdata-xeon-e5-2697v2-2013-09,newdata-xeon-e5-2697v2-2013-09,Xeon E5-2697v2,Intel,historical processor dataset,cpu,cpu,2013-09-01,2013.666667,cpu_multicore_rate2017_int_base,,SPECrate2017_int_base (one chip),measured integer throughput of one CPU package in a published system,unresolved,unresolved,repository_source,,,,,,,,unresolved,,No supported value found; retained as an explicit blank.
obs-cpu-multicore-index-newdata-xeon-e5-2697v2-2013-09,newdata-xeon-e5-2697v2-2013-09,Xeon E5-2697v2,Intel,historical processor dataset,cpu,cpu,2013-09-01,2013.666667,cpu_multicore_index,6145.64220183,estimated one-chip throughput index (2003=100),estimated integer-throughput index derived from a measured one-CPU-package SPEC rate,normalized,medium,derived_from_primary,SPECint_rate_base2006,466.0,Educational index; POWER4+ 2003 one-chip SPECint_rate_base2000 15.2 = 100. Bridges use median log ratios of matched one-chip processor results; not an official SPEC conversion.,,,"{""base_index"": 100.0, ""base_score"": 15.2, ""cpu2000_to_cpu2006"": 0.4988558352402746, ""cpu2006_to_cpu2017"": 0.12486988466935224, ""denominator_for_suite"": 7.582608695652174, ""raw_score"": 466.0}",base_index * raw_score / denominator_for_suite,eligible,https://open.spec.org/cpu2000/results/res2006q3/cpu2000-20060705-06399.html; https://open.spec.org/cpu2000/results/res2006q3/cpu2000-20060904-07199.html; https://spec.org/cpu2006/results/res2018q1/cpu2006-20171212-51326.pdf; https://www.spec.org/cpu2000/results/res2006q3/cpu2000-20060705-06403.pdf; https://www.spec.org/cpu2006/results/res2006q3/cpu2006-20060904-00079.pdf; https://www.spec.org/cpu2006/results/res2006q3/cpu2006-20060904-00082.pdf; https://www.spec.org/cpu2006/results/res2007q3/cpu2006-20070723-01554.pdf; https://www.spec.org/cpu2006/results/res2014q1/cpu2006-20140123-28264.pdf; https://www.spec.org/cpu2006/results/res2017q2/cpu2006-20170529-47129.html; https://www.spec.org/cpu2017/results/res2017q4/cpu2017-20171211-01450.html; https://www.spec.org/cpu2017/results/res2018q1/cpu2017-20171212-01664.html,Estimated cross-suite index from measured one-chip rate. Raw result and all bridge reports are retained; consult cpu-throughput-bridges.json. SPEC does not endorse cross-suite score conversion.
obs-fp32-dense-peak-gflops-newdata-xeon-e5-2697v2-2013-09,newdata-xeon-e5-2697v2-2013-09,Xeon E5-2697v2,Intel,historical processor dataset,cpu,cpu,2013-09-01,2013.666667,fp32_dense_peak_gflops,,GFLOP/s,dense non-tensor non-sparse FP32 vector peak,unresolved,unresolved,repository_source,,,,,,,,unresolved,,No supported value found; retained as an explicit blank.
obs-transistors-million-amd-radeon-r9-290x,amd-radeon-r9-290x,AMD Radeon R9 290X,AMD,client/gaming,gpu,gpu,2013-10-24,2013.812971,transistors_million,,million transistors,device or multi-die package transistor count,unresolved,unresolved,primary,,,,,,,,unresolved,,No supported value found; retained as an explicit blank.
obs-frequency-ghz-amd-radeon-r9-290x,amd-radeon-r9-290x,AMD Radeon R9 290X,AMD,client/gaming,gpu,gpu,2013-10-24,2013.812971,frequency_ghz,1,GHz,nominal/base clock unless source states otherwise,direct,direct,primary,,,,,maximum engine clock,{},,eligible,https://ir.amd.com/news-events/press-releases/detail/452/amd-radeon-r9-290x-graphics-card-pioneers-a-new-era-in-gaming-experience,
obs-power-w-amd-radeon-r9-290x,amd-radeon-r9-290x,AMD Radeon R9 290X,AMD,client/gaming,gpu,gpu,2013-10-24,2013.812971,power_w,250,W,GPU TBP/TDP,direct,direct,primary,,,,,,{},,eligible,https://ir.amd.com/news-events/press-releases/detail/452/amd-radeon-r9-290x-graphics-card-pioneers-a-new-era-in-gaming-experience,
obs-cpu-physical-cores-amd-radeon-r9-290x,amd-radeon-r9-290x,AMD Radeon R9 290X,AMD,client/gaming,gpu,gpu,2013-10-24,2013.812971,cpu_physical_cores,,physical cores,physical CPU cores,unresolved,unresolved,primary,,,,,,,,not_applicable_gpu,,No supported value found; retained as an explicit blank.
obs-gpu-compute-units-amd-radeon-r9-290x,amd-radeon-r9-290x,AMD Radeon R9 290X,AMD,client/gaming,gpu,discrete_gpu,2013-10-24,2013.812971,gpu_compute_units,,SMs / CUs / GPU cores,"vendor-native GPU unit count; SM, CU, or Apple GPU core",unresolved,unresolved,primary,,,,,,,,unresolved,,No supported value found; retained as an explicit blank.
obs-cpu-single-thread-normalized-amd-radeon-r9-290x,amd-radeon-r9-290x,AMD Radeon R9 290X,AMD,client/gaming,gpu,gpu,2013-10-24,2013.812971,cpu_single_thread_normalized,,normalized single-core index (legacy SPEC scale),one-copy benchmark normalized by the documented suite-specific continuity rule,unresolved,unresolved,primary,,,,,,,,not_applicable_gpu,,No supported value found; retained as an explicit blank.
obs-cpu-multicore-rate2000-int-base-amd-radeon-r9-290x,amd-radeon-r9-290x,AMD Radeon R9 290X,AMD,client/gaming,gpu,gpu,2013-10-24,2013.812971,cpu_multicore_rate2000_int_base,,SPECint_rate_base2000 (one chip),measured integer throughput of one CPU package in a published system,unresolved,unresolved,primary,,,,,,,,not_applicable_gpu,,No supported value found; retained as an explicit blank.
obs-cpu-multicore-rate2006-int-base-amd-radeon-r9-290x,amd-radeon-r9-290x,AMD Radeon R9 290X,AMD,client/gaming,gpu,gpu,2013-10-24,2013.812971,cpu_multicore_rate2006_int_base,,SPECint_rate_base2006 (one chip),measured integer throughput of one CPU package in a published system,unresolved,unresolved,primary,,,,,,,,not_applicable_gpu,,No supported value found; retained as an explicit blank.
obs-cpu-multicore-rate2017-int-base-amd-radeon-r9-290x,amd-radeon-r9-290x,AMD Radeon R9 290X,AMD,client/gaming,gpu,gpu,2013-10-24,2013.812971,cpu_multicore_rate2017_int_base,,SPECrate2017_int_base (one chip),measured integer throughput of one CPU package in a published system,unresolved,unresolved,primary,,,,,,,,not_applicable_gpu,,No supported value found; retained as an explicit blank.
obs-cpu-multicore-index-amd-radeon-r9-290x,amd-radeon-r9-290x,AMD Radeon R9 290X,AMD,client/gaming,gpu,gpu,2013-10-24,2013.812971,cpu_multicore_index,,estimated one-chip throughput index (2003=100),estimated integer-throughput index derived from a measured one-CPU-package SPEC rate,unresolved,unresolved,primary,,,,,,,,not_applicable_gpu,,No supported value found; retained as an explicit blank.
obs-fp32-dense-peak-gflops-amd-radeon-r9-290x,amd-radeon-r9-290x,AMD Radeon R9 290X,AMD,client/gaming,gpu,discrete_gpu,2013-10-24,2013.812971,fp32_dense_peak_gflops,5600,GFLOP/s,dense non-tensor non-sparse FP32 vector peak,direct,direct,primary,,,,FP32 vector dense,,{},,eligible,https://ir.amd.com/news-events/press-releases/detail/452/amd-radeon-r9-290x-graphics-card-pioneers-a-new-era-in-gaming-experience,
obs-transistors-million-newdata-xeon-e7-4890v2-2014-02,newdata-xeon-e7-4890v2-2014-02,Xeon E7-4890v2,Intel,historical processor dataset,cpu,cpu,2014-02-01,2014.083333,transistors_million,4300,million transistors,device or multi-die package transistor count,direct,high,primary,,,,,,{},,eligible,https://github.com/karlrupp/microprocessor-trend-data/blob/master/newdata.txt#L21; https://www.spec.org/cpu2006/results/,
obs-frequency-ghz-newdata-xeon-e7-4890v2-2014-02,newdata-xeon-e7-4890v2-2014-02,Xeon E7-4890v2,Intel,historical processor dataset,cpu,cpu,2014-02-01,2014.083333,frequency_ghz,2.8,GHz,nominal/base clock unless source states otherwise,direct,high,primary,,,,,,{},,eligible,https://github.com/karlrupp/microprocessor-trend-data/blob/master/newdata.txt#L21; https://www.spec.org/cpu2006/results/,
obs-power-w-newdata-xeon-e7-4890v2-2014-02,newdata-xeon-e7-4890v2-2014-02,Xeon E7-4890v2,Intel,historical processor dataset,cpu,cpu,2014-02-01,2014.083333,power_w,155,W,CPU TDP,direct,high,primary,,,,,,{},,eligible,https://github.com/karlrupp/microprocessor-trend-data/blob/master/newdata.txt#L21; https://www.spec.org/cpu2006/results/,
obs-cpu-physical-cores-newdata-xeon-e7-4890v2-2014-02,newdata-xeon-e7-4890v2-2014-02,Xeon E7-4890v2,Intel,historical processor dataset,cpu,cpu,2014-02-01,2014.083333,cpu_physical_cores,15,physical cores,physical CPU cores,direct,high,repository_source,,,,,,{},,eligible,https://github.com/karlrupp/microprocessor-trend-data/blob/master/newdata.txt#L21; https://www.spec.org/cpu2006/results/,Fifteen physical cores; the legacy value of thirty was a hardware-thread count.
obs-gpu-compute-units-newdata-xeon-e7-4890v2-2014-02,newdata-xeon-e7-4890v2-2014-02,Xeon E7-4890v2,Intel,historical processor dataset,cpu,cpu,2014-02-01,2014.083333,gpu_compute_units,,SMs / CUs / GPU cores,"vendor-native GPU unit count; SM, CU, or Apple GPU core",unresolved,unresolved,repository_source,,,,,,,,not_applicable_cpu,,No supported value found; retained as an explicit blank.
obs-cpu-single-thread-normalized-newdata-xeon-e7-4890v2-2014-02,newdata-xeon-e7-4890v2-2014-02,Xeon E7-4890v2,Intel,historical processor dataset,cpu,cpu,2014-02-01,2014.083333,cpu_single_thread_normalized,59.9,normalized single-core index (legacy SPEC scale),one-copy benchmark normalized by the documented suite-specific continuity rule,normalized,direct,primary,,,SPECint2006,,,{},,eligible,https://github.com/karlrupp/microprocessor-trend-data/blob/master/newdata.txt#L21; https://www.spec.org/cpu2006/results/,
obs-cpu-multicore-rate2000-int-base-newdata-xeon-e7-4890v2-2014-02,newdata-xeon-e7-4890v2-2014-02,Xeon E7-4890v2,Intel,historical processor dataset,cpu,cpu,2014-02-01,2014.083333,cpu_multicore_rate2000_int_base,,SPECint_rate_base2000 (one chip),measured integer throughput of one CPU package in a published system,unresolved,unresolved,repository_source,,,,,,,,unresolved,,No supported value found; retained as an explicit blank.
obs-cpu-multicore-rate2006-int-base-newdata-xeon-e7-4890v2-2014-02,newdata-xeon-e7-4890v2-2014-02,Xeon E7-4890v2,Intel,historical processor dataset,cpu,cpu,2014-02-01,2014.083333,cpu_multicore_rate2006_int_base,,SPECint_rate_base2006 (one chip),measured integer throughput of one CPU package in a published system,unresolved,unresolved,repository_source,,,,,,,,unresolved,,No supported value found; retained as an explicit blank.
obs-cpu-multicore-rate2017-int-base-newdata-xeon-e7-4890v2-2014-02,newdata-xeon-e7-4890v2-2014-02,Xeon E7-4890v2,Intel,historical processor dataset,cpu,cpu,2014-02-01,2014.083333,cpu_multicore_rate2017_int_base,,SPECrate2017_int_base (one chip),measured integer throughput of one CPU package in a published system,unresolved,unresolved,repository_source,,,,,,,,unresolved,,No supported value found; retained as an explicit blank.
obs-cpu-multicore-index-newdata-xeon-e7-4890v2-2014-02,newdata-xeon-e7-4890v2-2014-02,Xeon E7-4890v2,Intel,historical processor dataset,cpu,cpu,2014-02-01,2014.083333,cpu_multicore_index,,estimated one-chip throughput index (2003=100),estimated integer-throughput index derived from a measured one-CPU-package SPEC rate,unresolved,unresolved,repository_source,,,,,,,,unresolved,,No supported value found; retained as an explicit blank.
obs-fp32-dense-peak-gflops-newdata-xeon-e7-4890v2-2014-02,newdata-xeon-e7-4890v2-2014-02,Xeon E7-4890v2,Intel,historical processor dataset,cpu,cpu,2014-02-01,2014.083333,fp32_dense_peak_gflops,,GFLOP/s,dense non-tensor non-sparse FP32 vector peak,unresolved,unresolved,repository_source,,,,,,,,unresolved,,No supported value found; retained as an explicit blank.
obs-transistors-million-newdata-power8-s814-2014-06,newdata-power8-s814-2014-06,Power8 S814,IBM,historical processor dataset,cpu,cpu,2014-06-01,2014.416667,transistors_million,4200,million transistors,device or multi-die package transistor count,direct,high,primary,,,,,,{},,eligible,https://github.com/karlrupp/microprocessor-trend-data/blob/master/newdata.txt#L22; https://www.spec.org/cpu2006/results/res2015q2/cpu2006-20150513-36365.pdf,"TDP taken from Power7+ Estimated as 261 / 4 physical cores = 65.25. This is a per-core throughput proxy from the matching S814 system, not a submitted SPECint2006 speed result."
obs-frequency-ghz-newdata-power8-s814-2014-06,newdata-power8-s814-2014-06,Power8 S814,IBM,historical processor dataset,cpu,cpu,2014-06-01,2014.416667,frequency_ghz,3.7,GHz,nominal/base clock unless source states otherwise,direct,high,primary,,,,,,{},,eligible,https://github.com/karlrupp/microprocessor-trend-data/blob/master/newdata.txt#L22; https://www.spec.org/cpu2006/results/res2015q2/cpu2006-20150513-36365.pdf,"TDP taken from Power7+ Estimated as 261 / 4 physical cores = 65.25. This is a per-core throughput proxy from the matching S814 system, not a submitted SPECint2006 speed result."
obs-power-w-newdata-power8-s814-2014-06,newdata-power8-s814-2014-06,Power8 S814,IBM,historical processor dataset,cpu,cpu,2014-06-01,2014.416667,power_w,200,W,CPU TDP,direct,high,primary,,,,,,{},,eligible,https://github.com/karlrupp/microprocessor-trend-data/blob/master/newdata.txt#L22; https://www.spec.org/cpu2006/results/res2015q2/cpu2006-20150513-36365.pdf,"TDP taken from Power7+ Estimated as 261 / 4 physical cores = 65.25. This is a per-core throughput proxy from the matching S814 system, not a submitted SPECint2006 speed result."
obs-cpu-physical-cores-newdata-power8-s814-2014-06,newdata-power8-s814-2014-06,Power8 S814,IBM,historical processor dataset,cpu,cpu,2014-06-01,2014.416667,cpu_physical_cores,8,physical cores,physical CPU cores,calculated,medium,repository_source,,,,,,{},,eligible,https://github.com/karlrupp/microprocessor-trend-data/blob/master/newdata.txt#L22; https://www.spec.org/cpu2006/results/res2015q2/cpu2006-20150513-36365.pdf,Eight physical POWER8 cores represented by the legacy 64-way SMT count; SMT contexts are excluded.
obs-gpu-compute-units-newdata-power8-s814-2014-06,newdata-power8-s814-2014-06,Power8 S814,IBM,historical processor dataset,cpu,cpu,2014-06-01,2014.416667,gpu_compute_units,,SMs / CUs / GPU cores,"vendor-native GPU unit count; SM, CU, or Apple GPU core",unresolved,unresolved,repository_source,,,,,,,,not_applicable_cpu,,No supported value found; retained as an explicit blank.
obs-cpu-single-thread-normalized-newdata-power8-s814-2014-06,newdata-power8-s814-2014-06,Power8 S814,IBM,historical processor dataset,cpu,cpu,2014-06-01,2014.416667,cpu_single_thread_normalized,65.3,normalized single-core index (legacy SPEC scale),one-copy benchmark normalized by the documented suite-specific continuity rule,normalized,medium,primary,,,SPECint_rate2006 peak divided by physical cores,,,{},,eligible,https://github.com/karlrupp/microprocessor-trend-data/blob/master/newdata.txt#L22; https://www.spec.org/cpu2006/results/res2015q2/cpu2006-20150513-36365.pdf,"TDP taken from Power7+ Estimated as 261 / 4 physical cores = 65.25. This is a per-core throughput proxy from the matching S814 system, not a submitted SPECint2006 speed result."
obs-cpu-multicore-rate2000-int-base-newdata-power8-s814-2014-06,newdata-power8-s814-2014-06,Power8 S814,IBM,historical processor dataset,cpu,cpu,2014-06-01,2014.416667,cpu_multicore_rate2000_int_base,,SPECint_rate_base2000 (one chip),measured integer throughput of one CPU package in a published system,unresolved,unresolved,repository_source,,,,,,,,unresolved,,No supported value found; retained as an explicit blank.
obs-cpu-multicore-rate2006-int-base-newdata-power8-s814-2014-06,newdata-power8-s814-2014-06,Power8 S814,IBM,historical processor dataset,cpu,cpu,2014-06-01,2014.416667,cpu_multicore_rate2006_int_base,,SPECint_rate_base2006 (one chip),measured integer throughput of one CPU package in a published system,unresolved,unresolved,repository_source,,,,,,,,unresolved,,No supported value found; retained as an explicit blank.
obs-cpu-multicore-rate2017-int-base-newdata-power8-s814-2014-06,newdata-power8-s814-2014-06,Power8 S814,IBM,historical processor dataset,cpu,cpu,2014-06-01,2014.416667,cpu_multicore_rate2017_int_base,,SPECrate2017_int_base (one chip),measured integer throughput of one CPU package in a published system,unresolved,unresolved,repository_source,,,,,,,,unresolved,,No supported value found; retained as an explicit blank.
obs-cpu-multicore-index-newdata-power8-s814-2014-06,newdata-power8-s814-2014-06,Power8 S814,IBM,historical processor dataset,cpu,cpu,2014-06-01,2014.416667,cpu_multicore_index,,estimated one-chip throughput index (2003=100),estimated integer-throughput index derived from a measured one-CPU-package SPEC rate,unresolved,unresolved,repository_source,,,,,,,,unresolved,,No supported value found; retained as an explicit blank.
obs-fp32-dense-peak-gflops-newdata-power8-s814-2014-06,newdata-power8-s814-2014-06,Power8 S814,IBM,historical processor dataset,cpu,cpu,2014-06-01,2014.416667,fp32_dense_peak_gflops,,GFLOP/s,dense non-tensor non-sparse FP32 vector peak,unresolved,unresolved,repository_source,,,,,,,,unresolved,,No supported value found; retained as an explicit blank.
obs-transistors-million-newdata-xeon-e5-2667v3-2014-09,newdata-xeon-e5-2667v3-2014-09,Xeon E5-2667v3,Intel,historical processor dataset,cpu,cpu,2014-09-01,2014.666667,transistors_million,2600,million transistors,device or multi-die package transistor count,direct,high,primary,,,,,,{},,eligible,https://github.com/karlrupp/microprocessor-trend-data/blob/master/newdata.txt#L23; https://www.spec.org/cpu2006/results/,
obs-frequency-ghz-newdata-xeon-e5-2667v3-2014-09,newdata-xeon-e5-2667v3-2014-09,Xeon E5-2667v3,Intel,historical processor dataset,cpu,cpu,2014-09-01,2014.666667,frequency_ghz,3.2,GHz,nominal/base clock unless source states otherwise,direct,high,primary,,,,,,{},,eligible,https://github.com/karlrupp/microprocessor-trend-data/blob/master/newdata.txt#L23; https://www.spec.org/cpu2006/results/,
obs-power-w-newdata-xeon-e5-2667v3-2014-09,newdata-xeon-e5-2667v3-2014-09,Xeon E5-2667v3,Intel,historical processor dataset,cpu,cpu,2014-09-01,2014.666667,power_w,135,W,CPU TDP,direct,high,primary,,,,,,{},,eligible,https://github.com/karlrupp/microprocessor-trend-data/blob/master/newdata.txt#L23; https://www.spec.org/cpu2006/results/,
obs-cpu-physical-cores-newdata-xeon-e5-2667v3-2014-09,newdata-xeon-e5-2667v3-2014-09,Xeon E5-2667v3,Intel,historical processor dataset,cpu,cpu,2014-09-01,2014.666667,cpu_physical_cores,8,physical cores,physical CPU cores,direct,high,repository_source,,,,,,{},,eligible,https://github.com/karlrupp/microprocessor-trend-data/blob/master/newdata.txt#L23; https://www.spec.org/cpu2006/results/,Eight physical cores; the legacy value of sixteen was a hardware-thread count.
obs-gpu-compute-units-newdata-xeon-e5-2667v3-2014-09,newdata-xeon-e5-2667v3-2014-09,Xeon E5-2667v3,Intel,historical processor dataset,cpu,cpu,2014-09-01,2014.666667,gpu_compute_units,,SMs / CUs / GPU cores,"vendor-native GPU unit count; SM, CU, or Apple GPU core",unresolved,unresolved,repository_source,,,,,,,,not_applicable_cpu,,No supported value found; retained as an explicit blank.
obs-cpu-single-thread-normalized-newdata-xeon-e5-2667v3-2014-09,newdata-xeon-e5-2667v3-2014-09,Xeon E5-2667v3,Intel,historical processor dataset,cpu,cpu,2014-09-01,2014.666667,cpu_single_thread_normalized,66.4,normalized single-core index (legacy SPEC scale),one-copy benchmark normalized by the documented suite-specific continuity rule,normalized,direct,primary,,,SPECint2006,,,{},,eligible,https://github.com/karlrupp/microprocessor-trend-data/blob/master/newdata.txt#L23; https://www.spec.org/cpu2006/results/,
obs-cpu-multicore-rate2000-int-base-newdata-xeon-e5-2667v3-2014-09,newdata-xeon-e5-2667v3-2014-09,Xeon E5-2667v3,Intel,historical processor dataset,cpu,cpu,2014-09-01,2014.666667,cpu_multicore_rate2000_int_base,,SPECint_rate_base2000 (one chip),measured integer throughput of one CPU package in a published system,unresolved,unresolved,repository_source,,,,,,,,unresolved,,No supported value found; retained as an explicit blank.
obs-cpu-multicore-rate2006-int-base-newdata-xeon-e5-2667v3-2014-09,newdata-xeon-e5-2667v3-2014-09,Xeon E5-2667v3,Intel,historical processor dataset,cpu,cpu,2014-09-01,2014.666667,cpu_multicore_rate2006_int_base,,SPECint_rate_base2006 (one chip),measured integer throughput of one CPU package in a published system,unresolved,unresolved,repository_source,,,,,,,,unresolved,,No supported value found; retained as an explicit blank.
obs-cpu-multicore-rate2017-int-base-newdata-xeon-e5-2667v3-2014-09,newdata-xeon-e5-2667v3-2014-09,Xeon E5-2667v3,Intel,historical processor dataset,cpu,cpu,2014-09-01,2014.666667,cpu_multicore_rate2017_int_base,,SPECrate2017_int_base (one chip),measured integer throughput of one CPU package in a published system,unresolved,unresolved,repository_source,,,,,,,,unresolved,,No supported value found; retained as an explicit blank.
obs-cpu-multicore-index-newdata-xeon-e5-2667v3-2014-09,newdata-xeon-e5-2667v3-2014-09,Xeon E5-2667v3,Intel,historical processor dataset,cpu,cpu,2014-09-01,2014.666667,cpu_multicore_index,,estimated one-chip throughput index (2003=100),estimated integer-throughput index derived from a measured one-CPU-package SPEC rate,unresolved,unresolved,repository_source,,,,,,,,unresolved,,No supported value found; retained as an explicit blank.
obs-fp32-dense-peak-gflops-newdata-xeon-e5-2667v3-2014-09,newdata-xeon-e5-2667v3-2014-09,Xeon E5-2667v3,Intel,historical processor dataset,cpu,cpu,2014-09-01,2014.666667,fp32_dense_peak_gflops,,GFLOP/s,dense non-tensor non-sparse FP32 vector peak,unresolved,unresolved,repository_source,,,,,,,,unresolved,,No supported value found; retained as an explicit blank.
obs-transistors-million-newdata-xeon-e5-2690v3-2014-09,newdata-xeon-e5-2690v3-2014-09,Xeon E5-2690v3,Intel,historical processor dataset,cpu,cpu,2014-09-01,2014.666667,transistors_million,3800,million transistors,device or multi-die package transistor count,direct,high,primary,,,,,,{},,eligible,https://github.com/karlrupp/microprocessor-trend-data/blob/master/newdata.txt#L24; https://www.spec.org/cpu2006/results/,
obs-frequency-ghz-newdata-xeon-e5-2690v3-2014-09,newdata-xeon-e5-2690v3-2014-09,Xeon E5-2690v3,Intel,historical processor dataset,cpu,cpu,2014-09-01,2014.666667,frequency_ghz,2.6,GHz,nominal/base clock unless source states otherwise,direct,high,primary,,,,,,{},,eligible,https://github.com/karlrupp/microprocessor-trend-data/blob/master/newdata.txt#L24; https://www.spec.org/cpu2006/results/,
obs-power-w-newdata-xeon-e5-2690v3-2014-09,newdata-xeon-e5-2690v3-2014-09,Xeon E5-2690v3,Intel,historical processor dataset,cpu,cpu,2014-09-01,2014.666667,power_w,135,W,CPU TDP,direct,high,primary,,,,,,{},,eligible,https://github.com/karlrupp/microprocessor-trend-data/blob/master/newdata.txt#L24; https://www.spec.org/cpu2006/results/,
obs-cpu-physical-cores-newdata-xeon-e5-2690v3-2014-09,newdata-xeon-e5-2690v3-2014-09,Xeon E5-2690v3,Intel,historical processor dataset,cpu,cpu,2014-09-01,2014.666667,cpu_physical_cores,12,physical cores,physical CPU cores,direct,high,repository_source,,,,,,{},,eligible,https://github.com/karlrupp/microprocessor-trend-data/blob/master/newdata.txt#L24; https://www.spec.org/cpu2006/results/,Twelve physical cores; the legacy value of twenty-four was a hardware-thread count.
obs-gpu-compute-units-newdata-xeon-e5-2690v3-2014-09,newdata-xeon-e5-2690v3-2014-09,Xeon E5-2690v3,Intel,historical processor dataset,cpu,cpu,2014-09-01,2014.666667,gpu_compute_units,,SMs / CUs / GPU cores,"vendor-native GPU unit count; SM, CU, or Apple GPU core",unresolved,unresolved,repository_source,,,,,,,,not_applicable_cpu,,No supported value found; retained as an explicit blank.
obs-cpu-single-thread-normalized-newdata-xeon-e5-2690v3-2014-09,newdata-xeon-e5-2690v3-2014-09,Xeon E5-2690v3,Intel,historical processor dataset,cpu,cpu,2014-09-01,2014.666667,cpu_single_thread_normalized,65.4,normalized single-core index (legacy SPEC scale),one-copy benchmark normalized by the documented suite-specific continuity rule,normalized,direct,primary,,,SPECint2006,,,{},,eligible,https://github.com/karlrupp/microprocessor-trend-data/blob/master/newdata.txt#L24; https://www.spec.org/cpu2006/results/,
obs-cpu-multicore-rate2000-int-base-newdata-xeon-e5-2690v3-2014-09,newdata-xeon-e5-2690v3-2014-09,Xeon E5-2690v3,Intel,historical processor dataset,cpu,cpu,2014-09-01,2014.666667,cpu_multicore_rate2000_int_base,,SPECint_rate_base2000 (one chip),measured integer throughput of one CPU package in a published system,unresolved,unresolved,repository_source,,,,,,,,unresolved,,No supported value found; retained as an explicit blank.
obs-cpu-multicore-rate2006-int-base-newdata-xeon-e5-2690v3-2014-09,newdata-xeon-e5-2690v3-2014-09,Xeon E5-2690v3,Intel,historical processor dataset,cpu,cpu,2014-09-01,2014.666667,cpu_multicore_rate2006_int_base,,SPECint_rate_base2006 (one chip),measured integer throughput of one CPU package in a published system,unresolved,unresolved,repository_source,,,,,,,,unresolved,,No supported value found; retained as an explicit blank.
obs-cpu-multicore-rate2017-int-base-newdata-xeon-e5-2690v3-2014-09,newdata-xeon-e5-2690v3-2014-09,Xeon E5-2690v3,Intel,historical processor dataset,cpu,cpu,2014-09-01,2014.666667,cpu_multicore_rate2017_int_base,,SPECrate2017_int_base (one chip),measured integer throughput of one CPU package in a published system,unresolved,unresolved,repository_source,,,,,,,,unresolved,,No supported value found; retained as an explicit blank.
obs-cpu-multicore-index-newdata-xeon-e5-2690v3-2014-09,newdata-xeon-e5-2690v3-2014-09,Xeon E5-2690v3,Intel,historical processor dataset,cpu,cpu,2014-09-01,2014.666667,cpu_multicore_index,,estimated one-chip throughput index (2003=100),estimated integer-throughput index derived from a measured one-CPU-package SPEC rate,unresolved,unresolved,repository_source,,,,,,,,unresolved,,No supported value found; retained as an explicit blank.
obs-fp32-dense-peak-gflops-newdata-xeon-e5-2690v3-2014-09,newdata-xeon-e5-2690v3-2014-09,Xeon E5-2690v3,Intel,historical processor dataset,cpu,cpu,2014-09-01,2014.666667,fp32_dense_peak_gflops,,GFLOP/s,dense non-tensor non-sparse FP32 vector peak,unresolved,unresolved,repository_source,,,,,,,,unresolved,,No supported value found; retained as an explicit blank.
obs-transistors-million-newdata-xeon-e5-2699v3-2014-09,newdata-xeon-e5-2699v3-2014-09,Xeon E5-2699v3,Intel,historical processor dataset,cpu,cpu,2014-09-01,2014.666667,transistors_million,5700,million transistors,device or multi-die package transistor count,direct,high,primary,,,,,,{},,eligible,https://github.com/karlrupp/microprocessor-trend-data/blob/master/newdata.txt#L25; https://www.spec.org/cpu2006/results/; https://www.intel.com/content/www/us/en/products/sku/81061/intel-xeon-processor-e52699-v3-45m-cache-2-30-ghz/specifications.html,
obs-frequency-ghz-newdata-xeon-e5-2699v3-2014-09,newdata-xeon-e5-2699v3-2014-09,Xeon E5-2699v3,Intel,historical processor dataset,cpu,cpu,2014-09-01,2014.666667,frequency_ghz,2.3,GHz,nominal/base clock unless source states otherwise,direct,high,primary,,,,,,{},,eligible,https://github.com/karlrupp/microprocessor-trend-data/blob/master/newdata.txt#L25; https://www.spec.org/cpu2006/results/; https://www.intel.com/content/www/us/en/products/sku/81061/intel-xeon-processor-e52699-v3-45m-cache-2-30-ghz/specifications.html,
obs-power-w-newdata-xeon-e5-2699v3-2014-09,newdata-xeon-e5-2699v3-2014-09,Xeon E5-2699v3,Intel,historical processor dataset,cpu,cpu,2014-09-01,2014.666667,power_w,145,W,CPU TDP,direct,high,primary,,,,,,{},,eligible,https://github.com/karlrupp/microprocessor-trend-data/blob/master/newdata.txt#L25; https://www.spec.org/cpu2006/results/; https://www.intel.com/content/www/us/en/products/sku/81061/intel-xeon-processor-e52699-v3-45m-cache-2-30-ghz/specifications.html,
obs-cpu-physical-cores-newdata-xeon-e5-2699v3-2014-09,newdata-xeon-e5-2699v3-2014-09,Xeon E5-2699v3,Intel,historical processor dataset,cpu,cpu,2014-09-01,2014.666667,cpu_physical_cores,18,physical cores,physical CPU cores,direct,high,repository_source,,,,,,{},,eligible,https://github.com/karlrupp/microprocessor-trend-data/blob/master/newdata.txt#L25; https://www.spec.org/cpu2006/results/; https://www.intel.com/content/www/us/en/products/sku/81061/intel-xeon-processor-e52699-v3-45m-cache-2-30-ghz/specifications.html,Eighteen physical cores; the legacy value of thirty-six was a hardware-thread count.
obs-gpu-compute-units-newdata-xeon-e5-2699v3-2014-09,newdata-xeon-e5-2699v3-2014-09,Xeon E5-2699v3,Intel,historical processor dataset,cpu,cpu,2014-09-01,2014.666667,gpu_compute_units,,SMs / CUs / GPU cores,"vendor-native GPU unit count; SM, CU, or Apple GPU core",unresolved,unresolved,repository_source,,,,,,,,not_applicable_cpu,,No supported value found; retained as an explicit blank.
obs-cpu-single-thread-normalized-newdata-xeon-e5-2699v3-2014-09,newdata-xeon-e5-2699v3-2014-09,Xeon E5-2699v3,Intel,historical processor dataset,cpu,cpu,2014-09-01,2014.666667,cpu_single_thread_normalized,66.1,normalized single-core index (legacy SPEC scale),one-copy benchmark normalized by the documented suite-specific continuity rule,normalized,direct,primary,,,SPECint2006,,,{},,eligible,https://github.com/karlrupp/microprocessor-trend-data/blob/master/newdata.txt#L25; https://www.spec.org/cpu2006/results/; https://www.intel.com/content/www/us/en/products/sku/81061/intel-xeon-processor-e52699-v3-45m-cache-2-30-ghz/specifications.html,
obs-cpu-multicore-rate2000-int-base-newdata-xeon-e5-2699v3-2014-09,newdata-xeon-e5-2699v3-2014-09,Xeon E5-2699v3,Intel,historical processor dataset,cpu,cpu,2014-09-01,2014.666667,cpu_multicore_rate2000_int_base,,SPECint_rate_base2000 (one chip),measured integer throughput of one CPU package in a published system,unresolved,unresolved,repository_source,,,,,,,,unresolved,,No supported value found; retained as an explicit blank.
obs-cpu-multicore-rate2006-int-base-newdata-xeon-e5-2699v3-2014-09,newdata-xeon-e5-2699v3-2014-09,Xeon E5-2699v3,Intel,historical processor dataset,cpu,cpu,2014-09-01,2014.666667,cpu_multicore_rate2006_int_base,655,SPECint_rate_base2006 (one chip),measured integer throughput of one CPU package in a published system,measured,direct,primary,SPECint_rate_base2006,655,,,,{},,supporting_raw_benchmark_not_plotted,https://www.spec.org/cpu2006/results/res2015q4/cpu2006-20151005-37633.html,Published one-chip system result: HP ProLiant BL460c Gen9; hardware availability 2015-05. Score belongs to this tested configuration and this SPEC suite only; scores from other suites are not comparable.
obs-cpu-multicore-rate2017-int-base-newdata-xeon-e5-2699v3-2014-09,newdata-xeon-e5-2699v3-2014-09,Xeon E5-2699v3,Intel,historical processor dataset,cpu,cpu,2014-09-01,2014.666667,cpu_multicore_rate2017_int_base,,SPECrate2017_int_base (one chip),measured integer throughput of one CPU package in a published system,unresolved,unresolved,repository_source,,,,,,,,unresolved,,No supported value found; retained as an explicit blank.
obs-cpu-multicore-index-newdata-xeon-e5-2699v3-2014-09,newdata-xeon-e5-2699v3-2014-09,Xeon E5-2699v3,Intel,historical processor dataset,cpu,cpu,2014-09-01,2014.666667,cpu_multicore_index,8638.18807339,estimated one-chip throughput index (2003=100),estimated integer-throughput index derived from a measured one-CPU-package SPEC rate,normalized,medium,derived_from_primary,SPECint_rate_base2006,655.0,Educational index; POWER4+ 2003 one-chip SPECint_rate_base2000 15.2 = 100. Bridges use median log ratios of matched one-chip processor results; not an official SPEC conversion.,,,"{""base_index"": 100.0, ""base_score"": 15.2, ""cpu2000_to_cpu2006"": 0.4988558352402746, ""cpu2006_to_cpu2017"": 0.12486988466935224, ""denominator_for_suite"": 7.582608695652174, ""raw_score"": 655.0}",base_index * raw_score / denominator_for_suite,eligible,https://open.spec.org/cpu2000/results/res2006q3/cpu2000-20060705-06399.html; https://open.spec.org/cpu2000/results/res2006q3/cpu2000-20060904-07199.html; https://spec.org/cpu2006/results/res2018q1/cpu2006-20171212-51326.pdf; https://www.spec.org/cpu2000/results/res2006q3/cpu2000-20060705-06403.pdf; https://www.spec.org/cpu2006/results/res2006q3/cpu2006-20060904-00079.pdf; https://www.spec.org/cpu2006/results/res2006q3/cpu2006-20060904-00082.pdf; https://www.spec.org/cpu2006/results/res2007q3/cpu2006-20070723-01554.pdf; https://www.spec.org/cpu2006/results/res2015q4/cpu2006-20151005-37633.html; https://www.spec.org/cpu2006/results/res2017q2/cpu2006-20170529-47129.html; https://www.spec.org/cpu2017/results/res2017q4/cpu2017-20171211-01450.html; https://www.spec.org/cpu2017/results/res2018q1/cpu2017-20171212-01664.html,Estimated cross-suite index from measured one-chip rate. Raw result and all bridge reports are retained; consult cpu-throughput-bridges.json. SPEC does not endorse cross-suite score conversion.
obs-fp32-dense-peak-gflops-newdata-xeon-e5-2699v3-2014-09,newdata-xeon-e5-2699v3-2014-09,Xeon E5-2699v3,Intel,historical processor dataset,cpu,cpu,2014-09-01,2014.666667,fp32_dense_peak_gflops,,GFLOP/s,dense non-tensor non-sparse FP32 vector peak,unresolved,unresolved,repository_source,,,,,,,,unresolved,,No supported value found; retained as an explicit blank.
obs-transistors-million-nvidia-geforce-gtx-980,nvidia-geforce-gtx-980,NVIDIA GeForce GTX 980,NVIDIA,client/gaming,gpu,gpu,2014-09-18,2014.713210,transistors_million,5200,million transistors,device or multi-die package transistor count,direct,direct,primary,,,,,,{},,eligible,https://developer.nvidia.com/blog/?p=3669; https://www.nvidia.com/en-gb/geforce/900-series/,
obs-frequency-ghz-nvidia-geforce-gtx-980,nvidia-geforce-gtx-980,NVIDIA GeForce GTX 980,NVIDIA,client/gaming,gpu,gpu,2014-09-18,2014.713210,frequency_ghz,1.126,GHz,nominal/base clock unless source states otherwise,direct,direct,primary,,,,,base clock,{},,eligible,https://developer.nvidia.com/blog/?p=3669; https://www.nvidia.com/en-gb/geforce/900-series/,
obs-power-w-nvidia-geforce-gtx-980,nvidia-geforce-gtx-980,NVIDIA GeForce GTX 980,NVIDIA,client/gaming,gpu,gpu,2014-09-18,2014.713210,power_w,165,W,GPU TBP/TDP,direct,direct,primary,,,,,,{},,eligible,https://developer.nvidia.com/blog/?p=3669; https://www.nvidia.com/en-gb/geforce/900-series/,
obs-cpu-physical-cores-nvidia-geforce-gtx-980,nvidia-geforce-gtx-980,NVIDIA GeForce GTX 980,NVIDIA,client/gaming,gpu,gpu,2014-09-18,2014.713210,cpu_physical_cores,,physical cores,physical CPU cores,unresolved,unresolved,primary,,,,,,,,not_applicable_gpu,,No supported value found; retained as an explicit blank.
obs-gpu-compute-units-nvidia-geforce-gtx-980,nvidia-geforce-gtx-980,NVIDIA GeForce GTX 980,NVIDIA,client/gaming,gpu,discrete_gpu,2014-09-18,2014.713210,gpu_compute_units,,SMs / CUs / GPU cores,"vendor-native GPU unit count; SM, CU, or Apple GPU core",unresolved,unresolved,primary,,,,,,,,unresolved,,No supported value found; retained as an explicit blank.
obs-cpu-single-thread-normalized-nvidia-geforce-gtx-980,nvidia-geforce-gtx-980,NVIDIA GeForce GTX 980,NVIDIA,client/gaming,gpu,gpu,2014-09-18,2014.713210,cpu_single_thread_normalized,,normalized single-core index (legacy SPEC scale),one-copy benchmark normalized by the documented suite-specific continuity rule,unresolved,unresolved,primary,,,,,,,,not_applicable_gpu,,No supported value found; retained as an explicit blank.
obs-cpu-multicore-rate2000-int-base-nvidia-geforce-gtx-980,nvidia-geforce-gtx-980,NVIDIA GeForce GTX 980,NVIDIA,client/gaming,gpu,gpu,2014-09-18,2014.713210,cpu_multicore_rate2000_int_base,,SPECint_rate_base2000 (one chip),measured integer throughput of one CPU package in a published system,unresolved,unresolved,primary,,,,,,,,not_applicable_gpu,,No supported value found; retained as an explicit blank.
obs-cpu-multicore-rate2006-int-base-nvidia-geforce-gtx-980,nvidia-geforce-gtx-980,NVIDIA GeForce GTX 980,NVIDIA,client/gaming,gpu,gpu,2014-09-18,2014.713210,cpu_multicore_rate2006_int_base,,SPECint_rate_base2006 (one chip),measured integer throughput of one CPU package in a published system,unresolved,unresolved,primary,,,,,,,,not_applicable_gpu,,No supported value found; retained as an explicit blank.
obs-cpu-multicore-rate2017-int-base-nvidia-geforce-gtx-980,nvidia-geforce-gtx-980,NVIDIA GeForce GTX 980,NVIDIA,client/gaming,gpu,gpu,2014-09-18,2014.713210,cpu_multicore_rate2017_int_base,,SPECrate2017_int_base (one chip),measured integer throughput of one CPU package in a published system,unresolved,unresolved,primary,,,,,,,,not_applicable_gpu,,No supported value found; retained as an explicit blank.
obs-cpu-multicore-index-nvidia-geforce-gtx-980,nvidia-geforce-gtx-980,NVIDIA GeForce GTX 980,NVIDIA,client/gaming,gpu,gpu,2014-09-18,2014.713210,cpu_multicore_index,,estimated one-chip throughput index (2003=100),estimated integer-throughput index derived from a measured one-CPU-package SPEC rate,unresolved,unresolved,primary,,,,,,,,not_applicable_gpu,,No supported value found; retained as an explicit blank.
obs-fp32-dense-peak-gflops-nvidia-geforce-gtx-980,nvidia-geforce-gtx-980,NVIDIA GeForce GTX 980,NVIDIA,client/gaming,gpu,discrete_gpu,2014-09-18,2014.713210,fp32_dense_peak_gflops,4612,GFLOP/s,dense non-tensor non-sparse FP32 vector peak,direct,direct,primary,,,,FP32 vector dense,,{},,eligible,https://developer.nvidia.com/blog/?p=3669; https://www.nvidia.com/en-gb/geforce/900-series/,
obs-transistors-million-nvidia-geforce-gtx-980-ti,nvidia-geforce-gtx-980-ti,NVIDIA GeForce GTX 980 Ti,NVIDIA,client/gaming,gpu,gpu,2015-06-01,2015.416667,transistors_million,,million transistors,device or multi-die package transistor count,unresolved,unresolved,primary,,,,,,,,unresolved,,No supported value found; retained as an explicit blank.
obs-frequency-ghz-nvidia-geforce-gtx-980-ti,nvidia-geforce-gtx-980-ti,NVIDIA GeForce GTX 980 Ti,NVIDIA,client/gaming,gpu,gpu,2015-06-01,2015.416667,frequency_ghz,1,GHz,nominal/base clock unless source states otherwise,direct,direct,primary,,,,,base clock,{},,eligible,https://www.nvidia.com/en-gb/geforce/900-series/,
obs-power-w-nvidia-geforce-gtx-980-ti,nvidia-geforce-gtx-980-ti,NVIDIA GeForce GTX 980 Ti,NVIDIA,client/gaming,gpu,gpu,2015-06-01,2015.416667,power_w,250,W,GPU TBP/TDP,direct,direct,primary,,,,,,{},,eligible,https://www.nvidia.com/en-gb/geforce/900-series/,
obs-cpu-physical-cores-nvidia-geforce-gtx-980-ti,nvidia-geforce-gtx-980-ti,NVIDIA GeForce GTX 980 Ti,NVIDIA,client/gaming,gpu,gpu,2015-06-01,2015.416667,cpu_physical_cores,,physical cores,physical CPU cores,unresolved,unresolved,primary,,,,,,,,not_applicable_gpu,,No supported value found; retained as an explicit blank.
obs-gpu-compute-units-nvidia-geforce-gtx-980-ti,nvidia-geforce-gtx-980-ti,NVIDIA GeForce GTX 980 Ti,NVIDIA,client/gaming,gpu,discrete_gpu,2015-06-01,2015.416667,gpu_compute_units,,SMs / CUs / GPU cores,"vendor-native GPU unit count; SM, CU, or Apple GPU core",unresolved,unresolved,primary,,,,,,,,unresolved,,No supported value found; retained as an explicit blank.
obs-cpu-single-thread-normalized-nvidia-geforce-gtx-980-ti,nvidia-geforce-gtx-980-ti,NVIDIA GeForce GTX 980 Ti,NVIDIA,client/gaming,gpu,gpu,2015-06-01,2015.416667,cpu_single_thread_normalized,,normalized single-core index (legacy SPEC scale),one-copy benchmark normalized by the documented suite-specific continuity rule,unresolved,unresolved,primary,,,,,,,,not_applicable_gpu,,No supported value found; retained as an explicit blank.
obs-cpu-multicore-rate2000-int-base-nvidia-geforce-gtx-980-ti,nvidia-geforce-gtx-980-ti,NVIDIA GeForce GTX 980 Ti,NVIDIA,client/gaming,gpu,gpu,2015-06-01,2015.416667,cpu_multicore_rate2000_int_base,,SPECint_rate_base2000 (one chip),measured integer throughput of one CPU package in a published system,unresolved,unresolved,primary,,,,,,,,not_applicable_gpu,,No supported value found; retained as an explicit blank.
obs-cpu-multicore-rate2006-int-base-nvidia-geforce-gtx-980-ti,nvidia-geforce-gtx-980-ti,NVIDIA GeForce GTX 980 Ti,NVIDIA,client/gaming,gpu,gpu,2015-06-01,2015.416667,cpu_multicore_rate2006_int_base,,SPECint_rate_base2006 (one chip),measured integer throughput of one CPU package in a published system,unresolved,unresolved,primary,,,,,,,,not_applicable_gpu,,No supported value found; retained as an explicit blank.
obs-cpu-multicore-rate2017-int-base-nvidia-geforce-gtx-980-ti,nvidia-geforce-gtx-980-ti,NVIDIA GeForce GTX 980 Ti,NVIDIA,client/gaming,gpu,gpu,2015-06-01,2015.416667,cpu_multicore_rate2017_int_base,,SPECrate2017_int_base (one chip),measured integer throughput of one CPU package in a published system,unresolved,unresolved,primary,,,,,,,,not_applicable_gpu,,No supported value found; retained as an explicit blank.
obs-cpu-multicore-index-nvidia-geforce-gtx-980-ti,nvidia-geforce-gtx-980-ti,NVIDIA GeForce GTX 980 Ti,NVIDIA,client/gaming,gpu,gpu,2015-06-01,2015.416667,cpu_multicore_index,,estimated one-chip throughput index (2003=100),estimated integer-throughput index derived from a measured one-CPU-package SPEC rate,unresolved,unresolved,primary,,,,,,,,not_applicable_gpu,,No supported value found; retained as an explicit blank.
obs-fp32-dense-peak-gflops-nvidia-geforce-gtx-980-ti,nvidia-geforce-gtx-980-ti,NVIDIA GeForce GTX 980 Ti,NVIDIA,client/gaming,gpu,discrete_gpu,2015-06-01,2015.416667,fp32_dense_peak_gflops,5632,GFLOP/s,dense non-tensor non-sparse FP32 vector peak,calculated,high,primary,,,,FP32 vector dense,,"{""base_clock_GHz"": 1.0, ""flops_per_fma"": 2, ""fp32_lanes"": 2816}",2816 * 2 * 1.0,eligible,https://www.nvidia.com/en-gb/geforce/900-series/,
obs-transistors-million-spec-ibm-power8-10-core-2015-10,spec-ibm-power8-10-core-2015-10,IBM POWER8 (10-core configuration),IBM,server,cpu,cpu,2015-10-01,2015.750000,transistors_million,,million transistors,device or multi-die package transistor count,unresolved,unresolved,primary,,,,,,,,unresolved,,No supported value found; retained as an explicit blank.
obs-frequency-ghz-spec-ibm-power8-10-core-2015-10,spec-ibm-power8-10-core-2015-10,IBM POWER8 (10-core configuration),IBM,server,cpu,cpu,2015-10-01,2015.750000,frequency_ghz,,GHz,nominal/base clock unless source states otherwise,unresolved,unresolved,primary,,,,,,,,unresolved,,No supported value found; retained as an explicit blank.
obs-power-w-spec-ibm-power8-10-core-2015-10,spec-ibm-power8-10-core-2015-10,IBM POWER8 (10-core configuration),IBM,server,cpu,cpu,2015-10-01,2015.750000,power_w,,W,CPU TDP,unresolved,unresolved,primary,,,,,,,,unresolved,,No supported value found; retained as an explicit blank.
obs-cpu-physical-cores-spec-ibm-power8-10-core-2015-10,spec-ibm-power8-10-core-2015-10,IBM POWER8 (10-core configuration),IBM,server,cpu,cpu,2015-10-01,2015.750000,cpu_physical_cores,10,physical cores,physical CPU cores,direct,direct,primary,,,,,,{},,eligible,https://www.spec.org/cpu2006/results/res2015q4/cpu2006-20151103-37953.html,
obs-gpu-compute-units-spec-ibm-power8-10-core-2015-10,spec-ibm-power8-10-core-2015-10,IBM POWER8 (10-core configuration),IBM,server,cpu,cpu,2015-10-01,2015.750000,gpu_compute_units,,SMs / CUs / GPU cores,"vendor-native GPU unit count; SM, CU, or Apple GPU core",unresolved,unresolved,primary,,,,,,,,not_applicable_cpu,,No supported value found; retained as an explicit blank.
obs-cpu-single-thread-normalized-spec-ibm-power8-10-core-2015-10,spec-ibm-power8-10-core-2015-10,IBM POWER8 (10-core configuration),IBM,server,cpu,cpu,2015-10-01,2015.750000,cpu_single_thread_normalized,,normalized single-core index (legacy SPEC scale),one-copy benchmark normalized by the documented suite-specific continuity rule,unresolved,unresolved,primary,,,,,,,,unresolved,,No supported value found; retained as an explicit blank.
obs-cpu-multicore-rate2000-int-base-spec-ibm-power8-10-core-2015-10,spec-ibm-power8-10-core-2015-10,IBM POWER8 (10-core configuration),IBM,server,cpu,cpu,2015-10-01,2015.750000,cpu_multicore_rate2000_int_base,,SPECint_rate_base2000 (one chip),measured integer throughput of one CPU package in a published system,unresolved,unresolved,primary,,,,,,,,unresolved,,No supported value found; retained as an explicit blank.
obs-cpu-multicore-rate2006-int-base-spec-ibm-power8-10-core-2015-10,spec-ibm-power8-10-core-2015-10,IBM POWER8 (10-core configuration),IBM,server,cpu,cpu,2015-10-01,2015.750000,cpu_multicore_rate2006_int_base,482,SPECint_rate_base2006 (one chip),measured integer throughput of one CPU package in a published system,measured,direct,primary,SPECint_rate_base2006,482,,,,{},,supporting_raw_benchmark_not_plotted,https://www.spec.org/cpu2006/results/res2015q4/cpu2006-20151103-37953.html,Published one-chip system result: IBM Power S812LC; hardware availability 2015-10. Score belongs to this tested configuration and this SPEC suite only; scores from other suites are not comparable.
obs-cpu-multicore-rate2017-int-base-spec-ibm-power8-10-core-2015-10,spec-ibm-power8-10-core-2015-10,IBM POWER8 (10-core configuration),IBM,server,cpu,cpu,2015-10-01,2015.750000,cpu_multicore_rate2017_int_base,,SPECrate2017_int_base (one chip),measured integer throughput of one CPU package in a published system,unresolved,unresolved,primary,,,,,,,,unresolved,,No supported value found; retained as an explicit blank.
obs-cpu-multicore-index-spec-ibm-power8-10-core-2015-10,spec-ibm-power8-10-core-2015-10,IBM POWER8 (10-core configuration),IBM,server,cpu,cpu,2015-10-01,2015.750000,cpu_multicore_index,6356.65137615,estimated one-chip throughput index (2003=100),estimated integer-throughput index derived from a measured one-CPU-package SPEC rate,normalized,medium,derived_from_primary,SPECint_rate_base2006,482.0,Educational index; POWER4+ 2003 one-chip SPECint_rate_base2000 15.2 = 100. Bridges use median log ratios of matched one-chip processor results; not an official SPEC conversion.,,,"{""base_index"": 100.0, ""base_score"": 15.2, ""cpu2000_to_cpu2006"": 0.4988558352402746, ""cpu2006_to_cpu2017"": 0.12486988466935224, ""denominator_for_suite"": 7.582608695652174, ""raw_score"": 482.0}",base_index * raw_score / denominator_for_suite,eligible,https://open.spec.org/cpu2000/results/res2006q3/cpu2000-20060705-06399.html; https://open.spec.org/cpu2000/results/res2006q3/cpu2000-20060904-07199.html; https://spec.org/cpu2006/results/res2018q1/cpu2006-20171212-51326.pdf; https://www.spec.org/cpu2000/results/res2006q3/cpu2000-20060705-06403.pdf; https://www.spec.org/cpu2006/results/res2006q3/cpu2006-20060904-00079.pdf; https://www.spec.org/cpu2006/results/res2006q3/cpu2006-20060904-00082.pdf; https://www.spec.org/cpu2006/results/res2007q3/cpu2006-20070723-01554.pdf; https://www.spec.org/cpu2006/results/res2015q4/cpu2006-20151103-37953.html; https://www.spec.org/cpu2006/results/res2017q2/cpu2006-20170529-47129.html; https://www.spec.org/cpu2017/results/res2017q4/cpu2017-20171211-01450.html; https://www.spec.org/cpu2017/results/res2018q1/cpu2017-20171212-01664.html,Estimated cross-suite index from measured one-chip rate. Raw result and all bridge reports are retained; consult cpu-throughput-bridges.json. SPEC does not endorse cross-suite score conversion.
obs-fp32-dense-peak-gflops-spec-ibm-power8-10-core-2015-10,spec-ibm-power8-10-core-2015-10,IBM POWER8 (10-core configuration),IBM,server,cpu,cpu,2015-10-01,2015.750000,fp32_dense_peak_gflops,,GFLOP/s,dense non-tensor non-sparse FP32 vector peak,unresolved,unresolved,primary,,,,,,,,unresolved,,No supported value found; retained as an explicit blank.
obs-transistors-million-nvidia-tesla-m40,nvidia-tesla-m40,NVIDIA Tesla M40,NVIDIA,datacenter/HPC,gpu,gpu,2015-11-10,2015.857974,transistors_million,,million transistors,device or multi-die package transistor count,unresolved,unresolved,primary,,,,,,,,unresolved,,No supported value found; retained as an explicit blank.
obs-frequency-ghz-nvidia-tesla-m40,nvidia-tesla-m40,NVIDIA Tesla M40,NVIDIA,datacenter/HPC,gpu,gpu,2015-11-10,2015.857974,frequency_ghz,,GHz,nominal/base clock unless source states otherwise,unresolved,unresolved,primary,,,,,,,,unresolved,,No supported value found; retained as an explicit blank.
obs-power-w-nvidia-tesla-m40,nvidia-tesla-m40,NVIDIA Tesla M40,NVIDIA,datacenter/HPC,gpu,gpu,2015-11-10,2015.857974,power_w,250,W,GPU TBP/TDP,direct,direct,primary,,,,,,{},,eligible,https://images.nvidia.com/content/tesla/pdf/nvidia-teslam40-datasheet.pdf; https://developer.nvidia.com/blog/?p=6535,
obs-cpu-physical-cores-nvidia-tesla-m40,nvidia-tesla-m40,NVIDIA Tesla M40,NVIDIA,datacenter/HPC,gpu,gpu,2015-11-10,2015.857974,cpu_physical_cores,,physical cores,physical CPU cores,unresolved,unresolved,primary,,,,,,,,not_applicable_gpu,,No supported value found; retained as an explicit blank.
obs-gpu-compute-units-nvidia-tesla-m40,nvidia-tesla-m40,NVIDIA Tesla M40,NVIDIA,datacenter/HPC,gpu,discrete_gpu,2015-11-10,2015.857974,gpu_compute_units,,SMs / CUs / GPU cores,"vendor-native GPU unit count; SM, CU, or Apple GPU core",unresolved,unresolved,primary,,,,,,,,unresolved,,No supported value found; retained as an explicit blank.
obs-cpu-single-thread-normalized-nvidia-tesla-m40,nvidia-tesla-m40,NVIDIA Tesla M40,NVIDIA,datacenter/HPC,gpu,gpu,2015-11-10,2015.857974,cpu_single_thread_normalized,,normalized single-core index (legacy SPEC scale),one-copy benchmark normalized by the documented suite-specific continuity rule,unresolved,unresolved,primary,,,,,,,,not_applicable_gpu,,No supported value found; retained as an explicit blank.
obs-cpu-multicore-rate2000-int-base-nvidia-tesla-m40,nvidia-tesla-m40,NVIDIA Tesla M40,NVIDIA,datacenter/HPC,gpu,gpu,2015-11-10,2015.857974,cpu_multicore_rate2000_int_base,,SPECint_rate_base2000 (one chip),measured integer throughput of one CPU package in a published system,unresolved,unresolved,primary,,,,,,,,not_applicable_gpu,,No supported value found; retained as an explicit blank.
obs-cpu-multicore-rate2006-int-base-nvidia-tesla-m40,nvidia-tesla-m40,NVIDIA Tesla M40,NVIDIA,datacenter/HPC,gpu,gpu,2015-11-10,2015.857974,cpu_multicore_rate2006_int_base,,SPECint_rate_base2006 (one chip),measured integer throughput of one CPU package in a published system,unresolved,unresolved,primary,,,,,,,,not_applicable_gpu,,No supported value found; retained as an explicit blank.
obs-cpu-multicore-rate2017-int-base-nvidia-tesla-m40,nvidia-tesla-m40,NVIDIA Tesla M40,NVIDIA,datacenter/HPC,gpu,gpu,2015-11-10,2015.857974,cpu_multicore_rate2017_int_base,,SPECrate2017_int_base (one chip),measured integer throughput of one CPU package in a published system,unresolved,unresolved,primary,,,,,,,,not_applicable_gpu,,No supported value found; retained as an explicit blank.
obs-cpu-multicore-index-nvidia-tesla-m40,nvidia-tesla-m40,NVIDIA Tesla M40,NVIDIA,datacenter/HPC,gpu,gpu,2015-11-10,2015.857974,cpu_multicore_index,,estimated one-chip throughput index (2003=100),estimated integer-throughput index derived from a measured one-CPU-package SPEC rate,unresolved,unresolved,primary,,,,,,,,not_applicable_gpu,,No supported value found; retained as an explicit blank.
obs-fp32-dense-peak-gflops-nvidia-tesla-m40,nvidia-tesla-m40,NVIDIA Tesla M40,NVIDIA,datacenter/HPC,gpu,discrete_gpu,2015-11-10,2015.857974,fp32_dense_peak_gflops,7000,GFLOP/s,dense non-tensor non-sparse FP32 vector peak,direct,direct,primary,,,,FP32 vector dense,,{},,eligible,https://images.nvidia.com/content/tesla/pdf/nvidia-teslam40-datasheet.pdf; https://developer.nvidia.com/blog/?p=6535,
obs-transistors-million-newdata-xeon-e5-2699v4-2016-04,newdata-xeon-e5-2699v4-2016-04,Xeon E5-2699v4,Intel,historical processor dataset,cpu,cpu,2016-04-01,2016.250000,transistors_million,7200,million transistors,device or multi-die package transistor count,direct,high,primary,,,,,,{},,eligible,https://github.com/karlrupp/microprocessor-trend-data/blob/master/newdata.txt#L26; https://www.spec.org/cpu2006/results/,
obs-frequency-ghz-newdata-xeon-e5-2699v4-2016-04,newdata-xeon-e5-2699v4-2016-04,Xeon E5-2699v4,Intel,historical processor dataset,cpu,cpu,2016-04-01,2016.250000,frequency_ghz,2.2,GHz,nominal/base clock unless source states otherwise,direct,high,primary,,,,,,{},,eligible,https://github.com/karlrupp/microprocessor-trend-data/blob/master/newdata.txt#L26; https://www.spec.org/cpu2006/results/,
obs-power-w-newdata-xeon-e5-2699v4-2016-04,newdata-xeon-e5-2699v4-2016-04,Xeon E5-2699v4,Intel,historical processor dataset,cpu,cpu,2016-04-01,2016.250000,power_w,145,W,CPU TDP,direct,high,primary,,,,,,{},,eligible,https://github.com/karlrupp/microprocessor-trend-data/blob/master/newdata.txt#L26; https://www.spec.org/cpu2006/results/,
obs-cpu-physical-cores-newdata-xeon-e5-2699v4-2016-04,newdata-xeon-e5-2699v4-2016-04,Xeon E5-2699v4,Intel,historical processor dataset,cpu,cpu,2016-04-01,2016.250000,cpu_physical_cores,22,physical cores,physical CPU cores,direct,high,repository_source,,,,,,{},,eligible,https://github.com/karlrupp/microprocessor-trend-data/blob/master/newdata.txt#L26; https://www.spec.org/cpu2006/results/,Twenty-two physical cores; the legacy value of forty-four was a hardware-thread count.
obs-gpu-compute-units-newdata-xeon-e5-2699v4-2016-04,newdata-xeon-e5-2699v4-2016-04,Xeon E5-2699v4,Intel,historical processor dataset,cpu,cpu,2016-04-01,2016.250000,gpu_compute_units,,SMs / CUs / GPU cores,"vendor-native GPU unit count; SM, CU, or Apple GPU core",unresolved,unresolved,repository_source,,,,,,,,not_applicable_cpu,,No supported value found; retained as an explicit blank.
obs-cpu-single-thread-normalized-newdata-xeon-e5-2699v4-2016-04,newdata-xeon-e5-2699v4-2016-04,Xeon E5-2699v4,Intel,historical processor dataset,cpu,cpu,2016-04-01,2016.250000,cpu_single_thread_normalized,73.9,normalized single-core index (legacy SPEC scale),one-copy benchmark normalized by the documented suite-specific continuity rule,normalized,direct,primary,,,SPECint2006,,,{},,eligible,https://github.com/karlrupp/microprocessor-trend-data/blob/master/newdata.txt#L26; https://www.spec.org/cpu2006/results/,
obs-cpu-multicore-rate2000-int-base-newdata-xeon-e5-2699v4-2016-04,newdata-xeon-e5-2699v4-2016-04,Xeon E5-2699v4,Intel,historical processor dataset,cpu,cpu,2016-04-01,2016.250000,cpu_multicore_rate2000_int_base,,SPECint_rate_base2000 (one chip),measured integer throughput of one CPU package in a published system,unresolved,unresolved,repository_source,,,,,,,,unresolved,,No supported value found; retained as an explicit blank.
obs-cpu-multicore-rate2006-int-base-newdata-xeon-e5-2699v4-2016-04,newdata-xeon-e5-2699v4-2016-04,Xeon E5-2699v4,Intel,historical processor dataset,cpu,cpu,2016-04-01,2016.250000,cpu_multicore_rate2006_int_base,860,SPECint_rate_base2006 (one chip),measured integer throughput of one CPU package in a published system,measured,direct,primary,SPECint_rate_base2006,860,,,,{},,supporting_raw_benchmark_not_plotted,https://spec.org/cpu2006/results/res2016q2/cpu2006-20160517-41397.html,Published one-chip system result: HPE ProLiant DL120 Gen9; hardware availability 2016-03. Score belongs to this tested configuration and this SPEC suite only; scores from other suites are not comparable.
obs-cpu-multicore-rate2017-int-base-newdata-xeon-e5-2699v4-2016-04,newdata-xeon-e5-2699v4-2016-04,Xeon E5-2699v4,Intel,historical processor dataset,cpu,cpu,2016-04-01,2016.250000,cpu_multicore_rate2017_int_base,,SPECrate2017_int_base (one chip),measured integer throughput of one CPU package in a published system,unresolved,unresolved,repository_source,,,,,,,,unresolved,,No supported value found; retained as an explicit blank.
obs-cpu-multicore-index-newdata-xeon-e5-2699v4-2016-04,newdata-xeon-e5-2699v4-2016-04,Xeon E5-2699v4,Intel,historical processor dataset,cpu,cpu,2016-04-01,2016.250000,cpu_multicore_index,11341.7431193,estimated one-chip throughput index (2003=100),estimated integer-throughput index derived from a measured one-CPU-package SPEC rate,normalized,medium,derived_from_primary,SPECint_rate_base2006,860.0,Educational index; POWER4+ 2003 one-chip SPECint_rate_base2000 15.2 = 100. Bridges use median log ratios of matched one-chip processor results; not an official SPEC conversion.,,,"{""base_index"": 100.0, ""base_score"": 15.2, ""cpu2000_to_cpu2006"": 0.4988558352402746, ""cpu2006_to_cpu2017"": 0.12486988466935224, ""denominator_for_suite"": 7.582608695652174, ""raw_score"": 860.0}",base_index * raw_score / denominator_for_suite,eligible,https://open.spec.org/cpu2000/results/res2006q3/cpu2000-20060705-06399.html; https://open.spec.org/cpu2000/results/res2006q3/cpu2000-20060904-07199.html; https://spec.org/cpu2006/results/res2016q2/cpu2006-20160517-41397.html; https://spec.org/cpu2006/results/res2018q1/cpu2006-20171212-51326.pdf; https://www.spec.org/cpu2000/results/res2006q3/cpu2000-20060705-06403.pdf; https://www.spec.org/cpu2006/results/res2006q3/cpu2006-20060904-00079.pdf; https://www.spec.org/cpu2006/results/res2006q3/cpu2006-20060904-00082.pdf; https://www.spec.org/cpu2006/results/res2007q3/cpu2006-20070723-01554.pdf; https://www.spec.org/cpu2006/results/res2017q2/cpu2006-20170529-47129.html; https://www.spec.org/cpu2017/results/res2017q4/cpu2017-20171211-01450.html; https://www.spec.org/cpu2017/results/res2018q1/cpu2017-20171212-01664.html,Estimated cross-suite index from measured one-chip rate. Raw result and all bridge reports are retained; consult cpu-throughput-bridges.json. SPEC does not endorse cross-suite score conversion.
obs-fp32-dense-peak-gflops-newdata-xeon-e5-2699v4-2016-04,newdata-xeon-e5-2699v4-2016-04,Xeon E5-2699v4,Intel,historical processor dataset,cpu,cpu,2016-04-01,2016.250000,fp32_dense_peak_gflops,,GFLOP/s,dense non-tensor non-sparse FP32 vector peak,unresolved,unresolved,repository_source,,,,,,,,unresolved,,No supported value found; retained as an explicit blank.
obs-transistors-million-nvidia-tesla-p100-sxm2,nvidia-tesla-p100-sxm2,NVIDIA Tesla P100 SXM2,NVIDIA,datacenter/HPC,gpu,gpu,2016-06-01,2016.416667,transistors_million,,million transistors,device or multi-die package transistor count,unresolved,unresolved,primary,,,,,,,,unresolved,,No supported value found; retained as an explicit blank.
obs-frequency-ghz-nvidia-tesla-p100-sxm2,nvidia-tesla-p100-sxm2,NVIDIA Tesla P100 SXM2,NVIDIA,datacenter/HPC,gpu,gpu,2016-06-01,2016.416667,frequency_ghz,,GHz,nominal/base clock unless source states otherwise,unresolved,unresolved,primary,,,,,,,,unresolved,,No supported value found; retained as an explicit blank.
obs-power-w-nvidia-tesla-p100-sxm2,nvidia-tesla-p100-sxm2,NVIDIA Tesla P100 SXM2,NVIDIA,datacenter/HPC,gpu,gpu,2016-06-01,2016.416667,power_w,300,W,GPU TBP/TDP,direct,direct,primary,,,,,,{},,eligible,https://images.nvidia.com/content/tesla/pdf/nvidia-tesla-p100-datasheet.pdf; https://developer.nvidia.com/blog/?p=6535,
obs-cpu-physical-cores-nvidia-tesla-p100-sxm2,nvidia-tesla-p100-sxm2,NVIDIA Tesla P100 SXM2,NVIDIA,datacenter/HPC,gpu,gpu,2016-06-01,2016.416667,cpu_physical_cores,,physical cores,physical CPU cores,unresolved,unresolved,primary,,,,,,,,not_applicable_gpu,,No supported value found; retained as an explicit blank.
obs-gpu-compute-units-nvidia-tesla-p100-sxm2,nvidia-tesla-p100-sxm2,NVIDIA Tesla P100 SXM2,NVIDIA,datacenter/HPC,gpu,discrete_gpu,2016-06-01,2016.416667,gpu_compute_units,,SMs / CUs / GPU cores,"vendor-native GPU unit count; SM, CU, or Apple GPU core",unresolved,unresolved,primary,,,,,,,,unresolved,,No supported value found; retained as an explicit blank.
obs-cpu-single-thread-normalized-nvidia-tesla-p100-sxm2,nvidia-tesla-p100-sxm2,NVIDIA Tesla P100 SXM2,NVIDIA,datacenter/HPC,gpu,gpu,2016-06-01,2016.416667,cpu_single_thread_normalized,,normalized single-core index (legacy SPEC scale),one-copy benchmark normalized by the documented suite-specific continuity rule,unresolved,unresolved,primary,,,,,,,,not_applicable_gpu,,No supported value found; retained as an explicit blank.
obs-cpu-multicore-rate2000-int-base-nvidia-tesla-p100-sxm2,nvidia-tesla-p100-sxm2,NVIDIA Tesla P100 SXM2,NVIDIA,datacenter/HPC,gpu,gpu,2016-06-01,2016.416667,cpu_multicore_rate2000_int_base,,SPECint_rate_base2000 (one chip),measured integer throughput of one CPU package in a published system,unresolved,unresolved,primary,,,,,,,,not_applicable_gpu,,No supported value found; retained as an explicit blank.
obs-cpu-multicore-rate2006-int-base-nvidia-tesla-p100-sxm2,nvidia-tesla-p100-sxm2,NVIDIA Tesla P100 SXM2,NVIDIA,datacenter/HPC,gpu,gpu,2016-06-01,2016.416667,cpu_multicore_rate2006_int_base,,SPECint_rate_base2006 (one chip),measured integer throughput of one CPU package in a published system,unresolved,unresolved,primary,,,,,,,,not_applicable_gpu,,No supported value found; retained as an explicit blank.
obs-cpu-multicore-rate2017-int-base-nvidia-tesla-p100-sxm2,nvidia-tesla-p100-sxm2,NVIDIA Tesla P100 SXM2,NVIDIA,datacenter/HPC,gpu,gpu,2016-06-01,2016.416667,cpu_multicore_rate2017_int_base,,SPECrate2017_int_base (one chip),measured integer throughput of one CPU package in a published system,unresolved,unresolved,primary,,,,,,,,not_applicable_gpu,,No supported value found; retained as an explicit blank.
obs-cpu-multicore-index-nvidia-tesla-p100-sxm2,nvidia-tesla-p100-sxm2,NVIDIA Tesla P100 SXM2,NVIDIA,datacenter/HPC,gpu,gpu,2016-06-01,2016.416667,cpu_multicore_index,,estimated one-chip throughput index (2003=100),estimated integer-throughput index derived from a measured one-CPU-package SPEC rate,unresolved,unresolved,primary,,,,,,,,not_applicable_gpu,,No supported value found; retained as an explicit blank.
obs-fp32-dense-peak-gflops-nvidia-tesla-p100-sxm2,nvidia-tesla-p100-sxm2,NVIDIA Tesla P100 SXM2,NVIDIA,datacenter/HPC,gpu,discrete_gpu,2016-06-01,2016.416667,fp32_dense_peak_gflops,10600,GFLOP/s,dense non-tensor non-sparse FP32 vector peak,direct,direct,primary,,,,FP32 vector dense,,{},,eligible,https://images.nvidia.com/content/tesla/pdf/nvidia-tesla-p100-datasheet.pdf; https://developer.nvidia.com/blog/?p=6535,
obs-transistors-million-newdata-xeon-phi-7290-2016-06,newdata-xeon-phi-7290-2016-06,Xeon Phi 7290,Intel,historical processor dataset,cpu,cpu,2016-06-01,2016.416667,transistors_million,,million transistors,device or multi-die package transistor count,unresolved,unresolved,repository_source,,,,,,,,unresolved,,No supported value found; retained as an explicit blank.
obs-frequency-ghz-newdata-xeon-phi-7290-2016-06,newdata-xeon-phi-7290-2016-06,Xeon Phi 7290,Intel,historical processor dataset,cpu,cpu,2016-06-01,2016.416667,frequency_ghz,1.5,GHz,nominal/base clock unless source states otherwise,direct,high,primary,,,,,,{},,eligible,https://github.com/karlrupp/microprocessor-trend-data/blob/master/newdata.txt#L27; https://www.spec.org/cpu2006/results/res2017q1/cpu2006-20170220-46664.pdf,Estimated as 1220 / 72 physical cores = 16.944. This is a per-core throughput proxy and is sensitive to the four hardware threads used per core.
obs-power-w-newdata-xeon-phi-7290-2016-06,newdata-xeon-phi-7290-2016-06,Xeon Phi 7290,Intel,historical processor dataset,cpu,cpu,2016-06-01,2016.416667,power_w,245,W,CPU TDP,direct,high,primary,,,,,,{},,eligible,https://github.com/karlrupp/microprocessor-trend-data/blob/master/newdata.txt#L27; https://www.spec.org/cpu2006/results/res2017q1/cpu2006-20170220-46664.pdf,Estimated as 1220 / 72 physical cores = 16.944. This is a per-core throughput proxy and is sensitive to the four hardware threads used per core.
obs-cpu-physical-cores-newdata-xeon-phi-7290-2016-06,newdata-xeon-phi-7290-2016-06,Xeon Phi 7290,Intel,historical processor dataset,cpu,cpu,2016-06-01,2016.416667,cpu_physical_cores,72,physical cores,physical CPU cores,direct,high,repository_source,,,,,,{},,supporting_noncomparable_not_plotted,https://github.com/karlrupp/microprocessor-trend-data/blob/master/newdata.txt#L27; https://www.spec.org/cpu2006/results/res2017q1/cpu2006-20170220-46664.pdf,Seventy-two physical cores for the named 7290 SKU; hardware-thread contexts are excluded.
obs-gpu-compute-units-newdata-xeon-phi-7290-2016-06,newdata-xeon-phi-7290-2016-06,Xeon Phi 7290,Intel,historical processor dataset,cpu,cpu,2016-06-01,2016.416667,gpu_compute_units,,SMs / CUs / GPU cores,"vendor-native GPU unit count; SM, CU, or Apple GPU core",unresolved,unresolved,repository_source,,,,,,,,not_applicable_cpu,,No supported value found; retained as an explicit blank.
obs-cpu-single-thread-normalized-newdata-xeon-phi-7290-2016-06,newdata-xeon-phi-7290-2016-06,Xeon Phi 7290,Intel,historical processor dataset,cpu,cpu,2016-06-01,2016.416667,cpu_single_thread_normalized,16.9,normalized single-core index (legacy SPEC scale),one-copy benchmark normalized by the documented suite-specific continuity rule,normalized,medium,primary,,,SPECint_rate2006 peak divided by physical cores,,,{},,eligible,https://github.com/karlrupp/microprocessor-trend-data/blob/master/newdata.txt#L27; https://www.spec.org/cpu2006/results/res2017q1/cpu2006-20170220-46664.pdf,Estimated as 1220 / 72 physical cores = 16.944. This is a per-core throughput proxy and is sensitive to the four hardware threads used per core.
obs-cpu-multicore-rate2000-int-base-newdata-xeon-phi-7290-2016-06,newdata-xeon-phi-7290-2016-06,Xeon Phi 7290,Intel,historical processor dataset,cpu,cpu,2016-06-01,2016.416667,cpu_multicore_rate2000_int_base,,SPECint_rate_base2000 (one chip),measured integer throughput of one CPU package in a published system,unresolved,unresolved,repository_source,,,,,,,,unresolved,,No supported value found; retained as an explicit blank.
obs-cpu-multicore-rate2006-int-base-newdata-xeon-phi-7290-2016-06,newdata-xeon-phi-7290-2016-06,Xeon Phi 7290,Intel,historical processor dataset,cpu,cpu,2016-06-01,2016.416667,cpu_multicore_rate2006_int_base,,SPECint_rate_base2006 (one chip),measured integer throughput of one CPU package in a published system,unresolved,unresolved,repository_source,,,,,,,,unresolved,,No supported value found; retained as an explicit blank.
obs-cpu-multicore-rate2017-int-base-newdata-xeon-phi-7290-2016-06,newdata-xeon-phi-7290-2016-06,Xeon Phi 7290,Intel,historical processor dataset,cpu,cpu,2016-06-01,2016.416667,cpu_multicore_rate2017_int_base,,SPECrate2017_int_base (one chip),measured integer throughput of one CPU package in a published system,unresolved,unresolved,repository_source,,,,,,,,unresolved,,No supported value found; retained as an explicit blank.
obs-cpu-multicore-index-newdata-xeon-phi-7290-2016-06,newdata-xeon-phi-7290-2016-06,Xeon Phi 7290,Intel,historical processor dataset,cpu,cpu,2016-06-01,2016.416667,cpu_multicore_index,,estimated one-chip throughput index (2003=100),estimated integer-throughput index derived from a measured one-CPU-package SPEC rate,unresolved,unresolved,repository_source,,,,,,,,unresolved,,No supported value found; retained as an explicit blank.
obs-fp32-dense-peak-gflops-newdata-xeon-phi-7290-2016-06,newdata-xeon-phi-7290-2016-06,Xeon Phi 7290,Intel,historical processor dataset,cpu,cpu,2016-06-01,2016.416667,fp32_dense_peak_gflops,,GFLOP/s,dense non-tensor non-sparse FP32 vector peak,unresolved,unresolved,repository_source,,,,,,,,unresolved,,No supported value found; retained as an explicit blank.
obs-transistors-million-newdata-power8-2016-08,newdata-power8-2016-08,Power8,IBM,historical processor dataset,cpu,cpu,2016-08-01,2016.583333,transistors_million,8000,million transistors,device or multi-die package transistor count,direct,high,primary,,,,,,{},,eligible,https://github.com/karlrupp/microprocessor-trend-data/blob/master/newdata.txt#L28; https://spec.org/cpu2006/results/res2015q2/cpu2006-20150427-35966.html,"Freq. approximate, TDP unknown The generic 4.0 GHz POWER8 entry is matched to the 4.0 GHz Power E880 result and estimated as 14400 / 192 physical cores = 75.0."
obs-frequency-ghz-newdata-power8-2016-08,newdata-power8-2016-08,Power8,IBM,historical processor dataset,cpu,cpu,2016-08-01,2016.583333,frequency_ghz,4,GHz,nominal/base clock unless source states otherwise,direct,high,primary,,,,,,{},,eligible,https://github.com/karlrupp/microprocessor-trend-data/blob/master/newdata.txt#L28; https://spec.org/cpu2006/results/res2015q2/cpu2006-20150427-35966.html,"Freq. approximate, TDP unknown The generic 4.0 GHz POWER8 entry is matched to the 4.0 GHz Power E880 result and estimated as 14400 / 192 physical cores = 75.0."
obs-power-w-newdata-power8-2016-08,newdata-power8-2016-08,Power8,IBM,historical processor dataset,cpu,cpu,2016-08-01,2016.583333,power_w,,W,CPU TDP,unresolved,unresolved,repository_source,,,,,,,,unresolved,,No supported value found; retained as an explicit blank.
obs-cpu-physical-cores-newdata-power8-2016-08,newdata-power8-2016-08,Power8,IBM,historical processor dataset,cpu,cpu,2016-08-01,2016.583333,cpu_physical_cores,12,physical cores,physical CPU cores,calculated,medium,repository_source,,,,,,{},,eligible,https://github.com/karlrupp/microprocessor-trend-data/blob/master/newdata.txt#L28; https://spec.org/cpu2006/results/res2015q2/cpu2006-20150427-35966.html,Twelve physical POWER8 cores represented by the legacy 96-way SMT count; SMT contexts are excluded.
obs-gpu-compute-units-newdata-power8-2016-08,newdata-power8-2016-08,Power8,IBM,historical processor dataset,cpu,cpu,2016-08-01,2016.583333,gpu_compute_units,,SMs / CUs / GPU cores,"vendor-native GPU unit count; SM, CU, or Apple GPU core",unresolved,unresolved,repository_source,,,,,,,,not_applicable_cpu,,No supported value found; retained as an explicit blank.
obs-cpu-single-thread-normalized-newdata-power8-2016-08,newdata-power8-2016-08,Power8,IBM,historical processor dataset,cpu,cpu,2016-08-01,2016.583333,cpu_single_thread_normalized,75,normalized single-core index (legacy SPEC scale),one-copy benchmark normalized by the documented suite-specific continuity rule,normalized,medium,primary,,,SPECint_rate2006 peak divided by physical cores,,,{},,eligible,https://github.com/karlrupp/microprocessor-trend-data/blob/master/newdata.txt#L28; https://spec.org/cpu2006/results/res2015q2/cpu2006-20150427-35966.html,"Freq. approximate, TDP unknown The generic 4.0 GHz POWER8 entry is matched to the 4.0 GHz Power E880 result and estimated as 14400 / 192 physical cores = 75.0."
obs-cpu-multicore-rate2000-int-base-newdata-power8-2016-08,newdata-power8-2016-08,Power8,IBM,historical processor dataset,cpu,cpu,2016-08-01,2016.583333,cpu_multicore_rate2000_int_base,,SPECint_rate_base2000 (one chip),measured integer throughput of one CPU package in a published system,unresolved,unresolved,repository_source,,,,,,,,unresolved,,No supported value found; retained as an explicit blank.
obs-cpu-multicore-rate2006-int-base-newdata-power8-2016-08,newdata-power8-2016-08,Power8,IBM,historical processor dataset,cpu,cpu,2016-08-01,2016.583333,cpu_multicore_rate2006_int_base,,SPECint_rate_base2006 (one chip),measured integer throughput of one CPU package in a published system,unresolved,unresolved,repository_source,,,,,,,,unresolved,,No supported value found; retained as an explicit blank.
obs-cpu-multicore-rate2017-int-base-newdata-power8-2016-08,newdata-power8-2016-08,Power8,IBM,historical processor dataset,cpu,cpu,2016-08-01,2016.583333,cpu_multicore_rate2017_int_base,,SPECrate2017_int_base (one chip),measured integer throughput of one CPU package in a published system,unresolved,unresolved,repository_source,,,,,,,,unresolved,,No supported value found; retained as an explicit blank.
obs-cpu-multicore-index-newdata-power8-2016-08,newdata-power8-2016-08,Power8,IBM,historical processor dataset,cpu,cpu,2016-08-01,2016.583333,cpu_multicore_index,,estimated one-chip throughput index (2003=100),estimated integer-throughput index derived from a measured one-CPU-package SPEC rate,unresolved,unresolved,repository_source,,,,,,,,unresolved,,No supported value found; retained as an explicit blank.
obs-fp32-dense-peak-gflops-newdata-power8-2016-08,newdata-power8-2016-08,Power8,IBM,historical processor dataset,cpu,cpu,2016-08-01,2016.583333,fp32_dense_peak_gflops,,GFLOP/s,dense non-tensor non-sparse FP32 vector peak,unresolved,unresolved,repository_source,,,,,,,,unresolved,,No supported value found; retained as an explicit blank.
obs-transistors-million-newdata-epyc-7601-2017-06,newdata-epyc-7601-2017-06,Epyc 7601,AMD,historical processor dataset,cpu,cpu,2017-06-01,2017.416667,transistors_million,19200,million transistors,device or multi-die package transistor count,direct,high,primary,,,,,,{},,eligible,https://github.com/karlrupp/microprocessor-trend-data/blob/master/newdata.txt#L29; https://spec.org/cpu2017/results/res2018q4/cpu2017-20181126-09823.html,Converted from the official SPECspeed2017_int peak score using the repository's documented 9.0 cross-suite factor: 7.33 x 9 = 65.97.
obs-frequency-ghz-newdata-epyc-7601-2017-06,newdata-epyc-7601-2017-06,Epyc 7601,AMD,historical processor dataset,cpu,cpu,2017-06-01,2017.416667,frequency_ghz,2.2,GHz,nominal/base clock unless source states otherwise,direct,high,primary,,,,,,{},,eligible,https://github.com/karlrupp/microprocessor-trend-data/blob/master/newdata.txt#L29; https://spec.org/cpu2017/results/res2018q4/cpu2017-20181126-09823.html,Converted from the official SPECspeed2017_int peak score using the repository's documented 9.0 cross-suite factor: 7.33 x 9 = 65.97.
obs-power-w-newdata-epyc-7601-2017-06,newdata-epyc-7601-2017-06,Epyc 7601,AMD,historical processor dataset,cpu,cpu,2017-06-01,2017.416667,power_w,180,W,CPU TDP,direct,high,primary,,,,,,{},,eligible,https://github.com/karlrupp/microprocessor-trend-data/blob/master/newdata.txt#L29; https://spec.org/cpu2017/results/res2018q4/cpu2017-20181126-09823.html,Converted from the official SPECspeed2017_int peak score using the repository's documented 9.0 cross-suite factor: 7.33 x 9 = 65.97.
obs-cpu-physical-cores-newdata-epyc-7601-2017-06,newdata-epyc-7601-2017-06,Epyc 7601,AMD,historical processor dataset,cpu,cpu,2017-06-01,2017.416667,cpu_physical_cores,32,physical cores,physical CPU cores,direct,high,repository_source,,,,,,{},,eligible,https://github.com/karlrupp/microprocessor-trend-data/blob/master/newdata.txt#L29; https://spec.org/cpu2017/results/res2018q4/cpu2017-20181126-09823.html,Thirty-two physical cores; the legacy value of sixty-four was a hardware-thread count.
obs-gpu-compute-units-newdata-epyc-7601-2017-06,newdata-epyc-7601-2017-06,Epyc 7601,AMD,historical processor dataset,cpu,cpu,2017-06-01,2017.416667,gpu_compute_units,,SMs / CUs / GPU cores,"vendor-native GPU unit count; SM, CU, or Apple GPU core",unresolved,unresolved,repository_source,,,,,,,,not_applicable_cpu,,No supported value found; retained as an explicit blank.
obs-cpu-single-thread-normalized-newdata-epyc-7601-2017-06,newdata-epyc-7601-2017-06,Epyc 7601,AMD,historical processor dataset,cpu,cpu,2017-06-01,2017.416667,cpu_single_thread_normalized,66,normalized single-core index (legacy SPEC scale),one-copy benchmark normalized by the documented suite-specific continuity rule,normalized,high,primary,,,SPECspeed2017_int peak multiplied by 9,,,{},,eligible,https://github.com/karlrupp/microprocessor-trend-data/blob/master/newdata.txt#L29; https://spec.org/cpu2017/results/res2018q4/cpu2017-20181126-09823.html,Converted from the official SPECspeed2017_int peak score using the repository's documented 9.0 cross-suite factor: 7.33 x 9 = 65.97.
obs-cpu-multicore-rate2000-int-base-newdata-epyc-7601-2017-06,newdata-epyc-7601-2017-06,Epyc 7601,AMD,historical processor dataset,cpu,cpu,2017-06-01,2017.416667,cpu_multicore_rate2000_int_base,,SPECint_rate_base2000 (one chip),measured integer throughput of one CPU package in a published system,unresolved,unresolved,repository_source,,,,,,,,unresolved,,No supported value found; retained as an explicit blank.
obs-cpu-multicore-rate2006-int-base-newdata-epyc-7601-2017-06,newdata-epyc-7601-2017-06,Epyc 7601,AMD,historical processor dataset,cpu,cpu,2017-06-01,2017.416667,cpu_multicore_rate2006_int_base,,SPECint_rate_base2006 (one chip),measured integer throughput of one CPU package in a published system,unresolved,unresolved,repository_source,,,,,,,,unresolved,,No supported value found; retained as an explicit blank.
obs-cpu-multicore-rate2017-int-base-newdata-epyc-7601-2017-06,newdata-epyc-7601-2017-06,Epyc 7601,AMD,historical processor dataset,cpu,cpu,2017-06-01,2017.416667,cpu_multicore_rate2017_int_base,135,SPECrate2017_int_base (one chip),measured integer throughput of one CPU package in a published system,measured,direct,primary,SPECrate2017_int_base,135,,,,{},,supporting_raw_benchmark_not_plotted,https://www.spec.org/cpu2017/results/res2017q4/cpu2017-20171211-01450.html,Published one-chip system result: Sugon A320-G30; hardware availability not recorded. Score belongs to this tested configuration and this SPEC suite only; scores from other suites are not comparable.
obs-cpu-multicore-index-newdata-epyc-7601-2017-06,newdata-epyc-7601-2017-06,Epyc 7601,AMD,historical processor dataset,cpu,cpu,2017-06-01,2017.416667,cpu_multicore_index,14257.9607002,estimated one-chip throughput index (2003=100),estimated integer-throughput index derived from a measured one-CPU-package SPEC rate,normalized,medium,derived_from_primary,SPECrate2017_int_base,135.0,Educational index; POWER4+ 2003 one-chip SPECint_rate_base2000 15.2 = 100. Bridges use median log ratios of matched one-chip processor results; not an official SPEC conversion.,,,"{""base_index"": 100.0, ""base_score"": 15.2, ""cpu2000_to_cpu2006"": 0.4988558352402746, ""cpu2006_to_cpu2017"": 0.12486988466935224, ""denominator_for_suite"": 0.9468394733189144, ""raw_score"": 135.0}",base_index * raw_score / denominator_for_suite,eligible,https://open.spec.org/cpu2000/results/res2006q3/cpu2000-20060705-06399.html; https://open.spec.org/cpu2000/results/res2006q3/cpu2000-20060904-07199.html; https://spec.org/cpu2006/results/res2018q1/cpu2006-20171212-51326.pdf; https://www.spec.org/cpu2000/results/res2006q3/cpu2000-20060705-06403.pdf; https://www.spec.org/cpu2006/results/res2006q3/cpu2006-20060904-00079.pdf; https://www.spec.org/cpu2006/results/res2006q3/cpu2006-20060904-00082.pdf; https://www.spec.org/cpu2006/results/res2007q3/cpu2006-20070723-01554.pdf; https://www.spec.org/cpu2006/results/res2017q2/cpu2006-20170529-47129.html; https://www.spec.org/cpu2017/results/res2017q4/cpu2017-20171211-01450.html; https://www.spec.org/cpu2017/results/res2018q1/cpu2017-20171212-01664.html,Estimated cross-suite index from measured one-chip rate. Raw result and all bridge reports are retained; consult cpu-throughput-bridges.json. SPEC does not endorse cross-suite score conversion.
obs-fp32-dense-peak-gflops-newdata-epyc-7601-2017-06,newdata-epyc-7601-2017-06,Epyc 7601,AMD,historical processor dataset,cpu,cpu,2017-06-01,2017.416667,fp32_dense_peak_gflops,,GFLOP/s,dense non-tensor non-sparse FP32 vector peak,unresolved,unresolved,repository_source,,,,,,,,unresolved,,No supported value found; retained as an explicit blank.
obs-transistors-million-nvidia-tesla-v100-sxm2,nvidia-tesla-v100-sxm2,NVIDIA Tesla V100 SXM2,NVIDIA,datacenter/HPC,gpu,gpu,2017-06-21,2017.471424,transistors_million,,million transistors,device or multi-die package transistor count,unresolved,unresolved,primary,,,,,,,,unresolved,,No supported value found; retained as an explicit blank.
obs-frequency-ghz-nvidia-tesla-v100-sxm2,nvidia-tesla-v100-sxm2,NVIDIA Tesla V100 SXM2,NVIDIA,datacenter/HPC,gpu,gpu,2017-06-21,2017.471424,frequency_ghz,,GHz,nominal/base clock unless source states otherwise,unresolved,unresolved,primary,,,,,,,,unresolved,,No supported value found; retained as an explicit blank.
obs-power-w-nvidia-tesla-v100-sxm2,nvidia-tesla-v100-sxm2,NVIDIA Tesla V100 SXM2,NVIDIA,datacenter/HPC,gpu,gpu,2017-06-21,2017.471424,power_w,300,W,GPU TBP/TDP,direct,direct,primary,,,,,,{},,eligible,https://www.nvidia.com/en-gb/deep-learning-ai/solutions/inference-platform/hpc/,
obs-cpu-physical-cores-nvidia-tesla-v100-sxm2,nvidia-tesla-v100-sxm2,NVIDIA Tesla V100 SXM2,NVIDIA,datacenter/HPC,gpu,gpu,2017-06-21,2017.471424,cpu_physical_cores,,physical cores,physical CPU cores,unresolved,unresolved,primary,,,,,,,,not_applicable_gpu,,No supported value found; retained as an explicit blank.
obs-gpu-compute-units-nvidia-tesla-v100-sxm2,nvidia-tesla-v100-sxm2,NVIDIA Tesla V100 SXM2,NVIDIA,datacenter/HPC,gpu,discrete_gpu,2017-06-21,2017.471424,gpu_compute_units,80,SMs / CUs / GPU cores,"vendor-native GPU unit count; SM, CU, or Apple GPU core",direct,direct,primary,,,,,,{},,supporting_noncomparable_not_plotted,https://www.nvidia.com/en-gb/deep-learning-ai/solutions/inference-platform/hpc/,
obs-cpu-single-thread-normalized-nvidia-tesla-v100-sxm2,nvidia-tesla-v100-sxm2,NVIDIA Tesla V100 SXM2,NVIDIA,datacenter/HPC,gpu,gpu,2017-06-21,2017.471424,cpu_single_thread_normalized,,normalized single-core index (legacy SPEC scale),one-copy benchmark normalized by the documented suite-specific continuity rule,unresolved,unresolved,primary,,,,,,,,not_applicable_gpu,,No supported value found; retained as an explicit blank.
obs-cpu-multicore-rate2000-int-base-nvidia-tesla-v100-sxm2,nvidia-tesla-v100-sxm2,NVIDIA Tesla V100 SXM2,NVIDIA,datacenter/HPC,gpu,gpu,2017-06-21,2017.471424,cpu_multicore_rate2000_int_base,,SPECint_rate_base2000 (one chip),measured integer throughput of one CPU package in a published system,unresolved,unresolved,primary,,,,,,,,not_applicable_gpu,,No supported value found; retained as an explicit blank.
obs-cpu-multicore-rate2006-int-base-nvidia-tesla-v100-sxm2,nvidia-tesla-v100-sxm2,NVIDIA Tesla V100 SXM2,NVIDIA,datacenter/HPC,gpu,gpu,2017-06-21,2017.471424,cpu_multicore_rate2006_int_base,,SPECint_rate_base2006 (one chip),measured integer throughput of one CPU package in a published system,unresolved,unresolved,primary,,,,,,,,not_applicable_gpu,,No supported value found; retained as an explicit blank.
obs-cpu-multicore-rate2017-int-base-nvidia-tesla-v100-sxm2,nvidia-tesla-v100-sxm2,NVIDIA Tesla V100 SXM2,NVIDIA,datacenter/HPC,gpu,gpu,2017-06-21,2017.471424,cpu_multicore_rate2017_int_base,,SPECrate2017_int_base (one chip),measured integer throughput of one CPU package in a published system,unresolved,unresolved,primary,,,,,,,,not_applicable_gpu,,No supported value found; retained as an explicit blank.
obs-cpu-multicore-index-nvidia-tesla-v100-sxm2,nvidia-tesla-v100-sxm2,NVIDIA Tesla V100 SXM2,NVIDIA,datacenter/HPC,gpu,gpu,2017-06-21,2017.471424,cpu_multicore_index,,estimated one-chip throughput index (2003=100),estimated integer-throughput index derived from a measured one-CPU-package SPEC rate,unresolved,unresolved,primary,,,,,,,,not_applicable_gpu,,No supported value found; retained as an explicit blank.
obs-fp32-dense-peak-gflops-nvidia-tesla-v100-sxm2,nvidia-tesla-v100-sxm2,NVIDIA Tesla V100 SXM2,NVIDIA,datacenter/HPC,gpu,discrete_gpu,2017-06-21,2017.471424,fp32_dense_peak_gflops,15700,GFLOP/s,dense non-tensor non-sparse FP32 vector peak,direct,direct,primary,,,,FP32 vector dense,,{},,eligible,https://www.nvidia.com/en-gb/deep-learning-ai/solutions/inference-platform/hpc/,
obs-transistors-million-newdata-xeon-gold-6152-2017-07,newdata-xeon-gold-6152-2017-07,Xeon Gold 6152,Intel,historical processor dataset,cpu,cpu,2017-07-01,2017.500000,transistors_million,,million transistors,device or multi-die package transistor count,unresolved,unresolved,repository_source,,,,,,,,unresolved,,No supported value found; retained as an explicit blank.
obs-frequency-ghz-newdata-xeon-gold-6152-2017-07,newdata-xeon-gold-6152-2017-07,Xeon Gold 6152,Intel,historical processor dataset,cpu,cpu,2017-07-01,2017.500000,frequency_ghz,2.1,GHz,nominal/base clock unless source states otherwise,direct,high,primary,,,,,,{},,eligible,https://github.com/karlrupp/microprocessor-trend-data/blob/master/newdata.txt#L30; https://www.spec.org/cpu2017/results/,The repository converts SPEC CPU2017 integer speed to its SPECint2006-equivalent scale with a factor of 9.0.
obs-power-w-newdata-xeon-gold-6152-2017-07,newdata-xeon-gold-6152-2017-07,Xeon Gold 6152,Intel,historical processor dataset,cpu,cpu,2017-07-01,2017.500000,power_w,140,W,CPU TDP,direct,high,primary,,,,,,{},,eligible,https://github.com/karlrupp/microprocessor-trend-data/blob/master/newdata.txt#L30; https://www.spec.org/cpu2017/results/,The repository converts SPEC CPU2017 integer speed to its SPECint2006-equivalent scale with a factor of 9.0.
obs-cpu-physical-cores-newdata-xeon-gold-6152-2017-07,newdata-xeon-gold-6152-2017-07,Xeon Gold 6152,Intel,historical processor dataset,cpu,cpu,2017-07-01,2017.500000,cpu_physical_cores,22,physical cores,physical CPU cores,direct,high,repository_source,,,,,,{},,eligible,https://github.com/karlrupp/microprocessor-trend-data/blob/master/newdata.txt#L30; https://www.spec.org/cpu2017/results/,Twenty-two physical cores; the legacy value of forty-four was a hardware-thread count.
obs-gpu-compute-units-newdata-xeon-gold-6152-2017-07,newdata-xeon-gold-6152-2017-07,Xeon Gold 6152,Intel,historical processor dataset,cpu,cpu,2017-07-01,2017.500000,gpu_compute_units,,SMs / CUs / GPU cores,"vendor-native GPU unit count; SM, CU, or Apple GPU core",unresolved,unresolved,repository_source,,,,,,,,not_applicable_cpu,,No supported value found; retained as an explicit blank.
obs-cpu-single-thread-normalized-newdata-xeon-gold-6152-2017-07,newdata-xeon-gold-6152-2017-07,Xeon Gold 6152,Intel,historical processor dataset,cpu,cpu,2017-07-01,2017.500000,cpu_single_thread_normalized,77.9,normalized single-core index (legacy SPEC scale),one-copy benchmark normalized by the documented suite-specific continuity rule,normalized,high,primary,,,SPECspeed2017_int multiplied by 9,,,{},,eligible,https://github.com/karlrupp/microprocessor-trend-data/blob/master/newdata.txt#L30; https://www.spec.org/cpu2017/results/,The repository converts SPEC CPU2017 integer speed to its SPECint2006-equivalent scale with a factor of 9.0.
obs-cpu-multicore-rate2000-int-base-newdata-xeon-gold-6152-2017-07,newdata-xeon-gold-6152-2017-07,Xeon Gold 6152,Intel,historical processor dataset,cpu,cpu,2017-07-01,2017.500000,cpu_multicore_rate2000_int_base,,SPECint_rate_base2000 (one chip),measured integer throughput of one CPU package in a published system,unresolved,unresolved,repository_source,,,,,,,,unresolved,,No supported value found; retained as an explicit blank.
obs-cpu-multicore-rate2006-int-base-newdata-xeon-gold-6152-2017-07,newdata-xeon-gold-6152-2017-07,Xeon Gold 6152,Intel,historical processor dataset,cpu,cpu,2017-07-01,2017.500000,cpu_multicore_rate2006_int_base,,SPECint_rate_base2006 (one chip),measured integer throughput of one CPU package in a published system,unresolved,unresolved,repository_source,,,,,,,,unresolved,,No supported value found; retained as an explicit blank.
obs-cpu-multicore-rate2017-int-base-newdata-xeon-gold-6152-2017-07,newdata-xeon-gold-6152-2017-07,Xeon Gold 6152,Intel,historical processor dataset,cpu,cpu,2017-07-01,2017.500000,cpu_multicore_rate2017_int_base,,SPECrate2017_int_base (one chip),measured integer throughput of one CPU package in a published system,unresolved,unresolved,repository_source,,,,,,,,unresolved,,No supported value found; retained as an explicit blank.
obs-cpu-multicore-index-newdata-xeon-gold-6152-2017-07,newdata-xeon-gold-6152-2017-07,Xeon Gold 6152,Intel,historical processor dataset,cpu,cpu,2017-07-01,2017.500000,cpu_multicore_index,,estimated one-chip throughput index (2003=100),estimated integer-throughput index derived from a measured one-CPU-package SPEC rate,unresolved,unresolved,repository_source,,,,,,,,unresolved,,No supported value found; retained as an explicit blank.
obs-fp32-dense-peak-gflops-newdata-xeon-gold-6152-2017-07,newdata-xeon-gold-6152-2017-07,Xeon Gold 6152,Intel,historical processor dataset,cpu,cpu,2017-07-01,2017.500000,fp32_dense_peak_gflops,,GFLOP/s,dense non-tensor non-sparse FP32 vector peak,unresolved,unresolved,repository_source,,,,,,,,unresolved,,No supported value found; retained as an explicit blank.
obs-transistors-million-newdata-xeon-pl-8180-2017-07,newdata-xeon-pl-8180-2017-07,Xeon Pl. 8180,Intel,historical processor dataset,cpu,cpu,2017-07-01,2017.500000,transistors_million,,million transistors,device or multi-die package transistor count,unresolved,unresolved,repository_source,,,,,,,,unresolved,,No supported value found; retained as an explicit blank.
obs-frequency-ghz-newdata-xeon-pl-8180-2017-07,newdata-xeon-pl-8180-2017-07,Xeon Pl. 8180,Intel,historical processor dataset,cpu,cpu,2017-07-01,2017.500000,frequency_ghz,2.5,GHz,nominal/base clock unless source states otherwise,direct,high,primary,,,,,,{},,eligible,https://github.com/karlrupp/microprocessor-trend-data/blob/master/newdata.txt#L31; https://www.spec.org/cpu2017/results/,SpecInt 2017: 9.31 The repository converts SPEC CPU2017 integer speed to its SPECint2006-equivalent scale with a factor of 9.0.
obs-power-w-newdata-xeon-pl-8180-2017-07,newdata-xeon-pl-8180-2017-07,Xeon Pl. 8180,Intel,historical processor dataset,cpu,cpu,2017-07-01,2017.500000,power_w,205,W,CPU TDP,direct,high,primary,,,,,,{},,eligible,https://github.com/karlrupp/microprocessor-trend-data/blob/master/newdata.txt#L31; https://www.spec.org/cpu2017/results/,SpecInt 2017: 9.31 The repository converts SPEC CPU2017 integer speed to its SPECint2006-equivalent scale with a factor of 9.0.
obs-cpu-physical-cores-newdata-xeon-pl-8180-2017-07,newdata-xeon-pl-8180-2017-07,Xeon Pl. 8180,Intel,historical processor dataset,cpu,cpu,2017-07-01,2017.500000,cpu_physical_cores,28,physical cores,physical CPU cores,direct,high,repository_source,,,,,,{},,eligible,https://github.com/karlrupp/microprocessor-trend-data/blob/master/newdata.txt#L31; https://www.spec.org/cpu2017/results/,Twenty-eight physical cores; the legacy value of fifty-six was a hardware-thread count.
obs-gpu-compute-units-newdata-xeon-pl-8180-2017-07,newdata-xeon-pl-8180-2017-07,Xeon Pl. 8180,Intel,historical processor dataset,cpu,cpu,2017-07-01,2017.500000,gpu_compute_units,,SMs / CUs / GPU cores,"vendor-native GPU unit count; SM, CU, or Apple GPU core",unresolved,unresolved,repository_source,,,,,,,,not_applicable_cpu,,No supported value found; retained as an explicit blank.
obs-cpu-single-thread-normalized-newdata-xeon-pl-8180-2017-07,newdata-xeon-pl-8180-2017-07,Xeon Pl. 8180,Intel,historical processor dataset,cpu,cpu,2017-07-01,2017.500000,cpu_single_thread_normalized,83.6,normalized single-core index (legacy SPEC scale),one-copy benchmark normalized by the documented suite-specific continuity rule,normalized,high,primary,,,SPECspeed2017_int multiplied by 9,,,{},,eligible,https://github.com/karlrupp/microprocessor-trend-data/blob/master/newdata.txt#L31; https://www.spec.org/cpu2017/results/,SpecInt 2017: 9.31 The repository converts SPEC CPU2017 integer speed to its SPECint2006-equivalent scale with a factor of 9.0.
obs-cpu-multicore-rate2000-int-base-newdata-xeon-pl-8180-2017-07,newdata-xeon-pl-8180-2017-07,Xeon Pl. 8180,Intel,historical processor dataset,cpu,cpu,2017-07-01,2017.500000,cpu_multicore_rate2000_int_base,,SPECint_rate_base2000 (one chip),measured integer throughput of one CPU package in a published system,unresolved,unresolved,repository_source,,,,,,,,unresolved,,No supported value found; retained as an explicit blank.
obs-cpu-multicore-rate2006-int-base-newdata-xeon-pl-8180-2017-07,newdata-xeon-pl-8180-2017-07,Xeon Pl. 8180,Intel,historical processor dataset,cpu,cpu,2017-07-01,2017.500000,cpu_multicore_rate2006_int_base,,SPECint_rate_base2006 (one chip),measured integer throughput of one CPU package in a published system,unresolved,unresolved,repository_source,,,,,,,,unresolved,,No supported value found; retained as an explicit blank.
obs-cpu-multicore-rate2017-int-base-newdata-xeon-pl-8180-2017-07,newdata-xeon-pl-8180-2017-07,Xeon Pl. 8180,Intel,historical processor dataset,cpu,cpu,2017-07-01,2017.500000,cpu_multicore_rate2017_int_base,141,SPECrate2017_int_base (one chip),measured integer throughput of one CPU package in a published system,measured,direct,primary,SPECrate2017_int_base,141,,,,{},,supporting_raw_benchmark_not_plotted,https://www.spec.org/cpu2017/results/res2017q4/cpu2017-20171017-00153.html,Published one-chip system result: Lenovo ThinkSystem SR650; hardware availability not recorded. Score belongs to this tested configuration and this SPEC suite only; scores from other suites are not comparable.
obs-cpu-multicore-index-newdata-xeon-pl-8180-2017-07,newdata-xeon-pl-8180-2017-07,Xeon Pl. 8180,Intel,historical processor dataset,cpu,cpu,2017-07-01,2017.500000,cpu_multicore_index,14891.6478425,estimated one-chip throughput index (2003=100),estimated integer-throughput index derived from a measured one-CPU-package SPEC rate,normalized,medium,derived_from_primary,SPECrate2017_int_base,141.0,Educational index; POWER4+ 2003 one-chip SPECint_rate_base2000 15.2 = 100. Bridges use median log ratios of matched one-chip processor results; not an official SPEC conversion.,,,"{""base_index"": 100.0, ""base_score"": 15.2, ""cpu2000_to_cpu2006"": 0.4988558352402746, ""cpu2006_to_cpu2017"": 0.12486988466935224, ""denominator_for_suite"": 0.9468394733189144, ""raw_score"": 141.0}",base_index * raw_score / denominator_for_suite,eligible,https://open.spec.org/cpu2000/results/res2006q3/cpu2000-20060705-06399.html; https://open.spec.org/cpu2000/results/res2006q3/cpu2000-20060904-07199.html; https://spec.org/cpu2006/results/res2018q1/cpu2006-20171212-51326.pdf; https://www.spec.org/cpu2000/results/res2006q3/cpu2000-20060705-06403.pdf; https://www.spec.org/cpu2006/results/res2006q3/cpu2006-20060904-00079.pdf; https://www.spec.org/cpu2006/results/res2006q3/cpu2006-20060904-00082.pdf; https://www.spec.org/cpu2006/results/res2007q3/cpu2006-20070723-01554.pdf; https://www.spec.org/cpu2006/results/res2017q2/cpu2006-20170529-47129.html; https://www.spec.org/cpu2017/results/res2017q4/cpu2017-20171017-00153.html; https://www.spec.org/cpu2017/results/res2017q4/cpu2017-20171211-01450.html; https://www.spec.org/cpu2017/results/res2018q1/cpu2017-20171212-01664.html,Estimated cross-suite index from measured one-chip rate. Raw result and all bridge reports are retained; consult cpu-throughput-bridges.json. SPEC does not endorse cross-suite score conversion.
obs-fp32-dense-peak-gflops-newdata-xeon-pl-8180-2017-07,newdata-xeon-pl-8180-2017-07,Xeon Pl. 8180,Intel,historical processor dataset,cpu,cpu,2017-07-01,2017.500000,fp32_dense_peak_gflops,,GFLOP/s,dense non-tensor non-sparse FP32 vector peak,unresolved,unresolved,repository_source,,,,,,,,unresolved,,No supported value found; retained as an explicit blank.
obs-transistors-million-newdata-power9-ac922-2018-04,newdata-power9-ac922-2018-04,Power9 AC922,IBM,historical processor dataset,cpu,cpu,2018-04-01,2018.250000,transistors_million,8000,million transistors,device or multi-die package transistor count,direct,high,primary,,,,,,{},,eligible,https://github.com/karlrupp/microprocessor-trend-data/blob/master/newdata.txt#L32; https://spec.org/cpu2017/results/res2018q2/cpu2017-20180318-04004.html,TDP taken from comparable Power9 processors No AC922 integer speed submission was found. Estimated from the same-frequency POWER9 S924 result: (277 / 24 physical cores) x 9 = 103.875.
obs-frequency-ghz-newdata-power9-ac922-2018-04,newdata-power9-ac922-2018-04,Power9 AC922,IBM,historical processor dataset,cpu,cpu,2018-04-01,2018.250000,frequency_ghz,3.4,GHz,nominal/base clock unless source states otherwise,direct,high,primary,,,,,,{},,eligible,https://github.com/karlrupp/microprocessor-trend-data/blob/master/newdata.txt#L32; https://spec.org/cpu2017/results/res2018q2/cpu2017-20180318-04004.html,TDP taken from comparable Power9 processors No AC922 integer speed submission was found. Estimated from the same-frequency POWER9 S924 result: (277 / 24 physical cores) x 9 = 103.875.
obs-power-w-newdata-power9-ac922-2018-04,newdata-power9-ac922-2018-04,Power9 AC922,IBM,historical processor dataset,cpu,cpu,2018-04-01,2018.250000,power_w,190,W,CPU TDP,direct,high,primary,,,,,,{},,eligible,https://github.com/karlrupp/microprocessor-trend-data/blob/master/newdata.txt#L32; https://spec.org/cpu2017/results/res2018q2/cpu2017-20180318-04004.html,TDP taken from comparable Power9 processors No AC922 integer speed submission was found. Estimated from the same-frequency POWER9 S924 result: (277 / 24 physical cores) x 9 = 103.875.
obs-cpu-physical-cores-newdata-power9-ac922-2018-04,newdata-power9-ac922-2018-04,Power9 AC922,IBM,historical processor dataset,cpu,cpu,2018-04-01,2018.250000,cpu_physical_cores,22,physical cores,physical CPU cores,calculated,medium,repository_source,,,,,,{},,eligible,https://github.com/karlrupp/microprocessor-trend-data/blob/master/newdata.txt#L32; https://spec.org/cpu2017/results/res2018q2/cpu2017-20180318-04004.html,Twenty-two physical POWER9 cores represented by the legacy 88-way SMT count; SMT contexts are excluded.
obs-gpu-compute-units-newdata-power9-ac922-2018-04,newdata-power9-ac922-2018-04,Power9 AC922,IBM,historical processor dataset,cpu,cpu,2018-04-01,2018.250000,gpu_compute_units,,SMs / CUs / GPU cores,"vendor-native GPU unit count; SM, CU, or Apple GPU core",unresolved,unresolved,repository_source,,,,,,,,not_applicable_cpu,,No supported value found; retained as an explicit blank.
obs-cpu-single-thread-normalized-newdata-power9-ac922-2018-04,newdata-power9-ac922-2018-04,Power9 AC922,IBM,historical processor dataset,cpu,cpu,2018-04-01,2018.250000,cpu_single_thread_normalized,103.9,normalized single-core index (legacy SPEC scale),one-copy benchmark normalized by the documented suite-specific continuity rule,normalized,medium,primary,,,POWER9 SPECrate2017_int peak per physical core multiplied by 9,,,{},,eligible,https://github.com/karlrupp/microprocessor-trend-data/blob/master/newdata.txt#L32; https://spec.org/cpu2017/results/res2018q2/cpu2017-20180318-04004.html,TDP taken from comparable Power9 processors No AC922 integer speed submission was found. Estimated from the same-frequency POWER9 S924 result: (277 / 24 physical cores) x 9 = 103.875.
obs-cpu-multicore-rate2000-int-base-newdata-power9-ac922-2018-04,newdata-power9-ac922-2018-04,Power9 AC922,IBM,historical processor dataset,cpu,cpu,2018-04-01,2018.250000,cpu_multicore_rate2000_int_base,,SPECint_rate_base2000 (one chip),measured integer throughput of one CPU package in a published system,unresolved,unresolved,repository_source,,,,,,,,unresolved,,No supported value found; retained as an explicit blank.
obs-cpu-multicore-rate2006-int-base-newdata-power9-ac922-2018-04,newdata-power9-ac922-2018-04,Power9 AC922,IBM,historical processor dataset,cpu,cpu,2018-04-01,2018.250000,cpu_multicore_rate2006_int_base,,SPECint_rate_base2006 (one chip),measured integer throughput of one CPU package in a published system,unresolved,unresolved,repository_source,,,,,,,,unresolved,,No supported value found; retained as an explicit blank.
obs-cpu-multicore-rate2017-int-base-newdata-power9-ac922-2018-04,newdata-power9-ac922-2018-04,Power9 AC922,IBM,historical processor dataset,cpu,cpu,2018-04-01,2018.250000,cpu_multicore_rate2017_int_base,,SPECrate2017_int_base (one chip),measured integer throughput of one CPU package in a published system,unresolved,unresolved,repository_source,,,,,,,,unresolved,,No supported value found; retained as an explicit blank.
obs-cpu-multicore-index-newdata-power9-ac922-2018-04,newdata-power9-ac922-2018-04,Power9 AC922,IBM,historical processor dataset,cpu,cpu,2018-04-01,2018.250000,cpu_multicore_index,,estimated one-chip throughput index (2003=100),estimated integer-throughput index derived from a measured one-CPU-package SPEC rate,unresolved,unresolved,repository_source,,,,,,,,unresolved,,No supported value found; retained as an explicit blank.
obs-fp32-dense-peak-gflops-newdata-power9-ac922-2018-04,newdata-power9-ac922-2018-04,Power9 AC922,IBM,historical processor dataset,cpu,cpu,2018-04-01,2018.250000,fp32_dense_peak_gflops,,GFLOP/s,dense non-tensor non-sparse FP32 vector peak,unresolved,unresolved,repository_source,,,,,,,,unresolved,,No supported value found; retained as an explicit blank.
obs-transistors-million-newdata-quadro-gv100-2018-05,newdata-quadro-gv100-2018-05,Quadro GV100,NVIDIA,historical processor dataset,gpu,gpu,2018-05-01,2018.333333,transistors_million,21100,million transistors,device or multi-die package transistor count,direct,high,primary,,,,,,{},,eligible,https://github.com/karlrupp/microprocessor-trend-data/blob/master/newdata.txt#L33,GPU; 80 SMs Not applicable: GPU floating-point throughput cannot be converted into a CPU SPECint single-thread score.
obs-frequency-ghz-newdata-quadro-gv100-2018-05,newdata-quadro-gv100-2018-05,Quadro GV100,NVIDIA,historical processor dataset,gpu,gpu,2018-05-01,2018.333333,frequency_ghz,1.2,GHz,nominal/base clock unless source states otherwise,direct,high,primary,,,,,,{},,eligible,https://github.com/karlrupp/microprocessor-trend-data/blob/master/newdata.txt#L33,GPU; 80 SMs Not applicable: GPU floating-point throughput cannot be converted into a CPU SPECint single-thread score.
obs-power-w-newdata-quadro-gv100-2018-05,newdata-quadro-gv100-2018-05,Quadro GV100,NVIDIA,historical processor dataset,gpu,gpu,2018-05-01,2018.333333,power_w,250,W,GPU TBP/TDP,direct,high,primary,,,,,,{},,eligible,https://github.com/karlrupp/microprocessor-trend-data/blob/master/newdata.txt#L33,GPU; 80 SMs Not applicable: GPU floating-point throughput cannot be converted into a CPU SPECint single-thread score.
obs-cpu-physical-cores-newdata-quadro-gv100-2018-05,newdata-quadro-gv100-2018-05,Quadro GV100,NVIDIA,historical processor dataset,gpu,gpu,2018-05-01,2018.333333,cpu_physical_cores,,physical cores,physical CPU cores,unresolved,unresolved,repository_source,,,,,,,,not_applicable_gpu,,No supported value found; retained as an explicit blank.
obs-gpu-compute-units-newdata-quadro-gv100-2018-05,newdata-quadro-gv100-2018-05,Quadro GV100,NVIDIA,historical processor dataset,gpu,discrete_gpu,2018-05-01,2018.333333,gpu_compute_units,80,SMs / CUs / GPU cores,"vendor-native GPU unit count; SM, CU, or Apple GPU core",direct,high,primary,,,,,,{},,supporting_noncomparable_not_plotted,https://github.com/karlrupp/microprocessor-trend-data/blob/master/newdata.txt#L33,GPU; 80 SMs Not applicable: GPU floating-point throughput cannot be converted into a CPU SPECint single-thread score.
obs-cpu-single-thread-normalized-newdata-quadro-gv100-2018-05,newdata-quadro-gv100-2018-05,Quadro GV100,NVIDIA,historical processor dataset,gpu,gpu,2018-05-01,2018.333333,cpu_single_thread_normalized,,normalized single-core index (legacy SPEC scale),one-copy benchmark normalized by the documented suite-specific continuity rule,unresolved,unresolved,repository_source,,,,,,,,not_applicable_gpu,,No supported value found; retained as an explicit blank.
obs-cpu-multicore-rate2000-int-base-newdata-quadro-gv100-2018-05,newdata-quadro-gv100-2018-05,Quadro GV100,NVIDIA,historical processor dataset,gpu,gpu,2018-05-01,2018.333333,cpu_multicore_rate2000_int_base,,SPECint_rate_base2000 (one chip),measured integer throughput of one CPU package in a published system,unresolved,unresolved,repository_source,,,,,,,,not_applicable_gpu,,No supported value found; retained as an explicit blank.
obs-cpu-multicore-rate2006-int-base-newdata-quadro-gv100-2018-05,newdata-quadro-gv100-2018-05,Quadro GV100,NVIDIA,historical processor dataset,gpu,gpu,2018-05-01,2018.333333,cpu_multicore_rate2006_int_base,,SPECint_rate_base2006 (one chip),measured integer throughput of one CPU package in a published system,unresolved,unresolved,repository_source,,,,,,,,not_applicable_gpu,,No supported value found; retained as an explicit blank.
obs-cpu-multicore-rate2017-int-base-newdata-quadro-gv100-2018-05,newdata-quadro-gv100-2018-05,Quadro GV100,NVIDIA,historical processor dataset,gpu,gpu,2018-05-01,2018.333333,cpu_multicore_rate2017_int_base,,SPECrate2017_int_base (one chip),measured integer throughput of one CPU package in a published system,unresolved,unresolved,repository_source,,,,,,,,not_applicable_gpu,,No supported value found; retained as an explicit blank.
obs-cpu-multicore-index-newdata-quadro-gv100-2018-05,newdata-quadro-gv100-2018-05,Quadro GV100,NVIDIA,historical processor dataset,gpu,gpu,2018-05-01,2018.333333,cpu_multicore_index,,estimated one-chip throughput index (2003=100),estimated integer-throughput index derived from a measured one-CPU-package SPEC rate,unresolved,unresolved,repository_source,,,,,,,,not_applicable_gpu,,No supported value found; retained as an explicit blank.
obs-fp32-dense-peak-gflops-newdata-quadro-gv100-2018-05,newdata-quadro-gv100-2018-05,Quadro GV100,NVIDIA,historical processor dataset,gpu,discrete_gpu,2018-05-01,2018.333333,fp32_dense_peak_gflops,,GFLOP/s,dense non-tensor non-sparse FP32 vector peak,unresolved,unresolved,repository_source,,,,,,,,unresolved,,No supported value found; retained as an explicit blank.
obs-transistors-million-intel-core-i9-9900k,intel-core-i9-9900k,Intel Core i9-9900K,Intel,client,cpu,cpu,2018-10-19,2018.799281,transistors_million,,million transistors,device or multi-die package transistor count,unresolved,unresolved,primary,,,,,,,,unresolved,,No supported value found; retained as an explicit blank.
obs-frequency-ghz-intel-core-i9-9900k,intel-core-i9-9900k,Intel Core i9-9900K,Intel,client,cpu,cpu,2018-10-19,2018.799281,frequency_ghz,3.6,GHz,nominal/base clock unless source states otherwise,direct,direct,primary,,,,,,{},,eligible,https://www.intel.com/content/www/us/en/products/sku/186605/intel-core-i99900k-processor-16m-cache-up-to-5-00-ghz/specifications.html; https://download.intel.com/newsroom/2021/archive/2018-10-19-news-9th-gen-intel-core-i9-9900k-sets-overclocking-records.pdf,
obs-power-w-intel-core-i9-9900k,intel-core-i9-9900k,Intel Core i9-9900K,Intel,client,cpu,cpu,2018-10-19,2018.799281,power_w,95,W,CPU TDP,direct,direct,primary,,,,,,{},,eligible,https://www.intel.com/content/www/us/en/products/sku/186605/intel-core-i99900k-processor-16m-cache-up-to-5-00-ghz/specifications.html; https://download.intel.com/newsroom/2021/archive/2018-10-19-news-9th-gen-intel-core-i9-9900k-sets-overclocking-records.pdf,
obs-cpu-physical-cores-intel-core-i9-9900k,intel-core-i9-9900k,Intel Core i9-9900K,Intel,client,cpu,cpu,2018-10-19,2018.799281,cpu_physical_cores,8,physical cores,physical CPU cores,direct,direct,primary,,,,,,{},,eligible,https://www.intel.com/content/www/us/en/products/sku/186605/intel-core-i99900k-processor-16m-cache-up-to-5-00-ghz/specifications.html; https://download.intel.com/newsroom/2021/archive/2018-10-19-news-9th-gen-intel-core-i9-9900k-sets-overclocking-records.pdf,
obs-gpu-compute-units-intel-core-i9-9900k,intel-core-i9-9900k,Intel Core i9-9900K,Intel,client,cpu,cpu,2018-10-19,2018.799281,gpu_compute_units,,SMs / CUs / GPU cores,"vendor-native GPU unit count; SM, CU, or Apple GPU core",unresolved,unresolved,primary,,,,,,,,not_applicable_cpu,,No supported value found; retained as an explicit blank.
obs-cpu-single-thread-normalized-intel-core-i9-9900k,intel-core-i9-9900k,Intel Core i9-9900K,Intel,client,cpu,cpu,2018-10-19,2018.799281,cpu_single_thread_normalized,,normalized single-core index (legacy SPEC scale),one-copy benchmark normalized by the documented suite-specific continuity rule,unresolved,unresolved,primary,,,,,,,,unresolved,,No supported value found; retained as an explicit blank.
obs-cpu-multicore-rate2000-int-base-intel-core-i9-9900k,intel-core-i9-9900k,Intel Core i9-9900K,Intel,client,cpu,cpu,2018-10-19,2018.799281,cpu_multicore_rate2000_int_base,,SPECint_rate_base2000 (one chip),measured integer throughput of one CPU package in a published system,unresolved,unresolved,primary,,,,,,,,unresolved,,No supported value found; retained as an explicit blank.
obs-cpu-multicore-rate2006-int-base-intel-core-i9-9900k,intel-core-i9-9900k,Intel Core i9-9900K,Intel,client,cpu,cpu,2018-10-19,2018.799281,cpu_multicore_rate2006_int_base,,SPECint_rate_base2006 (one chip),measured integer throughput of one CPU package in a published system,unresolved,unresolved,primary,,,,,,,,unresolved,,No supported value found; retained as an explicit blank.
obs-cpu-multicore-rate2017-int-base-intel-core-i9-9900k,intel-core-i9-9900k,Intel Core i9-9900K,Intel,client,cpu,cpu,2018-10-19,2018.799281,cpu_multicore_rate2017_int_base,51,SPECrate2017_int_base (one chip),measured integer throughput of one CPU package in a published system,measured,direct,primary,SPECrate2017_int_base,51.0,,,,{},,supporting_raw_benchmark_not_plotted,https://www.spec.org/cpu2017/results/res2019q1/cpu2017-20190107-10466.html,Published one-chip system result: Supermicro SuperWorkstation 5039C-T; hardware availability not recorded. Score belongs to this tested configuration and this SPEC suite only; scores from other suites are not comparable.
obs-cpu-multicore-index-intel-core-i9-9900k,intel-core-i9-9900k,Intel Core i9-9900K,Intel,client,cpu,cpu,2018-10-19,2018.799281,cpu_multicore_index,5386.34070897,estimated one-chip throughput index (2003=100),estimated integer-throughput index derived from a measured one-CPU-package SPEC rate,normalized,medium,derived_from_primary,SPECrate2017_int_base,51.0,Educational index; POWER4+ 2003 one-chip SPECint_rate_base2000 15.2 = 100. Bridges use median log ratios of matched one-chip processor results; not an official SPEC conversion.,,,"{""base_index"": 100.0, ""base_score"": 15.2, ""cpu2000_to_cpu2006"": 0.4988558352402746, ""cpu2006_to_cpu2017"": 0.12486988466935224, ""denominator_for_suite"": 0.9468394733189144, ""raw_score"": 51.0}",base_index * raw_score / denominator_for_suite,eligible,https://open.spec.org/cpu2000/results/res2006q3/cpu2000-20060705-06399.html; https://open.spec.org/cpu2000/results/res2006q3/cpu2000-20060904-07199.html; https://spec.org/cpu2006/results/res2018q1/cpu2006-20171212-51326.pdf; https://www.spec.org/cpu2000/results/res2006q3/cpu2000-20060705-06403.pdf; https://www.spec.org/cpu2006/results/res2006q3/cpu2006-20060904-00079.pdf; https://www.spec.org/cpu2006/results/res2006q3/cpu2006-20060904-00082.pdf; https://www.spec.org/cpu2006/results/res2007q3/cpu2006-20070723-01554.pdf; https://www.spec.org/cpu2006/results/res2017q2/cpu2006-20170529-47129.html; https://www.spec.org/cpu2017/results/res2017q4/cpu2017-20171211-01450.html; https://www.spec.org/cpu2017/results/res2018q1/cpu2017-20171212-01664.html; https://www.spec.org/cpu2017/results/res2019q1/cpu2017-20190107-10466.html,Estimated cross-suite index from measured one-chip rate. Raw result and all bridge reports are retained; consult cpu-throughput-bridges.json. SPEC does not endorse cross-suite score conversion.
obs-fp32-dense-peak-gflops-intel-core-i9-9900k,intel-core-i9-9900k,Intel Core i9-9900K,Intel,client,cpu,cpu,2018-10-19,2018.799281,fp32_dense_peak_gflops,,GFLOP/s,dense non-tensor non-sparse FP32 vector peak,unresolved,unresolved,primary,,,,,,,,unresolved,,No supported value found; retained as an explicit blank.
obs-transistors-million-aws-graviton1,aws-graviton1,AWS Graviton,AWS,server,cpu,cpu,2018-11-26,2018.901780,transistors_million,,million transistors,device or multi-die package transistor count,unresolved,unresolved,primary,,,,,,,,unresolved,,No supported value found; retained as an explicit blank.
obs-frequency-ghz-aws-graviton1,aws-graviton1,AWS Graviton,AWS,server,cpu,cpu,2018-11-26,2018.901780,frequency_ghz,,GHz,nominal/base clock unless source states otherwise,unresolved,unresolved,primary,,,,,,,,unresolved,,No supported value found; retained as an explicit blank.
obs-power-w-aws-graviton1,aws-graviton1,AWS Graviton,AWS,server,cpu,cpu,2018-11-26,2018.901780,power_w,,W,CPU TDP,unresolved,unresolved,primary,,,,,,,,unresolved,,No supported value found; retained as an explicit blank.
obs-cpu-physical-cores-aws-graviton1,aws-graviton1,AWS Graviton,AWS,server,cpu,cpu,2018-11-26,2018.901780,cpu_physical_cores,16,physical cores,physical CPU cores,direct,direct,primary,,,,,,{},,eligible,https://aws.amazon.com/ec2/graviton/,
obs-gpu-compute-units-aws-graviton1,aws-graviton1,AWS Graviton,AWS,server,cpu,cpu,2018-11-26,2018.901780,gpu_compute_units,,SMs / CUs / GPU cores,"vendor-native GPU unit count; SM, CU, or Apple GPU core",unresolved,unresolved,primary,,,,,,,,not_applicable_cpu,,No supported value found; retained as an explicit blank.
obs-cpu-single-thread-normalized-aws-graviton1,aws-graviton1,AWS Graviton,AWS,server,cpu,cpu,2018-11-26,2018.901780,cpu_single_thread_normalized,,normalized single-core index (legacy SPEC scale),one-copy benchmark normalized by the documented suite-specific continuity rule,unresolved,unresolved,primary,,,,,,,,unresolved,,No supported value found; retained as an explicit blank.
obs-cpu-multicore-rate2000-int-base-aws-graviton1,aws-graviton1,AWS Graviton,AWS,server,cpu,cpu,2018-11-26,2018.901780,cpu_multicore_rate2000_int_base,,SPECint_rate_base2000 (one chip),measured integer throughput of one CPU package in a published system,unresolved,unresolved,primary,,,,,,,,unresolved,,No supported value found; retained as an explicit blank.
obs-cpu-multicore-rate2006-int-base-aws-graviton1,aws-graviton1,AWS Graviton,AWS,server,cpu,cpu,2018-11-26,2018.901780,cpu_multicore_rate2006_int_base,,SPECint_rate_base2006 (one chip),measured integer throughput of one CPU package in a published system,unresolved,unresolved,primary,,,,,,,,unresolved,,No supported value found; retained as an explicit blank.
obs-cpu-multicore-rate2017-int-base-aws-graviton1,aws-graviton1,AWS Graviton,AWS,server,cpu,cpu,2018-11-26,2018.901780,cpu_multicore_rate2017_int_base,,SPECrate2017_int_base (one chip),measured integer throughput of one CPU package in a published system,unresolved,unresolved,primary,,,,,,,,unresolved,,No supported value found; retained as an explicit blank.
obs-cpu-multicore-index-aws-graviton1,aws-graviton1,AWS Graviton,AWS,server,cpu,cpu,2018-11-26,2018.901780,cpu_multicore_index,,estimated one-chip throughput index (2003=100),estimated integer-throughput index derived from a measured one-CPU-package SPEC rate,unresolved,unresolved,primary,,,,,,,,unresolved,,No supported value found; retained as an explicit blank.
obs-fp32-dense-peak-gflops-aws-graviton1,aws-graviton1,AWS Graviton,AWS,server,cpu,cpu,2018-11-26,2018.901780,fp32_dense_peak_gflops,,GFLOP/s,dense non-tensor non-sparse FP32 vector peak,unresolved,unresolved,primary,,,,,,,,unresolved,,No supported value found; retained as an explicit blank.
obs-transistors-million-newdata-xeon-pl-8280-2019-03,newdata-xeon-pl-8280-2019-03,Xeon Pl. 8280,Intel,historical processor dataset,cpu,cpu,2019-03-01,2019.166667,transistors_million,8000,million transistors,device or multi-die package transistor count,direct,high,primary,,,,,,{},,eligible,https://github.com/karlrupp/microprocessor-trend-data/blob/master/newdata.txt#L34; https://www.spec.org/cpu2017/results/,SpecInt 2017: 10.1 The repository converts SPEC CPU2017 integer speed to its SPECint2006-equivalent scale with a factor of 9.0.
obs-frequency-ghz-newdata-xeon-pl-8280-2019-03,newdata-xeon-pl-8280-2019-03,Xeon Pl. 8280,Intel,historical processor dataset,cpu,cpu,2019-03-01,2019.166667,frequency_ghz,2.7,GHz,nominal/base clock unless source states otherwise,direct,high,primary,,,,,,{},,eligible,https://github.com/karlrupp/microprocessor-trend-data/blob/master/newdata.txt#L34; https://www.spec.org/cpu2017/results/,SpecInt 2017: 10.1 The repository converts SPEC CPU2017 integer speed to its SPECint2006-equivalent scale with a factor of 9.0.
obs-power-w-newdata-xeon-pl-8280-2019-03,newdata-xeon-pl-8280-2019-03,Xeon Pl. 8280,Intel,historical processor dataset,cpu,cpu,2019-03-01,2019.166667,power_w,205,W,CPU TDP,direct,high,primary,,,,,,{},,eligible,https://github.com/karlrupp/microprocessor-trend-data/blob/master/newdata.txt#L34; https://www.spec.org/cpu2017/results/,SpecInt 2017: 10.1 The repository converts SPEC CPU2017 integer speed to its SPECint2006-equivalent scale with a factor of 9.0.
obs-cpu-physical-cores-newdata-xeon-pl-8280-2019-03,newdata-xeon-pl-8280-2019-03,Xeon Pl. 8280,Intel,historical processor dataset,cpu,cpu,2019-03-01,2019.166667,cpu_physical_cores,28,physical cores,physical CPU cores,direct,high,repository_source,,,,,,{},,eligible,https://github.com/karlrupp/microprocessor-trend-data/blob/master/newdata.txt#L34; https://www.spec.org/cpu2017/results/,Twenty-eight physical cores; the legacy value of fifty-six was a hardware-thread count.
obs-gpu-compute-units-newdata-xeon-pl-8280-2019-03,newdata-xeon-pl-8280-2019-03,Xeon Pl. 8280,Intel,historical processor dataset,cpu,cpu,2019-03-01,2019.166667,gpu_compute_units,,SMs / CUs / GPU cores,"vendor-native GPU unit count; SM, CU, or Apple GPU core",unresolved,unresolved,repository_source,,,,,,,,not_applicable_cpu,,No supported value found; retained as an explicit blank.
obs-cpu-single-thread-normalized-newdata-xeon-pl-8280-2019-03,newdata-xeon-pl-8280-2019-03,Xeon Pl. 8280,Intel,historical processor dataset,cpu,cpu,2019-03-01,2019.166667,cpu_single_thread_normalized,90.9,normalized single-core index (legacy SPEC scale),one-copy benchmark normalized by the documented suite-specific continuity rule,normalized,high,primary,,,SPECspeed2017_int multiplied by 9,,,{},,eligible,https://github.com/karlrupp/microprocessor-trend-data/blob/master/newdata.txt#L34; https://www.spec.org/cpu2017/results/,SpecInt 2017: 10.1 The repository converts SPEC CPU2017 integer speed to its SPECint2006-equivalent scale with a factor of 9.0.
obs-cpu-multicore-rate2000-int-base-newdata-xeon-pl-8280-2019-03,newdata-xeon-pl-8280-2019-03,Xeon Pl. 8280,Intel,historical processor dataset,cpu,cpu,2019-03-01,2019.166667,cpu_multicore_rate2000_int_base,,SPECint_rate_base2000 (one chip),measured integer throughput of one CPU package in a published system,unresolved,unresolved,repository_source,,,,,,,,unresolved,,No supported value found; retained as an explicit blank.
obs-cpu-multicore-rate2006-int-base-newdata-xeon-pl-8280-2019-03,newdata-xeon-pl-8280-2019-03,Xeon Pl. 8280,Intel,historical processor dataset,cpu,cpu,2019-03-01,2019.166667,cpu_multicore_rate2006_int_base,,SPECint_rate_base2006 (one chip),measured integer throughput of one CPU package in a published system,unresolved,unresolved,repository_source,,,,,,,,unresolved,,No supported value found; retained as an explicit blank.
obs-cpu-multicore-rate2017-int-base-newdata-xeon-pl-8280-2019-03,newdata-xeon-pl-8280-2019-03,Xeon Pl. 8280,Intel,historical processor dataset,cpu,cpu,2019-03-01,2019.166667,cpu_multicore_rate2017_int_base,178,SPECrate2017_int_base (one chip),measured integer throughput of one CPU package in a published system,measured,direct,primary,SPECrate2017_int_base,178,,,,{},,supporting_raw_benchmark_not_plotted,https://www.spec.org/cpu2017/results/res2019q2/cpu2017-20190318-11222.html,Published one-chip system result: Huawei 1288H V5; hardware availability not recorded. Score belongs to this tested configuration and this SPEC suite only; scores from other suites are not comparable.
obs-cpu-multicore-index-newdata-xeon-pl-8280-2019-03,newdata-xeon-pl-8280-2019-03,Xeon Pl. 8280,Intel,historical processor dataset,cpu,cpu,2019-03-01,2019.166667,cpu_multicore_index,18799.3852196,estimated one-chip throughput index (2003=100),estimated integer-throughput index derived from a measured one-CPU-package SPEC rate,normalized,medium,derived_from_primary,SPECrate2017_int_base,178.0,Educational index; POWER4+ 2003 one-chip SPECint_rate_base2000 15.2 = 100. Bridges use median log ratios of matched one-chip processor results; not an official SPEC conversion.,,,"{""base_index"": 100.0, ""base_score"": 15.2, ""cpu2000_to_cpu2006"": 0.4988558352402746, ""cpu2006_to_cpu2017"": 0.12486988466935224, ""denominator_for_suite"": 0.9468394733189144, ""raw_score"": 178.0}",base_index * raw_score / denominator_for_suite,eligible,https://open.spec.org/cpu2000/results/res2006q3/cpu2000-20060705-06399.html; https://open.spec.org/cpu2000/results/res2006q3/cpu2000-20060904-07199.html; https://spec.org/cpu2006/results/res2018q1/cpu2006-20171212-51326.pdf; https://www.spec.org/cpu2000/results/res2006q3/cpu2000-20060705-06403.pdf; https://www.spec.org/cpu2006/results/res2006q3/cpu2006-20060904-00079.pdf; https://www.spec.org/cpu2006/results/res2006q3/cpu2006-20060904-00082.pdf; https://www.spec.org/cpu2006/results/res2007q3/cpu2006-20070723-01554.pdf; https://www.spec.org/cpu2006/results/res2017q2/cpu2006-20170529-47129.html; https://www.spec.org/cpu2017/results/res2017q4/cpu2017-20171211-01450.html; https://www.spec.org/cpu2017/results/res2018q1/cpu2017-20171212-01664.html; https://www.spec.org/cpu2017/results/res2019q2/cpu2017-20190318-11222.html,Estimated cross-suite index from measured one-chip rate. Raw result and all bridge reports are retained; consult cpu-throughput-bridges.json. SPEC does not endorse cross-suite score conversion.
obs-fp32-dense-peak-gflops-newdata-xeon-pl-8280-2019-03,newdata-xeon-pl-8280-2019-03,Xeon Pl. 8280,Intel,historical processor dataset,cpu,cpu,2019-03-01,2019.166667,fp32_dense_peak_gflops,,GFLOP/s,dense non-tensor non-sparse FP32 vector peak,unresolved,unresolved,repository_source,,,,,,,,unresolved,,No supported value found; retained as an explicit blank.
obs-transistors-million-newdata-epyc-7742-2019-08,newdata-epyc-7742-2019-08,Epyc 7742,AMD,historical processor dataset,cpu,cpu,2019-08-01,2019.583333,transistors_million,39500,million transistors,device or multi-die package transistor count,direct,high,primary,,,,,,{},,eligible,https://github.com/karlrupp/microprocessor-trend-data/blob/master/newdata.txt#L35; https://www.spec.org/cpu2017/results/,SpecInt 2017: 8.7 The repository converts SPEC CPU2017 integer speed to its SPECint2006-equivalent scale with a factor of 9.0.
obs-frequency-ghz-newdata-epyc-7742-2019-08,newdata-epyc-7742-2019-08,Epyc 7742,AMD,historical processor dataset,cpu,cpu,2019-08-01,2019.583333,frequency_ghz,2.25,GHz,nominal/base clock unless source states otherwise,direct,high,primary,,,,,,{},,eligible,https://github.com/karlrupp/microprocessor-trend-data/blob/master/newdata.txt#L35; https://www.spec.org/cpu2017/results/,SpecInt 2017: 8.7 The repository converts SPEC CPU2017 integer speed to its SPECint2006-equivalent scale with a factor of 9.0.
obs-power-w-newdata-epyc-7742-2019-08,newdata-epyc-7742-2019-08,Epyc 7742,AMD,historical processor dataset,cpu,cpu,2019-08-01,2019.583333,power_w,225,W,CPU TDP,direct,high,primary,,,,,,{},,eligible,https://github.com/karlrupp/microprocessor-trend-data/blob/master/newdata.txt#L35; https://www.spec.org/cpu2017/results/,SpecInt 2017: 8.7 The repository converts SPEC CPU2017 integer speed to its SPECint2006-equivalent scale with a factor of 9.0.
obs-cpu-physical-cores-newdata-epyc-7742-2019-08,newdata-epyc-7742-2019-08,Epyc 7742,AMD,historical processor dataset,cpu,cpu,2019-08-01,2019.583333,cpu_physical_cores,64,physical cores,physical CPU cores,direct,high,repository_source,,,,,,{},,eligible,https://github.com/karlrupp/microprocessor-trend-data/blob/master/newdata.txt#L35; https://www.spec.org/cpu2017/results/,Sixty-four physical cores; the legacy value of 128 was a hardware-thread count.
obs-gpu-compute-units-newdata-epyc-7742-2019-08,newdata-epyc-7742-2019-08,Epyc 7742,AMD,historical processor dataset,cpu,cpu,2019-08-01,2019.583333,gpu_compute_units,,SMs / CUs / GPU cores,"vendor-native GPU unit count; SM, CU, or Apple GPU core",unresolved,unresolved,repository_source,,,,,,,,not_applicable_cpu,,No supported value found; retained as an explicit blank.
obs-cpu-single-thread-normalized-newdata-epyc-7742-2019-08,newdata-epyc-7742-2019-08,Epyc 7742,AMD,historical processor dataset,cpu,cpu,2019-08-01,2019.583333,cpu_single_thread_normalized,78.3,normalized single-core index (legacy SPEC scale),one-copy benchmark normalized by the documented suite-specific continuity rule,normalized,high,primary,,,SPECspeed2017_int multiplied by 9,,,{},,eligible,https://github.com/karlrupp/microprocessor-trend-data/blob/master/newdata.txt#L35; https://www.spec.org/cpu2017/results/,SpecInt 2017: 8.7 The repository converts SPEC CPU2017 integer speed to its SPECint2006-equivalent scale with a factor of 9.0.
obs-cpu-multicore-rate2000-int-base-newdata-epyc-7742-2019-08,newdata-epyc-7742-2019-08,Epyc 7742,AMD,historical processor dataset,cpu,cpu,2019-08-01,2019.583333,cpu_multicore_rate2000_int_base,,SPECint_rate_base2000 (one chip),measured integer throughput of one CPU package in a published system,unresolved,unresolved,repository_source,,,,,,,,unresolved,,No supported value found; retained as an explicit blank.
obs-cpu-multicore-rate2006-int-base-newdata-epyc-7742-2019-08,newdata-epyc-7742-2019-08,Epyc 7742,AMD,historical processor dataset,cpu,cpu,2019-08-01,2019.583333,cpu_multicore_rate2006_int_base,,SPECint_rate_base2006 (one chip),measured integer throughput of one CPU package in a published system,unresolved,unresolved,repository_source,,,,,,,,unresolved,,No supported value found; retained as an explicit blank.
obs-cpu-multicore-rate2017-int-base-newdata-epyc-7742-2019-08,newdata-epyc-7742-2019-08,Epyc 7742,AMD,historical processor dataset,cpu,cpu,2019-08-01,2019.583333,cpu_multicore_rate2017_int_base,349,SPECrate2017_int_base (one chip),measured integer throughput of one CPU package in a published system,measured,direct,primary,SPECrate2017_int_base,349,,,,{},,supporting_raw_benchmark_not_plotted,https://www.spec.org/cpu2017/results/res2019q3/cpu2017-20190722-16290.html,Published one-chip system result: Lenovo ThinkSystem SR655; hardware availability not recorded. Score belongs to this tested configuration and this SPEC suite only; scores from other suites are not comparable.
obs-cpu-multicore-index-newdata-epyc-7742-2019-08,newdata-epyc-7742-2019-08,Epyc 7742,AMD,historical processor dataset,cpu,cpu,2019-08-01,2019.583333,cpu_multicore_index,36859.4687732,estimated one-chip throughput index (2003=100),estimated integer-throughput index derived from a measured one-CPU-package SPEC rate,normalized,medium,derived_from_primary,SPECrate2017_int_base,349.0,Educational index; POWER4+ 2003 one-chip SPECint_rate_base2000 15.2 = 100. Bridges use median log ratios of matched one-chip processor results; not an official SPEC conversion.,,,"{""base_index"": 100.0, ""base_score"": 15.2, ""cpu2000_to_cpu2006"": 0.4988558352402746, ""cpu2006_to_cpu2017"": 0.12486988466935224, ""denominator_for_suite"": 0.9468394733189144, ""raw_score"": 349.0}",base_index * raw_score / denominator_for_suite,eligible,https://open.spec.org/cpu2000/results/res2006q3/cpu2000-20060705-06399.html; https://open.spec.org/cpu2000/results/res2006q3/cpu2000-20060904-07199.html; https://spec.org/cpu2006/results/res2018q1/cpu2006-20171212-51326.pdf; https://www.spec.org/cpu2000/results/res2006q3/cpu2000-20060705-06403.pdf; https://www.spec.org/cpu2006/results/res2006q3/cpu2006-20060904-00079.pdf; https://www.spec.org/cpu2006/results/res2006q3/cpu2006-20060904-00082.pdf; https://www.spec.org/cpu2006/results/res2007q3/cpu2006-20070723-01554.pdf; https://www.spec.org/cpu2006/results/res2017q2/cpu2006-20170529-47129.html; https://www.spec.org/cpu2017/results/res2017q4/cpu2017-20171211-01450.html; https://www.spec.org/cpu2017/results/res2018q1/cpu2017-20171212-01664.html; https://www.spec.org/cpu2017/results/res2019q3/cpu2017-20190722-16290.html,Estimated cross-suite index from measured one-chip rate. Raw result and all bridge reports are retained; consult cpu-throughput-bridges.json. SPEC does not endorse cross-suite score conversion.
obs-fp32-dense-peak-gflops-newdata-epyc-7742-2019-08,newdata-epyc-7742-2019-08,Epyc 7742,AMD,historical processor dataset,cpu,cpu,2019-08-01,2019.583333,fp32_dense_peak_gflops,,GFLOP/s,dense non-tensor non-sparse FP32 vector peak,unresolved,unresolved,repository_source,,,,,,,,unresolved,,No supported value found; retained as an explicit blank.
obs-transistors-million-aws-graviton2,aws-graviton2,AWS Graviton2,AWS,server,cpu,cpu,2019-12-03,2019.922142,transistors_million,,million transistors,device or multi-die package transistor count,unresolved,unresolved,primary,,,,,,,,unresolved,,No supported value found; retained as an explicit blank.
obs-frequency-ghz-aws-graviton2,aws-graviton2,AWS Graviton2,AWS,server,cpu,cpu,2019-12-03,2019.922142,frequency_ghz,2.5,GHz,nominal/base clock unless source states otherwise,direct,direct,primary,,,,,,{},,eligible,https://aws.amazon.com/blogs/hpc/numerical-weather-prediction-on-aws-graviton2/; https://aws.amazon.com/es/blogs/aws-spanish/comparando-el-desempeno-de-las-instancias-amazon-ec2-aws-graviton2-intel-x64-y-amd-epyc/,
obs-power-w-aws-graviton2,aws-graviton2,AWS Graviton2,AWS,server,cpu,cpu,2019-12-03,2019.922142,power_w,,W,CPU TDP,unresolved,unresolved,primary,,,,,,,,unresolved,,No supported value found; retained as an explicit blank.
obs-cpu-physical-cores-aws-graviton2,aws-graviton2,AWS Graviton2,AWS,server,cpu,cpu,2019-12-03,2019.922142,cpu_physical_cores,64,physical cores,physical CPU cores,direct,direct,primary,,,,,,{},,eligible,https://aws.amazon.com/blogs/hpc/numerical-weather-prediction-on-aws-graviton2/; https://aws.amazon.com/es/blogs/aws-spanish/comparando-el-desempeno-de-las-instancias-amazon-ec2-aws-graviton2-intel-x64-y-amd-epyc/,
obs-gpu-compute-units-aws-graviton2,aws-graviton2,AWS Graviton2,AWS,server,cpu,cpu,2019-12-03,2019.922142,gpu_compute_units,,SMs / CUs / GPU cores,"vendor-native GPU unit count; SM, CU, or Apple GPU core",unresolved,unresolved,primary,,,,,,,,not_applicable_cpu,,No supported value found; retained as an explicit blank.
obs-cpu-single-thread-normalized-aws-graviton2,aws-graviton2,AWS Graviton2,AWS,server,cpu,cpu,2019-12-03,2019.922142,cpu_single_thread_normalized,,normalized single-core index (legacy SPEC scale),one-copy benchmark normalized by the documented suite-specific continuity rule,unresolved,unresolved,primary,,,,,,,,unresolved,,No supported value found; retained as an explicit blank.
obs-cpu-multicore-rate2000-int-base-aws-graviton2,aws-graviton2,AWS Graviton2,AWS,server,cpu,cpu,2019-12-03,2019.922142,cpu_multicore_rate2000_int_base,,SPECint_rate_base2000 (one chip),measured integer throughput of one CPU package in a published system,unresolved,unresolved,primary,,,,,,,,unresolved,,No supported value found; retained as an explicit blank.
obs-cpu-multicore-rate2006-int-base-aws-graviton2,aws-graviton2,AWS Graviton2,AWS,server,cpu,cpu,2019-12-03,2019.922142,cpu_multicore_rate2006_int_base,,SPECint_rate_base2006 (one chip),measured integer throughput of one CPU package in a published system,unresolved,unresolved,primary,,,,,,,,unresolved,,No supported value found; retained as an explicit blank.
obs-cpu-multicore-rate2017-int-base-aws-graviton2,aws-graviton2,AWS Graviton2,AWS,server,cpu,cpu,2019-12-03,2019.922142,cpu_multicore_rate2017_int_base,,SPECrate2017_int_base (one chip),measured integer throughput of one CPU package in a published system,unresolved,unresolved,primary,,,,,,,,unresolved,,No supported value found; retained as an explicit blank.
obs-cpu-multicore-index-aws-graviton2,aws-graviton2,AWS Graviton2,AWS,server,cpu,cpu,2019-12-03,2019.922142,cpu_multicore_index,,estimated one-chip throughput index (2003=100),estimated integer-throughput index derived from a measured one-CPU-package SPEC rate,unresolved,unresolved,primary,,,,,,,,unresolved,,No supported value found; retained as an explicit blank.
obs-fp32-dense-peak-gflops-aws-graviton2,aws-graviton2,AWS Graviton2,AWS,server,cpu,cpu,2019-12-03,2019.922142,fp32_dense_peak_gflops,2560,GFLOP/s,dense non-tensor non-sparse FP32 vector peak,calculated,high,primary,,,,FP32 vector dense,all-core fixed 2.5 GHz,"{""clock_GHz"": 2.5, ""cores"": 64, ""flops_per_fma"": 2, ""fp32_lanes_per_128bit_unit"": 4, ""simd_units_per_core"": 2}",64 * 2 * 4 * 2 * 2.5,eligible,https://aws.amazon.com/blogs/hpc/numerical-weather-prediction-on-aws-graviton2/; https://aws.amazon.com/es/blogs/aws-spanish/comparando-el-desempeno-de-las-instancias-amazon-ec2-aws-graviton2-intel-x64-y-amd-epyc/,
obs-transistors-million-newdata-ryzen-3990x-2020-01,newdata-ryzen-3990x-2020-01,Ryzen 3990X,AMD,historical processor dataset,cpu,cpu,2020-01-01,2020.000000,transistors_million,30400,million transistors,device or multi-die package transistor count,direct,high,primary,,,,,,{},,eligible,https://github.com/karlrupp/microprocessor-trend-data/blob/master/newdata.txt#L36; https://www.spec.org/cpu2017/results/,SpecInt 2017: 11.0 The repository converts SPEC CPU2017 integer speed to its SPECint2006-equivalent scale with a factor of 9.0.
obs-frequency-ghz-newdata-ryzen-3990x-2020-01,newdata-ryzen-3990x-2020-01,Ryzen 3990X,AMD,historical processor dataset,cpu,cpu,2020-01-01,2020.000000,frequency_ghz,2.9,GHz,nominal/base clock unless source states otherwise,direct,high,primary,,,,,,{},,eligible,https://github.com/karlrupp/microprocessor-trend-data/blob/master/newdata.txt#L36; https://www.spec.org/cpu2017/results/,SpecInt 2017: 11.0 The repository converts SPEC CPU2017 integer speed to its SPECint2006-equivalent scale with a factor of 9.0.
obs-power-w-newdata-ryzen-3990x-2020-01,newdata-ryzen-3990x-2020-01,Ryzen 3990X,AMD,historical processor dataset,cpu,cpu,2020-01-01,2020.000000,power_w,280,W,CPU TDP,direct,high,primary,,,,,,{},,eligible,https://github.com/karlrupp/microprocessor-trend-data/blob/master/newdata.txt#L36; https://www.spec.org/cpu2017/results/,SpecInt 2017: 11.0 The repository converts SPEC CPU2017 integer speed to its SPECint2006-equivalent scale with a factor of 9.0.
obs-cpu-physical-cores-newdata-ryzen-3990x-2020-01,newdata-ryzen-3990x-2020-01,Ryzen 3990X,AMD,historical processor dataset,cpu,cpu,2020-01-01,2020.000000,cpu_physical_cores,64,physical cores,physical CPU cores,direct,high,repository_source,,,,,,{},,eligible,https://github.com/karlrupp/microprocessor-trend-data/blob/master/newdata.txt#L36; https://www.spec.org/cpu2017/results/,Sixty-four physical cores; the legacy value of 128 was a hardware-thread count.
obs-gpu-compute-units-newdata-ryzen-3990x-2020-01,newdata-ryzen-3990x-2020-01,Ryzen 3990X,AMD,historical processor dataset,cpu,cpu,2020-01-01,2020.000000,gpu_compute_units,,SMs / CUs / GPU cores,"vendor-native GPU unit count; SM, CU, or Apple GPU core",unresolved,unresolved,repository_source,,,,,,,,not_applicable_cpu,,No supported value found; retained as an explicit blank.
obs-cpu-single-thread-normalized-newdata-ryzen-3990x-2020-01,newdata-ryzen-3990x-2020-01,Ryzen 3990X,AMD,historical processor dataset,cpu,cpu,2020-01-01,2020.000000,cpu_single_thread_normalized,99,normalized single-core index (legacy SPEC scale),one-copy benchmark normalized by the documented suite-specific continuity rule,normalized,high,primary,,,SPECspeed2017_int multiplied by 9,,,{},,eligible,https://github.com/karlrupp/microprocessor-trend-data/blob/master/newdata.txt#L36; https://www.spec.org/cpu2017/results/,SpecInt 2017: 11.0 The repository converts SPEC CPU2017 integer speed to its SPECint2006-equivalent scale with a factor of 9.0.
obs-cpu-multicore-rate2000-int-base-newdata-ryzen-3990x-2020-01,newdata-ryzen-3990x-2020-01,Ryzen 3990X,AMD,historical processor dataset,cpu,cpu,2020-01-01,2020.000000,cpu_multicore_rate2000_int_base,,SPECint_rate_base2000 (one chip),measured integer throughput of one CPU package in a published system,unresolved,unresolved,repository_source,,,,,,,,unresolved,,No supported value found; retained as an explicit blank.
obs-cpu-multicore-rate2006-int-base-newdata-ryzen-3990x-2020-01,newdata-ryzen-3990x-2020-01,Ryzen 3990X,AMD,historical processor dataset,cpu,cpu,2020-01-01,2020.000000,cpu_multicore_rate2006_int_base,,SPECint_rate_base2006 (one chip),measured integer throughput of one CPU package in a published system,unresolved,unresolved,repository_source,,,,,,,,unresolved,,No supported value found; retained as an explicit blank.
obs-cpu-multicore-rate2017-int-base-newdata-ryzen-3990x-2020-01,newdata-ryzen-3990x-2020-01,Ryzen 3990X,AMD,historical processor dataset,cpu,cpu,2020-01-01,2020.000000,cpu_multicore_rate2017_int_base,,SPECrate2017_int_base (one chip),measured integer throughput of one CPU package in a published system,unresolved,unresolved,repository_source,,,,,,,,unresolved,,No supported value found; retained as an explicit blank.
obs-cpu-multicore-index-newdata-ryzen-3990x-2020-01,newdata-ryzen-3990x-2020-01,Ryzen 3990X,AMD,historical processor dataset,cpu,cpu,2020-01-01,2020.000000,cpu_multicore_index,,estimated one-chip throughput index (2003=100),estimated integer-throughput index derived from a measured one-CPU-package SPEC rate,unresolved,unresolved,repository_source,,,,,,,,unresolved,,No supported value found; retained as an explicit blank.
obs-fp32-dense-peak-gflops-newdata-ryzen-3990x-2020-01,newdata-ryzen-3990x-2020-01,Ryzen 3990X,AMD,historical processor dataset,cpu,cpu,2020-01-01,2020.000000,fp32_dense_peak_gflops,,GFLOP/s,dense non-tensor non-sparse FP32 vector peak,unresolved,unresolved,repository_source,,,,,,,,unresolved,,No supported value found; retained as an explicit blank.
obs-transistors-million-newdata-xeon-gold-6258-2020-02,newdata-xeon-gold-6258-2020-02,Xeon Gold 6258,Intel,historical processor dataset,cpu,cpu,2020-02-01,2020.083333,transistors_million,,million transistors,device or multi-die package transistor count,unresolved,unresolved,repository_source,,,,,,,,unresolved,,No supported value found; retained as an explicit blank.
obs-frequency-ghz-newdata-xeon-gold-6258-2020-02,newdata-xeon-gold-6258-2020-02,Xeon Gold 6258,Intel,historical processor dataset,cpu,cpu,2020-02-01,2020.083333,frequency_ghz,2.7,GHz,nominal/base clock unless source states otherwise,direct,high,primary,,,,,,{},,eligible,https://github.com/karlrupp/microprocessor-trend-data/blob/master/newdata.txt#L37; https://www.spec.org/cpu2017/results/,SpecInt 2017: 10.8 The repository converts SPEC CPU2017 integer speed to its SPECint2006-equivalent scale with a factor of 9.0.
obs-power-w-newdata-xeon-gold-6258-2020-02,newdata-xeon-gold-6258-2020-02,Xeon Gold 6258,Intel,historical processor dataset,cpu,cpu,2020-02-01,2020.083333,power_w,205,W,CPU TDP,direct,high,primary,,,,,,{},,eligible,https://github.com/karlrupp/microprocessor-trend-data/blob/master/newdata.txt#L37; https://www.spec.org/cpu2017/results/,SpecInt 2017: 10.8 The repository converts SPEC CPU2017 integer speed to its SPECint2006-equivalent scale with a factor of 9.0.
obs-cpu-physical-cores-newdata-xeon-gold-6258-2020-02,newdata-xeon-gold-6258-2020-02,Xeon Gold 6258,Intel,historical processor dataset,cpu,cpu,2020-02-01,2020.083333,cpu_physical_cores,28,physical cores,physical CPU cores,direct,high,repository_source,,,,,,{},,eligible,https://github.com/karlrupp/microprocessor-trend-data/blob/master/newdata.txt#L37; https://www.spec.org/cpu2017/results/,Twenty-eight physical cores; the legacy value of fifty-six was a hardware-thread count.
obs-gpu-compute-units-newdata-xeon-gold-6258-2020-02,newdata-xeon-gold-6258-2020-02,Xeon Gold 6258,Intel,historical processor dataset,cpu,cpu,2020-02-01,2020.083333,gpu_compute_units,,SMs / CUs / GPU cores,"vendor-native GPU unit count; SM, CU, or Apple GPU core",unresolved,unresolved,repository_source,,,,,,,,not_applicable_cpu,,No supported value found; retained as an explicit blank.
obs-cpu-single-thread-normalized-newdata-xeon-gold-6258-2020-02,newdata-xeon-gold-6258-2020-02,Xeon Gold 6258,Intel,historical processor dataset,cpu,cpu,2020-02-01,2020.083333,cpu_single_thread_normalized,97.2,normalized single-core index (legacy SPEC scale),one-copy benchmark normalized by the documented suite-specific continuity rule,normalized,high,primary,,,SPECspeed2017_int multiplied by 9,,,{},,eligible,https://github.com/karlrupp/microprocessor-trend-data/blob/master/newdata.txt#L37; https://www.spec.org/cpu2017/results/,SpecInt 2017: 10.8 The repository converts SPEC CPU2017 integer speed to its SPECint2006-equivalent scale with a factor of 9.0.
obs-cpu-multicore-rate2000-int-base-newdata-xeon-gold-6258-2020-02,newdata-xeon-gold-6258-2020-02,Xeon Gold 6258,Intel,historical processor dataset,cpu,cpu,2020-02-01,2020.083333,cpu_multicore_rate2000_int_base,,SPECint_rate_base2000 (one chip),measured integer throughput of one CPU package in a published system,unresolved,unresolved,repository_source,,,,,,,,unresolved,,No supported value found; retained as an explicit blank.
obs-cpu-multicore-rate2006-int-base-newdata-xeon-gold-6258-2020-02,newdata-xeon-gold-6258-2020-02,Xeon Gold 6258,Intel,historical processor dataset,cpu,cpu,2020-02-01,2020.083333,cpu_multicore_rate2006_int_base,,SPECint_rate_base2006 (one chip),measured integer throughput of one CPU package in a published system,unresolved,unresolved,repository_source,,,,,,,,unresolved,,No supported value found; retained as an explicit blank.
obs-cpu-multicore-rate2017-int-base-newdata-xeon-gold-6258-2020-02,newdata-xeon-gold-6258-2020-02,Xeon Gold 6258,Intel,historical processor dataset,cpu,cpu,2020-02-01,2020.083333,cpu_multicore_rate2017_int_base,,SPECrate2017_int_base (one chip),measured integer throughput of one CPU package in a published system,unresolved,unresolved,repository_source,,,,,,,,unresolved,,No supported value found; retained as an explicit blank.
obs-cpu-multicore-index-newdata-xeon-gold-6258-2020-02,newdata-xeon-gold-6258-2020-02,Xeon Gold 6258,Intel,historical processor dataset,cpu,cpu,2020-02-01,2020.083333,cpu_multicore_index,,estimated one-chip throughput index (2003=100),estimated integer-throughput index derived from a measured one-CPU-package SPEC rate,unresolved,unresolved,repository_source,,,,,,,,unresolved,,No supported value found; retained as an explicit blank.
obs-fp32-dense-peak-gflops-newdata-xeon-gold-6258-2020-02,newdata-xeon-gold-6258-2020-02,Xeon Gold 6258,Intel,historical processor dataset,cpu,cpu,2020-02-01,2020.083333,fp32_dense_peak_gflops,,GFLOP/s,dense non-tensor non-sparse FP32 vector peak,unresolved,unresolved,repository_source,,,,,,,,unresolved,,No supported value found; retained as an explicit blank.
obs-transistors-million-ampere-altra,ampere-altra,Ampere Altra,Ampere,server,cpu,cpu,2020-03-03,2020.172142,transistors_million,,million transistors,device or multi-die package transistor count,unresolved,unresolved,primary,,,,,,,,unresolved,,No supported value found; retained as an explicit blank.
obs-frequency-ghz-ampere-altra,ampere-altra,Ampere Altra,Ampere,server,cpu,cpu,2020-03-03,2020.172142,frequency_ghz,3.3,GHz,nominal/base clock unless source states otherwise,direct,direct,primary,,,,,,{},,eligible,https://amperecomputing.com/products/processors,
obs-power-w-ampere-altra,ampere-altra,Ampere Altra,Ampere,server,cpu,cpu,2020-03-03,2020.172142,power_w,210,W,CPU TDP,direct,direct,primary,,,,,,{},,eligible,https://amperecomputing.com/products/processors,
obs-cpu-physical-cores-ampere-altra,ampere-altra,Ampere Altra,Ampere,server,cpu,cpu,2020-03-03,2020.172142,cpu_physical_cores,80,physical cores,physical CPU cores,direct,direct,primary,,,,,,{},,eligible,https://amperecomputing.com/products/processors,
obs-gpu-compute-units-ampere-altra,ampere-altra,Ampere Altra,Ampere,server,cpu,cpu,2020-03-03,2020.172142,gpu_compute_units,,SMs / CUs / GPU cores,"vendor-native GPU unit count; SM, CU, or Apple GPU core",unresolved,unresolved,primary,,,,,,,,not_applicable_cpu,,No supported value found; retained as an explicit blank.
obs-cpu-single-thread-normalized-ampere-altra,ampere-altra,Ampere Altra,Ampere,server,cpu,cpu,2020-03-03,2020.172142,cpu_single_thread_normalized,,normalized single-core index (legacy SPEC scale),one-copy benchmark normalized by the documented suite-specific continuity rule,unresolved,unresolved,primary,,,,,,,,unresolved,,No supported value found; retained as an explicit blank.
obs-cpu-multicore-rate2000-int-base-ampere-altra,ampere-altra,Ampere Altra,Ampere,server,cpu,cpu,2020-03-03,2020.172142,cpu_multicore_rate2000_int_base,,SPECint_rate_base2000 (one chip),measured integer throughput of one CPU package in a published system,unresolved,unresolved,primary,,,,,,,,unresolved,,No supported value found; retained as an explicit blank.
obs-cpu-multicore-rate2006-int-base-ampere-altra,ampere-altra,Ampere Altra,Ampere,server,cpu,cpu,2020-03-03,2020.172142,cpu_multicore_rate2006_int_base,,SPECint_rate_base2006 (one chip),measured integer throughput of one CPU package in a published system,unresolved,unresolved,primary,,,,,,,,unresolved,,No supported value found; retained as an explicit blank.
obs-cpu-multicore-rate2017-int-base-ampere-altra,ampere-altra,Ampere Altra,Ampere,server,cpu,cpu,2020-03-03,2020.172142,cpu_multicore_rate2017_int_base,301,SPECrate2017_int_base (one chip),measured integer throughput of one CPU package in a published system,measured,direct,primary,SPECrate2017_int_base,301,,,,{},,supporting_raw_benchmark_not_plotted,https://www.spec.org/cpu2017/results/res2021q3/cpu2017-20210811-28660.html,Published one-chip system result: GIGABYTE R152-P30-00 (Altra Q80-33); hardware availability not recorded. Score belongs to this tested configuration and this SPEC suite only; scores from other suites are not comparable.
obs-cpu-multicore-index-ampere-altra,ampere-altra,Ampere Altra,Ampere,server,cpu,cpu,2020-03-03,2020.172142,cpu_multicore_index,31789.9716353,estimated one-chip throughput index (2003=100),estimated integer-throughput index derived from a measured one-CPU-package SPEC rate,normalized,medium,derived_from_primary,SPECrate2017_int_base,301.0,Educational index; POWER4+ 2003 one-chip SPECint_rate_base2000 15.2 = 100. Bridges use median log ratios of matched one-chip processor results; not an official SPEC conversion.,,,"{""base_index"": 100.0, ""base_score"": 15.2, ""cpu2000_to_cpu2006"": 0.4988558352402746, ""cpu2006_to_cpu2017"": 0.12486988466935224, ""denominator_for_suite"": 0.9468394733189144, ""raw_score"": 301.0}",base_index * raw_score / denominator_for_suite,eligible,https://open.spec.org/cpu2000/results/res2006q3/cpu2000-20060705-06399.html; https://open.spec.org/cpu2000/results/res2006q3/cpu2000-20060904-07199.html; https://spec.org/cpu2006/results/res2018q1/cpu2006-20171212-51326.pdf; https://www.spec.org/cpu2000/results/res2006q3/cpu2000-20060705-06403.pdf; https://www.spec.org/cpu2006/results/res2006q3/cpu2006-20060904-00079.pdf; https://www.spec.org/cpu2006/results/res2006q3/cpu2006-20060904-00082.pdf; https://www.spec.org/cpu2006/results/res2007q3/cpu2006-20070723-01554.pdf; https://www.spec.org/cpu2006/results/res2017q2/cpu2006-20170529-47129.html; https://www.spec.org/cpu2017/results/res2017q4/cpu2017-20171211-01450.html; https://www.spec.org/cpu2017/results/res2018q1/cpu2017-20171212-01664.html; https://www.spec.org/cpu2017/results/res2021q3/cpu2017-20210811-28660.html,Estimated cross-suite index from measured one-chip rate. Raw result and all bridge reports are retained; consult cpu-throughput-bridges.json. SPEC does not endorse cross-suite score conversion.
obs-fp32-dense-peak-gflops-ampere-altra,ampere-altra,Ampere Altra,Ampere,server,cpu,cpu,2020-03-03,2020.172142,fp32_dense_peak_gflops,,GFLOP/s,dense non-tensor non-sparse FP32 vector peak,unresolved,unresolved,primary,,,,,,,,unresolved,,No supported value found; retained as an explicit blank.
obs-transistors-million-nvidia-a100-sxm4,nvidia-a100-sxm4,NVIDIA A100 SXM4,NVIDIA,datacenter/HPC,gpu,gpu,2020-05-14,2020.368925,transistors_million,,million transistors,device or multi-die package transistor count,unresolved,unresolved,primary,,,,,,,,unresolved,,No supported value found; retained as an explicit blank.
obs-frequency-ghz-nvidia-a100-sxm4,nvidia-a100-sxm4,NVIDIA A100 SXM4,NVIDIA,datacenter/HPC,gpu,gpu,2020-05-14,2020.368925,frequency_ghz,,GHz,nominal/base clock unless source states otherwise,unresolved,unresolved,primary,,,,,,,,unresolved,,No supported value found; retained as an explicit blank.
obs-power-w-nvidia-a100-sxm4,nvidia-a100-sxm4,NVIDIA A100 SXM4,NVIDIA,datacenter/HPC,gpu,gpu,2020-05-14,2020.368925,power_w,400,W,GPU TBP/TDP,direct,direct,primary,,,,,,{},,eligible,https://www.nvidia.com/content/dam/en-zz/Solutions/Data-Center/a100/pdf/nvidia-a100-datasheet.pdf,
obs-cpu-physical-cores-nvidia-a100-sxm4,nvidia-a100-sxm4,NVIDIA A100 SXM4,NVIDIA,datacenter/HPC,gpu,gpu,2020-05-14,2020.368925,cpu_physical_cores,,physical cores,physical CPU cores,unresolved,unresolved,primary,,,,,,,,not_applicable_gpu,,No supported value found; retained as an explicit blank.
obs-gpu-compute-units-nvidia-a100-sxm4,nvidia-a100-sxm4,NVIDIA A100 SXM4,NVIDIA,datacenter/HPC,gpu,discrete_gpu,2020-05-14,2020.368925,gpu_compute_units,108,SMs / CUs / GPU cores,"vendor-native GPU unit count; SM, CU, or Apple GPU core",direct,direct,primary,,,,,,{},,supporting_noncomparable_not_plotted,https://www.nvidia.com/content/dam/en-zz/Solutions/Data-Center/a100/pdf/nvidia-a100-datasheet.pdf,
obs-cpu-single-thread-normalized-nvidia-a100-sxm4,nvidia-a100-sxm4,NVIDIA A100 SXM4,NVIDIA,datacenter/HPC,gpu,gpu,2020-05-14,2020.368925,cpu_single_thread_normalized,,normalized single-core index (legacy SPEC scale),one-copy benchmark normalized by the documented suite-specific continuity rule,unresolved,unresolved,primary,,,,,,,,not_applicable_gpu,,No supported value found; retained as an explicit blank.
obs-cpu-multicore-rate2000-int-base-nvidia-a100-sxm4,nvidia-a100-sxm4,NVIDIA A100 SXM4,NVIDIA,datacenter/HPC,gpu,gpu,2020-05-14,2020.368925,cpu_multicore_rate2000_int_base,,SPECint_rate_base2000 (one chip),measured integer throughput of one CPU package in a published system,unresolved,unresolved,primary,,,,,,,,not_applicable_gpu,,No supported value found; retained as an explicit blank.
obs-cpu-multicore-rate2006-int-base-nvidia-a100-sxm4,nvidia-a100-sxm4,NVIDIA A100 SXM4,NVIDIA,datacenter/HPC,gpu,gpu,2020-05-14,2020.368925,cpu_multicore_rate2006_int_base,,SPECint_rate_base2006 (one chip),measured integer throughput of one CPU package in a published system,unresolved,unresolved,primary,,,,,,,,not_applicable_gpu,,No supported value found; retained as an explicit blank.
obs-cpu-multicore-rate2017-int-base-nvidia-a100-sxm4,nvidia-a100-sxm4,NVIDIA A100 SXM4,NVIDIA,datacenter/HPC,gpu,gpu,2020-05-14,2020.368925,cpu_multicore_rate2017_int_base,,SPECrate2017_int_base (one chip),measured integer throughput of one CPU package in a published system,unresolved,unresolved,primary,,,,,,,,not_applicable_gpu,,No supported value found; retained as an explicit blank.
obs-cpu-multicore-index-nvidia-a100-sxm4,nvidia-a100-sxm4,NVIDIA A100 SXM4,NVIDIA,datacenter/HPC,gpu,gpu,2020-05-14,2020.368925,cpu_multicore_index,,estimated one-chip throughput index (2003=100),estimated integer-throughput index derived from a measured one-CPU-package SPEC rate,unresolved,unresolved,primary,,,,,,,,not_applicable_gpu,,No supported value found; retained as an explicit blank.
obs-fp32-dense-peak-gflops-nvidia-a100-sxm4,nvidia-a100-sxm4,NVIDIA A100 SXM4,NVIDIA,datacenter/HPC,gpu,discrete_gpu,2020-05-14,2020.368925,fp32_dense_peak_gflops,19500,GFLOP/s,dense non-tensor non-sparse FP32 vector peak,direct,direct,primary,,,,FP32 vector dense,,{},,eligible,https://www.nvidia.com/content/dam/en-zz/Solutions/Data-Center/a100/pdf/nvidia-a100-datasheet.pdf,
obs-transistors-million-fujitsu-a64fx,fujitsu-a64fx,Fujitsu A64FX,Fujitsu,hpc,manycore,manycore,2020-06-22,2020.474162,transistors_million,8786,million transistors,device or multi-die package transistor count,direct,direct,primary,,,,,,{},,eligible,https://www.fujitsu.com/downloads/SUPER/a64fx/a64fx_datasheet_en.pdf,
obs-frequency-ghz-fujitsu-a64fx,fujitsu-a64fx,Fujitsu A64FX,Fujitsu,hpc,manycore,manycore,2020-06-22,2020.474162,frequency_ghz,2.2,GHz,nominal/base clock unless source states otherwise,direct,direct,primary,,,,,,{},,eligible,https://www.fujitsu.com/downloads/SUPER/a64fx/a64fx_datasheet_en.pdf,
obs-power-w-fujitsu-a64fx,fujitsu-a64fx,Fujitsu A64FX,Fujitsu,hpc,manycore,manycore,2020-06-22,2020.474162,power_w,,W,package power,unresolved,unresolved,primary,,,,,,,,unresolved,,No supported value found; retained as an explicit blank.
obs-cpu-physical-cores-fujitsu-a64fx,fujitsu-a64fx,Fujitsu A64FX,Fujitsu,hpc,manycore,manycore,2020-06-22,2020.474162,cpu_physical_cores,48,physical cores,physical CPU cores,direct,direct,primary,,,,,,{},,supporting_noncomparable_not_plotted,https://www.fujitsu.com/downloads/SUPER/a64fx/a64fx_datasheet_en.pdf,
obs-gpu-compute-units-fujitsu-a64fx,fujitsu-a64fx,Fujitsu A64FX,Fujitsu,hpc,manycore,manycore,2020-06-22,2020.474162,gpu_compute_units,,SMs / CUs / GPU cores,"vendor-native GPU unit count; SM, CU, or Apple GPU core",unresolved,unresolved,primary,,,,,,,,not_applicable_cpu,,No supported value found; retained as an explicit blank.
obs-cpu-single-thread-normalized-fujitsu-a64fx,fujitsu-a64fx,Fujitsu A64FX,Fujitsu,hpc,manycore,manycore,2020-06-22,2020.474162,cpu_single_thread_normalized,,normalized single-core index (legacy SPEC scale),one-copy benchmark normalized by the documented suite-specific continuity rule,unresolved,unresolved,primary,,,,,,,,unresolved,,No supported value found; retained as an explicit blank.
obs-cpu-multicore-rate2000-int-base-fujitsu-a64fx,fujitsu-a64fx,Fujitsu A64FX,Fujitsu,hpc,manycore,manycore,2020-06-22,2020.474162,cpu_multicore_rate2000_int_base,,SPECint_rate_base2000 (one chip),measured integer throughput of one CPU package in a published system,unresolved,unresolved,primary,,,,,,,,unresolved,,No supported value found; retained as an explicit blank.
obs-cpu-multicore-rate2006-int-base-fujitsu-a64fx,fujitsu-a64fx,Fujitsu A64FX,Fujitsu,hpc,manycore,manycore,2020-06-22,2020.474162,cpu_multicore_rate2006_int_base,,SPECint_rate_base2006 (one chip),measured integer throughput of one CPU package in a published system,unresolved,unresolved,primary,,,,,,,,unresolved,,No supported value found; retained as an explicit blank.
obs-cpu-multicore-rate2017-int-base-fujitsu-a64fx,fujitsu-a64fx,Fujitsu A64FX,Fujitsu,hpc,manycore,manycore,2020-06-22,2020.474162,cpu_multicore_rate2017_int_base,,SPECrate2017_int_base (one chip),measured integer throughput of one CPU package in a published system,unresolved,unresolved,primary,,,,,,,,unresolved,,No supported value found; retained as an explicit blank.
obs-cpu-multicore-index-fujitsu-a64fx,fujitsu-a64fx,Fujitsu A64FX,Fujitsu,hpc,manycore,manycore,2020-06-22,2020.474162,cpu_multicore_index,,estimated one-chip throughput index (2003=100),estimated integer-throughput index derived from a measured one-CPU-package SPEC rate,unresolved,unresolved,primary,,,,,,,,unresolved,,No supported value found; retained as an explicit blank.
obs-fp32-dense-peak-gflops-fujitsu-a64fx,fujitsu-a64fx,Fujitsu A64FX,Fujitsu,hpc,manycore,manycore,2020-06-22,2020.474162,fp32_dense_peak_gflops,6758.4,GFLOP/s,dense non-tensor non-sparse FP32 vector peak,direct,direct,primary,,,,FP32 vector dense,,{},,eligible,https://www.fujitsu.com/downloads/SUPER/a64fx/a64fx_datasheet_en.pdf,
obs-transistors-million-newdata-m1-2020-09,newdata-m1-2020-09,Apple M1,Apple,client,soc,soc_package,2020-11-10,2020.857974,transistors_million,16000,million transistors,device or multi-die package transistor count,direct,direct,primary,,,,,,{},,eligible,https://www.apple.com/newsroom/2020/11/apple-unleashes-m1/,
obs-frequency-ghz-newdata-m1-2020-09,newdata-m1-2020-09,Apple M1,Apple,client,soc,soc_package,2020-11-10,2020.857974,frequency_ghz,3.2,GHz,nominal/base clock unless source states otherwise,direct,high,primary,,,,,,{},,eligible,https://github.com/karlrupp/microprocessor-trend-data/blob/master/newdata.txt#L38; https://www.anandtech.com/show/16252/mac-mini-apple-m1-tested/4,Converted from AnandTech's estimated SPECint2017 single-thread score using the repository's 9.0 factor: 6.66 x 9 = 59.94. This was not an official SPEC submission.
obs-power-w-newdata-m1-2020-09,newdata-m1-2020-09,Apple M1,Apple,client,soc,soc_package,2020-11-10,2020.857974,power_w,28,W,SoC package power,direct,high,primary,,,,,,{},,eligible,https://github.com/karlrupp/microprocessor-trend-data/blob/master/newdata.txt#L38; https://www.anandtech.com/show/16252/mac-mini-apple-m1-tested/4,Converted from AnandTech's estimated SPECint2017 single-thread score using the repository's 9.0 factor: 6.66 x 9 = 59.94. This was not an official SPEC submission.
obs-cpu-physical-cores-newdata-m1-2020-09,newdata-m1-2020-09,Apple M1,Apple,client,soc,cpu,2020-11-10,2020.857974,cpu_physical_cores,8,physical cores,physical CPU cores,direct,direct,primary,,,,,,{},,eligible,https://www.apple.com/newsroom/2020/11/apple-unleashes-m1/,
obs-gpu-compute-units-newdata-m1-2020-09,newdata-m1-2020-09,Apple M1,Apple,client,soc,integrated_gpu,2020-11-10,2020.857974,gpu_compute_units,8,SMs / CUs / GPU cores,"vendor-native GPU unit count; SM, CU, or Apple GPU core",direct,direct,primary,,,,,,{},,supporting_noncomparable_not_plotted,https://www.apple.com/newsroom/2020/11/apple-unleashes-m1/,
obs-cpu-single-thread-normalized-newdata-m1-2020-09,newdata-m1-2020-09,Apple M1,Apple,client,soc,cpu,2020-11-10,2020.857974,cpu_single_thread_normalized,59.9,normalized single-core index (legacy SPEC scale),one-copy benchmark normalized by the documented suite-specific continuity rule,normalized,medium,derived_from_benchmark_and_legacy_anchor,Geekbench 7 single-core,2190,"59.9 * Geekbench 7 single-core score / 2190 (M1 anchor); approximate index, not a SPEC result",,,"{""anchor_index"": 59.9, ""anchor_raw_score"": 2190.0, ""raw_score"": 2190}","round(anchor_index * raw_score / anchor_raw_score, 1)",eligible,https://browser.geekbench.com/mac-benchmarks; https://github.com/karlrupp/microprocessor-trend-data/blob/master/newdata.txt#L38; https://www.anandtech.com/show/16252/mac-mini-apple-m1-tested/4; https://www.apple.com/newsroom/2020/11/apple-unleashes-m1/,"Mac mini (Late 2020), M1 8-core CPU; Geekbench's Mac-chart average, requiring at least five unique submissions. Recorded 2026-09-23. The M1 anchor is the legacy graph's estimated SPECint continuity value; the cross-benchmark ratio is an illustrative trend estimate, not an official SPEC conversion."
obs-cpu-multicore-rate2000-int-base-newdata-m1-2020-09,newdata-m1-2020-09,Apple M1,Apple,client,soc,cpu,2020-11-10,2020.857974,cpu_multicore_rate2000_int_base,,SPECint_rate_base2000 (one chip),measured integer throughput of one CPU package in a published system,unresolved,unresolved,primary+legacy,,,,,,,,unresolved,,No supported value found; retained as an explicit blank.
obs-cpu-multicore-rate2006-int-base-newdata-m1-2020-09,newdata-m1-2020-09,Apple M1,Apple,client,soc,cpu,2020-11-10,2020.857974,cpu_multicore_rate2006_int_base,,SPECint_rate_base2006 (one chip),measured integer throughput of one CPU package in a published system,unresolved,unresolved,primary+legacy,,,,,,,,unresolved,,No supported value found; retained as an explicit blank.
obs-cpu-multicore-rate2017-int-base-newdata-m1-2020-09,newdata-m1-2020-09,Apple M1,Apple,client,soc,cpu,2020-11-10,2020.857974,cpu_multicore_rate2017_int_base,,SPECrate2017_int_base (one chip),measured integer throughput of one CPU package in a published system,unresolved,unresolved,primary+legacy,,,,,,,,unresolved,,No supported value found; retained as an explicit blank.
obs-cpu-multicore-index-newdata-m1-2020-09,newdata-m1-2020-09,Apple M1,Apple,client,soc,cpu,2020-11-10,2020.857974,cpu_multicore_index,,estimated one-chip throughput index (2003=100),estimated integer-throughput index derived from a measured one-CPU-package SPEC rate,unresolved,unresolved,primary+legacy,,,,,,,,unresolved,,No supported value found; retained as an explicit blank.
obs-fp32-dense-peak-gflops-newdata-m1-2020-09,newdata-m1-2020-09,Apple M1,Apple,client,soc,integrated_gpu,2020-11-10,2020.857974,fp32_dense_peak_gflops,,GFLOP/s,dense non-tensor non-sparse FP32 vector peak,unresolved,unresolved,primary+legacy,,,,,,,,unresolved,,No supported value found; retained as an explicit blank.
obs-transistors-million-amd-instinct-mi100,amd-instinct-mi100,AMD Instinct MI100,AMD,datacenter/HPC,gpu,gpu,2020-11-16,2020.874401,transistors_million,,million transistors,device or multi-die package transistor count,unresolved,unresolved,primary,,,,,,,,unresolved,,No supported value found; retained as an explicit blank.
obs-frequency-ghz-amd-instinct-mi100,amd-instinct-mi100,AMD Instinct MI100,AMD,datacenter/HPC,gpu,gpu,2020-11-16,2020.874401,frequency_ghz,,GHz,nominal/base clock unless source states otherwise,unresolved,unresolved,primary,,,,,,,,unresolved,,No supported value found; retained as an explicit blank.
obs-power-w-amd-instinct-mi100,amd-instinct-mi100,AMD Instinct MI100,AMD,datacenter/HPC,gpu,gpu,2020-11-16,2020.874401,power_w,300,W,GPU TBP/TDP,direct,direct,primary,,,,,,{},,eligible,https://www.amd.com/content/dam/amd/en/documents/instinct-tech-docs/product-briefs/amd-instinct-gpu-family-brochure.pdf,
obs-cpu-physical-cores-amd-instinct-mi100,amd-instinct-mi100,AMD Instinct MI100,AMD,datacenter/HPC,gpu,gpu,2020-11-16,2020.874401,cpu_physical_cores,,physical cores,physical CPU cores,unresolved,unresolved,primary,,,,,,,,not_applicable_gpu,,No supported value found; retained as an explicit blank.
obs-gpu-compute-units-amd-instinct-mi100,amd-instinct-mi100,AMD Instinct MI100,AMD,datacenter/HPC,gpu,discrete_gpu,2020-11-16,2020.874401,gpu_compute_units,120,SMs / CUs / GPU cores,"vendor-native GPU unit count; SM, CU, or Apple GPU core",direct,direct,primary,,,,,,{},,supporting_noncomparable_not_plotted,https://www.amd.com/content/dam/amd/en/documents/instinct-tech-docs/product-briefs/amd-instinct-gpu-family-brochure.pdf,
obs-cpu-single-thread-normalized-amd-instinct-mi100,amd-instinct-mi100,AMD Instinct MI100,AMD,datacenter/HPC,gpu,gpu,2020-11-16,2020.874401,cpu_single_thread_normalized,,normalized single-core index (legacy SPEC scale),one-copy benchmark normalized by the documented suite-specific continuity rule,unresolved,unresolved,primary,,,,,,,,not_applicable_gpu,,No supported value found; retained as an explicit blank.
obs-cpu-multicore-rate2000-int-base-amd-instinct-mi100,amd-instinct-mi100,AMD Instinct MI100,AMD,datacenter/HPC,gpu,gpu,2020-11-16,2020.874401,cpu_multicore_rate2000_int_base,,SPECint_rate_base2000 (one chip),measured integer throughput of one CPU package in a published system,unresolved,unresolved,primary,,,,,,,,not_applicable_gpu,,No supported value found; retained as an explicit blank.
obs-cpu-multicore-rate2006-int-base-amd-instinct-mi100,amd-instinct-mi100,AMD Instinct MI100,AMD,datacenter/HPC,gpu,gpu,2020-11-16,2020.874401,cpu_multicore_rate2006_int_base,,SPECint_rate_base2006 (one chip),measured integer throughput of one CPU package in a published system,unresolved,unresolved,primary,,,,,,,,not_applicable_gpu,,No supported value found; retained as an explicit blank.
obs-cpu-multicore-rate2017-int-base-amd-instinct-mi100,amd-instinct-mi100,AMD Instinct MI100,AMD,datacenter/HPC,gpu,gpu,2020-11-16,2020.874401,cpu_multicore_rate2017_int_base,,SPECrate2017_int_base (one chip),measured integer throughput of one CPU package in a published system,unresolved,unresolved,primary,,,,,,,,not_applicable_gpu,,No supported value found; retained as an explicit blank.
obs-cpu-multicore-index-amd-instinct-mi100,amd-instinct-mi100,AMD Instinct MI100,AMD,datacenter/HPC,gpu,gpu,2020-11-16,2020.874401,cpu_multicore_index,,estimated one-chip throughput index (2003=100),estimated integer-throughput index derived from a measured one-CPU-package SPEC rate,unresolved,unresolved,primary,,,,,,,,not_applicable_gpu,,No supported value found; retained as an explicit blank.
obs-fp32-dense-peak-gflops-amd-instinct-mi100,amd-instinct-mi100,AMD Instinct MI100,AMD,datacenter/HPC,gpu,discrete_gpu,2020-11-16,2020.874401,fp32_dense_peak_gflops,23100,GFLOP/s,dense non-tensor non-sparse FP32 vector peak,direct,direct,primary,,,,FP32 vector dense,,{},,eligible,https://www.amd.com/content/dam/amd/en/documents/instinct-tech-docs/product-briefs/amd-instinct-gpu-family-brochure.pdf,
obs-transistors-million-newdata-xeon-pl-8380-2021-03,newdata-xeon-pl-8380-2021-03,Xeon Pl. 8380,Intel,historical processor dataset,cpu,cpu,2021-03-01,2021.166667,transistors_million,,million transistors,device or multi-die package transistor count,unresolved,unresolved,repository_source,,,,,,,,unresolved,,No supported value found; retained as an explicit blank.
obs-frequency-ghz-newdata-xeon-pl-8380-2021-03,newdata-xeon-pl-8380-2021-03,Xeon Pl. 8380,Intel,historical processor dataset,cpu,cpu,2021-03-01,2021.166667,frequency_ghz,2.3,GHz,nominal/base clock unless source states otherwise,direct,high,primary,,,,,,{},,eligible,https://github.com/karlrupp/microprocessor-trend-data/blob/master/newdata.txt#L39; https://www.spec.org/cpu2017/results/,SpecInt 2017: 11.7 The repository converts SPEC CPU2017 integer speed to its SPECint2006-equivalent scale with a factor of 9.0.
obs-power-w-newdata-xeon-pl-8380-2021-03,newdata-xeon-pl-8380-2021-03,Xeon Pl. 8380,Intel,historical processor dataset,cpu,cpu,2021-03-01,2021.166667,power_w,290,W,CPU TDP,direct,high,primary,,,,,,{},,eligible,https://github.com/karlrupp/microprocessor-trend-data/blob/master/newdata.txt#L39; https://www.spec.org/cpu2017/results/,SpecInt 2017: 11.7 The repository converts SPEC CPU2017 integer speed to its SPECint2006-equivalent scale with a factor of 9.0.
obs-cpu-physical-cores-newdata-xeon-pl-8380-2021-03,newdata-xeon-pl-8380-2021-03,Xeon Pl. 8380,Intel,historical processor dataset,cpu,cpu,2021-03-01,2021.166667,cpu_physical_cores,40,physical cores,physical CPU cores,direct,high,repository_source,,,,,,{},,eligible,https://github.com/karlrupp/microprocessor-trend-data/blob/master/newdata.txt#L39; https://www.spec.org/cpu2017/results/,Forty physical cores; the legacy value of eighty was a hardware-thread count.
obs-gpu-compute-units-newdata-xeon-pl-8380-2021-03,newdata-xeon-pl-8380-2021-03,Xeon Pl. 8380,Intel,historical processor dataset,cpu,cpu,2021-03-01,2021.166667,gpu_compute_units,,SMs / CUs / GPU cores,"vendor-native GPU unit count; SM, CU, or Apple GPU core",unresolved,unresolved,repository_source,,,,,,,,not_applicable_cpu,,No supported value found; retained as an explicit blank.
obs-cpu-single-thread-normalized-newdata-xeon-pl-8380-2021-03,newdata-xeon-pl-8380-2021-03,Xeon Pl. 8380,Intel,historical processor dataset,cpu,cpu,2021-03-01,2021.166667,cpu_single_thread_normalized,105.3,normalized single-core index (legacy SPEC scale),one-copy benchmark normalized by the documented suite-specific continuity rule,normalized,high,primary,,,SPECspeed2017_int multiplied by 9,,,{},,eligible,https://github.com/karlrupp/microprocessor-trend-data/blob/master/newdata.txt#L39; https://www.spec.org/cpu2017/results/,SpecInt 2017: 11.7 The repository converts SPEC CPU2017 integer speed to its SPECint2006-equivalent scale with a factor of 9.0.
obs-cpu-multicore-rate2000-int-base-newdata-xeon-pl-8380-2021-03,newdata-xeon-pl-8380-2021-03,Xeon Pl. 8380,Intel,historical processor dataset,cpu,cpu,2021-03-01,2021.166667,cpu_multicore_rate2000_int_base,,SPECint_rate_base2000 (one chip),measured integer throughput of one CPU package in a published system,unresolved,unresolved,repository_source,,,,,,,,unresolved,,No supported value found; retained as an explicit blank.
obs-cpu-multicore-rate2006-int-base-newdata-xeon-pl-8380-2021-03,newdata-xeon-pl-8380-2021-03,Xeon Pl. 8380,Intel,historical processor dataset,cpu,cpu,2021-03-01,2021.166667,cpu_multicore_rate2006_int_base,,SPECint_rate_base2006 (one chip),measured integer throughput of one CPU package in a published system,unresolved,unresolved,repository_source,,,,,,,,unresolved,,No supported value found; retained as an explicit blank.
obs-cpu-multicore-rate2017-int-base-newdata-xeon-pl-8380-2021-03,newdata-xeon-pl-8380-2021-03,Xeon Pl. 8380,Intel,historical processor dataset,cpu,cpu,2021-03-01,2021.166667,cpu_multicore_rate2017_int_base,,SPECrate2017_int_base (one chip),measured integer throughput of one CPU package in a published system,unresolved,unresolved,repository_source,,,,,,,,unresolved,,No supported value found; retained as an explicit blank.
obs-cpu-multicore-index-newdata-xeon-pl-8380-2021-03,newdata-xeon-pl-8380-2021-03,Xeon Pl. 8380,Intel,historical processor dataset,cpu,cpu,2021-03-01,2021.166667,cpu_multicore_index,,estimated one-chip throughput index (2003=100),estimated integer-throughput index derived from a measured one-CPU-package SPEC rate,unresolved,unresolved,repository_source,,,,,,,,unresolved,,No supported value found; retained as an explicit blank.
obs-fp32-dense-peak-gflops-newdata-xeon-pl-8380-2021-03,newdata-xeon-pl-8380-2021-03,Xeon Pl. 8380,Intel,historical processor dataset,cpu,cpu,2021-03-01,2021.166667,fp32_dense_peak_gflops,,GFLOP/s,dense non-tensor non-sparse FP32 vector peak,unresolved,unresolved,repository_source,,,,,,,,unresolved,,No supported value found; retained as an explicit blank.
obs-transistors-million-ampere-altra-max,ampere-altra-max,Ampere Altra Max,Ampere,server,cpu,cpu,2021-03-04,2021.174880,transistors_million,,million transistors,device or multi-die package transistor count,unresolved,unresolved,primary,,,,,,,,unresolved,,No supported value found; retained as an explicit blank.
obs-frequency-ghz-ampere-altra-max,ampere-altra-max,Ampere Altra Max,Ampere,server,cpu,cpu,2021-03-04,2021.174880,frequency_ghz,3,GHz,nominal/base clock unless source states otherwise,direct,direct,primary,,,,,,{},,eligible,https://amperecomputing.com/products/processors; https://amperecomputing.com/assets/Altra_Max_Rev_A1_PB_v1_05_20220728_8e27a0845f.pdf,
obs-power-w-ampere-altra-max,ampere-altra-max,Ampere Altra Max,Ampere,server,cpu,cpu,2021-03-04,2021.174880,power_w,250,W,CPU TDP,direct,direct,primary,,,,,,{},,eligible,https://amperecomputing.com/products/processors; https://amperecomputing.com/assets/Altra_Max_Rev_A1_PB_v1_05_20220728_8e27a0845f.pdf,
obs-cpu-physical-cores-ampere-altra-max,ampere-altra-max,Ampere Altra Max,Ampere,server,cpu,cpu,2021-03-04,2021.174880,cpu_physical_cores,128,physical cores,physical CPU cores,direct,direct,primary,,,,,,{},,eligible,https://amperecomputing.com/products/processors; https://amperecomputing.com/assets/Altra_Max_Rev_A1_PB_v1_05_20220728_8e27a0845f.pdf,
obs-gpu-compute-units-ampere-altra-max,ampere-altra-max,Ampere Altra Max,Ampere,server,cpu,cpu,2021-03-04,2021.174880,gpu_compute_units,,SMs / CUs / GPU cores,"vendor-native GPU unit count; SM, CU, or Apple GPU core",unresolved,unresolved,primary,,,,,,,,not_applicable_cpu,,No supported value found; retained as an explicit blank.
obs-cpu-single-thread-normalized-ampere-altra-max,ampere-altra-max,Ampere Altra Max,Ampere,server,cpu,cpu,2021-03-04,2021.174880,cpu_single_thread_normalized,,normalized single-core index (legacy SPEC scale),one-copy benchmark normalized by the documented suite-specific continuity rule,unresolved,unresolved,primary,,,,,,,,unresolved,,No supported value found; retained as an explicit blank.
obs-cpu-multicore-rate2000-int-base-ampere-altra-max,ampere-altra-max,Ampere Altra Max,Ampere,server,cpu,cpu,2021-03-04,2021.174880,cpu_multicore_rate2000_int_base,,SPECint_rate_base2000 (one chip),measured integer throughput of one CPU package in a published system,unresolved,unresolved,primary,,,,,,,,unresolved,,No supported value found; retained as an explicit blank.
obs-cpu-multicore-rate2006-int-base-ampere-altra-max,ampere-altra-max,Ampere Altra Max,Ampere,server,cpu,cpu,2021-03-04,2021.174880,cpu_multicore_rate2006_int_base,,SPECint_rate_base2006 (one chip),measured integer throughput of one CPU package in a published system,unresolved,unresolved,primary,,,,,,,,unresolved,,No supported value found; retained as an explicit blank.
obs-cpu-multicore-rate2017-int-base-ampere-altra-max,ampere-altra-max,Ampere Altra Max,Ampere,server,cpu,cpu,2021-03-04,2021.174880,cpu_multicore_rate2017_int_base,356,SPECrate2017_int_base (one chip),measured integer throughput of one CPU package in a published system,measured,direct,primary,SPECrate2017_int_base,356,,,,{},,supporting_raw_benchmark_not_plotted,https://www.spec.org/cpu2017/results/res2022q4/cpu2017-20221205-32963.html,Published one-chip system result: Supermicro ARS-210M-NR (Altra Max M128-30); hardware availability not recorded. Score belongs to this tested configuration and this SPEC suite only; scores from other suites are not comparable.
obs-cpu-multicore-index-ampere-altra-max,ampere-altra-max,Ampere Altra Max,Ampere,server,cpu,cpu,2021-03-04,2021.174880,cpu_multicore_index,37598.7704391,estimated one-chip throughput index (2003=100),estimated integer-throughput index derived from a measured one-CPU-package SPEC rate,normalized,medium,derived_from_primary,SPECrate2017_int_base,356.0,Educational index; POWER4+ 2003 one-chip SPECint_rate_base2000 15.2 = 100. Bridges use median log ratios of matched one-chip processor results; not an official SPEC conversion.,,,"{""base_index"": 100.0, ""base_score"": 15.2, ""cpu2000_to_cpu2006"": 0.4988558352402746, ""cpu2006_to_cpu2017"": 0.12486988466935224, ""denominator_for_suite"": 0.9468394733189144, ""raw_score"": 356.0}",base_index * raw_score / denominator_for_suite,eligible,https://open.spec.org/cpu2000/results/res2006q3/cpu2000-20060705-06399.html; https://open.spec.org/cpu2000/results/res2006q3/cpu2000-20060904-07199.html; https://spec.org/cpu2006/results/res2018q1/cpu2006-20171212-51326.pdf; https://www.spec.org/cpu2000/results/res2006q3/cpu2000-20060705-06403.pdf; https://www.spec.org/cpu2006/results/res2006q3/cpu2006-20060904-00079.pdf; https://www.spec.org/cpu2006/results/res2006q3/cpu2006-20060904-00082.pdf; https://www.spec.org/cpu2006/results/res2007q3/cpu2006-20070723-01554.pdf; https://www.spec.org/cpu2006/results/res2017q2/cpu2006-20170529-47129.html; https://www.spec.org/cpu2017/results/res2017q4/cpu2017-20171211-01450.html; https://www.spec.org/cpu2017/results/res2018q1/cpu2017-20171212-01664.html; https://www.spec.org/cpu2017/results/res2022q4/cpu2017-20221205-32963.html,Estimated cross-suite index from measured one-chip rate. Raw result and all bridge reports are retained; consult cpu-throughput-bridges.json. SPEC does not endorse cross-suite score conversion.
obs-fp32-dense-peak-gflops-ampere-altra-max,ampere-altra-max,Ampere Altra Max,Ampere,server,cpu,cpu,2021-03-04,2021.174880,fp32_dense_peak_gflops,,GFLOP/s,dense non-tensor non-sparse FP32 vector peak,unresolved,unresolved,primary,,,,,,,,unresolved,,No supported value found; retained as an explicit blank.
obs-transistors-million-amd-epyc-7763,amd-epyc-7763,AMD EPYC 7763,AMD,server,cpu,cpu,2021-03-15,2021.204997,transistors_million,,million transistors,device or multi-die package transistor count,unresolved,unresolved,primary,,,,,,,,unresolved,,No supported value found; retained as an explicit blank.
obs-frequency-ghz-amd-epyc-7763,amd-epyc-7763,AMD EPYC 7763,AMD,server,cpu,cpu,2021-03-15,2021.204997,frequency_ghz,2.45,GHz,nominal/base clock unless source states otherwise,direct,direct,primary,,,,,,{},,eligible,https://www.amd.com/en/products/processors/server/epyc/7003-series.html,
obs-power-w-amd-epyc-7763,amd-epyc-7763,AMD EPYC 7763,AMD,server,cpu,cpu,2021-03-15,2021.204997,power_w,280,W,CPU TDP,direct,direct,primary,,,,,,{},,eligible,https://www.amd.com/en/products/processors/server/epyc/7003-series.html,
obs-cpu-physical-cores-amd-epyc-7763,amd-epyc-7763,AMD EPYC 7763,AMD,server,cpu,cpu,2021-03-15,2021.204997,cpu_physical_cores,64,physical cores,physical CPU cores,direct,direct,primary,,,,,,{},,eligible,https://www.amd.com/en/products/processors/server/epyc/7003-series.html,
obs-gpu-compute-units-amd-epyc-7763,amd-epyc-7763,AMD EPYC 7763,AMD,server,cpu,cpu,2021-03-15,2021.204997,gpu_compute_units,,SMs / CUs / GPU cores,"vendor-native GPU unit count; SM, CU, or Apple GPU core",unresolved,unresolved,primary,,,,,,,,not_applicable_cpu,,No supported value found; retained as an explicit blank.
obs-cpu-single-thread-normalized-amd-epyc-7763,amd-epyc-7763,AMD EPYC 7763,AMD,server,cpu,cpu,2021-03-15,2021.204997,cpu_single_thread_normalized,,normalized single-core index (legacy SPEC scale),one-copy benchmark normalized by the documented suite-specific continuity rule,unresolved,unresolved,primary,,,,,,,,unresolved,,No supported value found; retained as an explicit blank.
obs-cpu-multicore-rate2000-int-base-amd-epyc-7763,amd-epyc-7763,AMD EPYC 7763,AMD,server,cpu,cpu,2021-03-15,2021.204997,cpu_multicore_rate2000_int_base,,SPECint_rate_base2000 (one chip),measured integer throughput of one CPU package in a published system,unresolved,unresolved,primary,,,,,,,,unresolved,,No supported value found; retained as an explicit blank.
obs-cpu-multicore-rate2006-int-base-amd-epyc-7763,amd-epyc-7763,AMD EPYC 7763,AMD,server,cpu,cpu,2021-03-15,2021.204997,cpu_multicore_rate2006_int_base,,SPECint_rate_base2006 (one chip),measured integer throughput of one CPU package in a published system,unresolved,unresolved,primary,,,,,,,,unresolved,,No supported value found; retained as an explicit blank.
obs-cpu-multicore-rate2017-int-base-amd-epyc-7763,amd-epyc-7763,AMD EPYC 7763,AMD,server,cpu,cpu,2021-03-15,2021.204997,cpu_multicore_rate2017_int_base,426,SPECrate2017_int_base (one chip),measured integer throughput of one CPU package in a published system,measured,direct,primary,SPECrate2017_int_base,426,,,,{},,supporting_raw_benchmark_not_plotted,https://www.spec.org/cpu2017/results/res2021q3/cpu2017-20210622-27665.html,Published one-chip system result: Cisco UCS C245 M6; hardware availability not recorded. Score belongs to this tested configuration and this SPEC suite only; scores from other suites are not comparable.
obs-cpu-multicore-index-amd-epyc-7763,amd-epyc-7763,AMD EPYC 7763,AMD,server,cpu,cpu,2021-03-15,2021.204997,cpu_multicore_index,44991.7870985,estimated one-chip throughput index (2003=100),estimated integer-throughput index derived from a measured one-CPU-package SPEC rate,normalized,medium,derived_from_primary,SPECrate2017_int_base,426.0,Educational index; POWER4+ 2003 one-chip SPECint_rate_base2000 15.2 = 100. Bridges use median log ratios of matched one-chip processor results; not an official SPEC conversion.,,,"{""base_index"": 100.0, ""base_score"": 15.2, ""cpu2000_to_cpu2006"": 0.4988558352402746, ""cpu2006_to_cpu2017"": 0.12486988466935224, ""denominator_for_suite"": 0.9468394733189144, ""raw_score"": 426.0}",base_index * raw_score / denominator_for_suite,eligible,https://open.spec.org/cpu2000/results/res2006q3/cpu2000-20060705-06399.html; https://open.spec.org/cpu2000/results/res2006q3/cpu2000-20060904-07199.html; https://spec.org/cpu2006/results/res2018q1/cpu2006-20171212-51326.pdf; https://www.spec.org/cpu2000/results/res2006q3/cpu2000-20060705-06403.pdf; https://www.spec.org/cpu2006/results/res2006q3/cpu2006-20060904-00079.pdf; https://www.spec.org/cpu2006/results/res2006q3/cpu2006-20060904-00082.pdf; https://www.spec.org/cpu2006/results/res2007q3/cpu2006-20070723-01554.pdf; https://www.spec.org/cpu2006/results/res2017q2/cpu2006-20170529-47129.html; https://www.spec.org/cpu2017/results/res2017q4/cpu2017-20171211-01450.html; https://www.spec.org/cpu2017/results/res2018q1/cpu2017-20171212-01664.html; https://www.spec.org/cpu2017/results/res2021q3/cpu2017-20210622-27665.html,Estimated cross-suite index from measured one-chip rate. Raw result and all bridge reports are retained; consult cpu-throughput-bridges.json. SPEC does not endorse cross-suite score conversion.
obs-fp32-dense-peak-gflops-amd-epyc-7763,amd-epyc-7763,AMD EPYC 7763,AMD,server,cpu,cpu,2021-03-15,2021.204997,fp32_dense_peak_gflops,,GFLOP/s,dense non-tensor non-sparse FP32 vector peak,unresolved,unresolved,primary,,,,,,,,unresolved,,No supported value found; retained as an explicit blank.
obs-transistors-million-ibm-power10,ibm-power10,IBM POWER10,IBM,server,cpu,cpu,2021-09-08,2021.685832,transistors_million,,million transistors,device or multi-die package transistor count,unresolved,unresolved,primary,,,,,,,,unresolved,,No supported value found; retained as an explicit blank.
obs-frequency-ghz-ibm-power10,ibm-power10,IBM POWER10,IBM,server,cpu,cpu,2021-09-08,2021.685832,frequency_ghz,4,GHz,nominal/base clock unless source states otherwise,direct,direct,primary,,,,,,{},,eligible,https://www.redbooks.ibm.com/redpapers/pdfs/redp5675.pdf,
obs-power-w-ibm-power10,ibm-power10,IBM POWER10,IBM,server,cpu,cpu,2021-09-08,2021.685832,power_w,,W,CPU TDP,unresolved,unresolved,primary,,,,,,,,unresolved,,No supported value found; retained as an explicit blank.
obs-cpu-physical-cores-ibm-power10,ibm-power10,IBM POWER10,IBM,server,cpu,cpu,2021-09-08,2021.685832,cpu_physical_cores,15,physical cores,physical CPU cores,direct,direct,primary,,,,,,{},,eligible,https://www.redbooks.ibm.com/redpapers/pdfs/redp5675.pdf,
obs-gpu-compute-units-ibm-power10,ibm-power10,IBM POWER10,IBM,server,cpu,cpu,2021-09-08,2021.685832,gpu_compute_units,,SMs / CUs / GPU cores,"vendor-native GPU unit count; SM, CU, or Apple GPU core",unresolved,unresolved,primary,,,,,,,,not_applicable_cpu,,No supported value found; retained as an explicit blank.
obs-cpu-single-thread-normalized-ibm-power10,ibm-power10,IBM POWER10,IBM,server,cpu,cpu,2021-09-08,2021.685832,cpu_single_thread_normalized,,normalized single-core index (legacy SPEC scale),one-copy benchmark normalized by the documented suite-specific continuity rule,unresolved,unresolved,primary,,,,,,,,unresolved,,No supported value found; retained as an explicit blank.
obs-cpu-multicore-rate2000-int-base-ibm-power10,ibm-power10,IBM POWER10,IBM,server,cpu,cpu,2021-09-08,2021.685832,cpu_multicore_rate2000_int_base,,SPECint_rate_base2000 (one chip),measured integer throughput of one CPU package in a published system,unresolved,unresolved,primary,,,,,,,,unresolved,,No supported value found; retained as an explicit blank.
obs-cpu-multicore-rate2006-int-base-ibm-power10,ibm-power10,IBM POWER10,IBM,server,cpu,cpu,2021-09-08,2021.685832,cpu_multicore_rate2006_int_base,,SPECint_rate_base2006 (one chip),measured integer throughput of one CPU package in a published system,unresolved,unresolved,primary,,,,,,,,unresolved,,No supported value found; retained as an explicit blank.
obs-cpu-multicore-rate2017-int-base-ibm-power10,ibm-power10,IBM POWER10,IBM,server,cpu,cpu,2021-09-08,2021.685832,cpu_multicore_rate2017_int_base,,SPECrate2017_int_base (one chip),measured integer throughput of one CPU package in a published system,unresolved,unresolved,primary,,,,,,,,unresolved,,No supported value found; retained as an explicit blank.
obs-cpu-multicore-index-ibm-power10,ibm-power10,IBM POWER10,IBM,server,cpu,cpu,2021-09-08,2021.685832,cpu_multicore_index,,estimated one-chip throughput index (2003=100),estimated integer-throughput index derived from a measured one-CPU-package SPEC rate,unresolved,unresolved,primary,,,,,,,,unresolved,,No supported value found; retained as an explicit blank.
obs-fp32-dense-peak-gflops-ibm-power10,ibm-power10,IBM POWER10,IBM,server,cpu,cpu,2021-09-08,2021.685832,fp32_dense_peak_gflops,,GFLOP/s,dense non-tensor non-sparse FP32 vector peak,unresolved,unresolved,primary,,,,,,,,unresolved,,No supported value found; retained as an explicit blank.
obs-transistors-million-newdata-m1-max-2021-08,newdata-m1-max-2021-08,Apple M1 Max,Apple,client,soc,soc_package,2021-10-18,2021.796543,transistors_million,57000,million transistors,device or multi-die package transistor count,direct,direct,primary,,,,,,{},,eligible,https://www.apple.com/uk/newsroom/2021/10/introducing-m1-pro-and-m1-max-the-most-powerful-chips-apple-has-ever-built/,
obs-frequency-ghz-newdata-m1-max-2021-08,newdata-m1-max-2021-08,Apple M1 Max,Apple,client,soc,soc_package,2021-10-18,2021.796543,frequency_ghz,3.2,GHz,nominal/base clock unless source states otherwise,direct,high,primary,,,,,,{},,eligible,https://github.com/karlrupp/microprocessor-trend-data/blob/master/newdata.txt#L40; https://www.anandtech.com/show/16252/mac-mini-apple-m1-tested/4; https://www.anandtech.com/show/17024/apple-m1-max-performance-review/4,"AnandTech found M1 Max single-thread performance changed little from M1 because both use 3.23 GHz Firestorm cores. The M1 converted value, 6.66 x 9 = 59.94, is used as a proxy."
obs-power-w-newdata-m1-max-2021-08,newdata-m1-max-2021-08,Apple M1 Max,Apple,client,soc,soc_package,2021-10-18,2021.796543,power_w,30,W,SoC package power,direct,high,primary,,,,,,{},,eligible,https://github.com/karlrupp/microprocessor-trend-data/blob/master/newdata.txt#L40; https://www.anandtech.com/show/16252/mac-mini-apple-m1-tested/4; https://www.anandtech.com/show/17024/apple-m1-max-performance-review/4,"AnandTech found M1 Max single-thread performance changed little from M1 because both use 3.23 GHz Firestorm cores. The M1 converted value, 6.66 x 9 = 59.94, is used as a proxy."
obs-cpu-physical-cores-newdata-m1-max-2021-08,newdata-m1-max-2021-08,Apple M1 Max,Apple,client,soc,cpu,2021-10-18,2021.796543,cpu_physical_cores,10,physical cores,physical CPU cores,direct,direct,primary,,,,,,{},,eligible,https://www.apple.com/uk/newsroom/2021/10/introducing-m1-pro-and-m1-max-the-most-powerful-chips-apple-has-ever-built/,
obs-gpu-compute-units-newdata-m1-max-2021-08,newdata-m1-max-2021-08,Apple M1 Max,Apple,client,soc,integrated_gpu,2021-10-18,2021.796543,gpu_compute_units,32,SMs / CUs / GPU cores,"vendor-native GPU unit count; SM, CU, or Apple GPU core",direct,direct,primary,,,,,,{},,supporting_noncomparable_not_plotted,https://www.apple.com/uk/newsroom/2021/10/introducing-m1-pro-and-m1-max-the-most-powerful-chips-apple-has-ever-built/,
obs-cpu-single-thread-normalized-newdata-m1-max-2021-08,newdata-m1-max-2021-08,Apple M1 Max,Apple,client,soc,cpu,2021-10-18,2021.796543,cpu_single_thread_normalized,60.7,normalized single-core index (legacy SPEC scale),one-copy benchmark normalized by the documented suite-specific continuity rule,normalized,medium,derived_from_benchmark_and_legacy_anchor,Geekbench 7 single-core,2218,"59.9 * Geekbench 7 single-core score / 2190 (M1 anchor); approximate index, not a SPEC result",,,"{""anchor_index"": 59.9, ""anchor_raw_score"": 2190.0, ""raw_score"": 2218}","round(anchor_index * raw_score / anchor_raw_score, 1)",eligible,https://browser.geekbench.com/mac-benchmarks; https://github.com/karlrupp/microprocessor-trend-data/blob/master/newdata.txt#L38; https://github.com/karlrupp/microprocessor-trend-data/blob/master/newdata.txt#L40; https://www.anandtech.com/show/16252/mac-mini-apple-m1-tested/4; https://www.anandtech.com/show/17024/apple-m1-max-performance-review/4; https://www.apple.com/uk/newsroom/2021/10/introducing-m1-pro-and-m1-max-the-most-powerful-chips-apple-has-ever-built/,"MacBook Pro 14-inch (2021), M1 Max 10-core CPU; Geekbench's Mac-chart average, requiring at least five unique submissions. Recorded 2026-09-23. The M1 anchor is the legacy graph's estimated SPECint continuity value; the cross-benchmark ratio is an illustrative trend estimate, not an official SPEC conversion."
obs-cpu-multicore-rate2000-int-base-newdata-m1-max-2021-08,newdata-m1-max-2021-08,Apple M1 Max,Apple,client,soc,cpu,2021-10-18,2021.796543,cpu_multicore_rate2000_int_base,,SPECint_rate_base2000 (one chip),measured integer throughput of one CPU package in a published system,unresolved,unresolved,primary+legacy,,,,,,,,unresolved,,No supported value found; retained as an explicit blank.
obs-cpu-multicore-rate2006-int-base-newdata-m1-max-2021-08,newdata-m1-max-2021-08,Apple M1 Max,Apple,client,soc,cpu,2021-10-18,2021.796543,cpu_multicore_rate2006_int_base,,SPECint_rate_base2006 (one chip),measured integer throughput of one CPU package in a published system,unresolved,unresolved,primary+legacy,,,,,,,,unresolved,,No supported value found; retained as an explicit blank.
obs-cpu-multicore-rate2017-int-base-newdata-m1-max-2021-08,newdata-m1-max-2021-08,Apple M1 Max,Apple,client,soc,cpu,2021-10-18,2021.796543,cpu_multicore_rate2017_int_base,,SPECrate2017_int_base (one chip),measured integer throughput of one CPU package in a published system,unresolved,unresolved,primary+legacy,,,,,,,,unresolved,,No supported value found; retained as an explicit blank.
obs-cpu-multicore-index-newdata-m1-max-2021-08,newdata-m1-max-2021-08,Apple M1 Max,Apple,client,soc,cpu,2021-10-18,2021.796543,cpu_multicore_index,,estimated one-chip throughput index (2003=100),estimated integer-throughput index derived from a measured one-CPU-package SPEC rate,unresolved,unresolved,primary+legacy,,,,,,,,unresolved,,No supported value found; retained as an explicit blank.
obs-fp32-dense-peak-gflops-newdata-m1-max-2021-08,newdata-m1-max-2021-08,Apple M1 Max,Apple,client,soc,integrated_gpu,2021-10-18,2021.796543,fp32_dense_peak_gflops,,GFLOP/s,dense non-tensor non-sparse FP32 vector peak,unresolved,unresolved,primary+legacy,,,,,,,,unresolved,,No supported value found; retained as an explicit blank.
obs-transistors-million-apple-m1-pro,apple-m1-pro,Apple M1 Pro,Apple,client,soc,soc_package,2021-10-18,2021.796543,transistors_million,33700,million transistors,device or multi-die package transistor count,direct,direct,primary,,,,,,{},,eligible,https://www.apple.com/uk/newsroom/2021/10/introducing-m1-pro-and-m1-max-the-most-powerful-chips-apple-has-ever-built/,
obs-frequency-ghz-apple-m1-pro,apple-m1-pro,Apple M1 Pro,Apple,client,soc,soc_package,2021-10-18,2021.796543,frequency_ghz,,GHz,nominal/base clock unless source states otherwise,unresolved,unresolved,primary,,,,,,,,unresolved,,No supported value found; retained as an explicit blank.
obs-power-w-apple-m1-pro,apple-m1-pro,Apple M1 Pro,Apple,client,soc,soc_package,2021-10-18,2021.796543,power_w,,W,SoC package power,unresolved,unresolved,primary,,,,,,,,unresolved,,No supported value found; retained as an explicit blank.
obs-cpu-physical-cores-apple-m1-pro,apple-m1-pro,Apple M1 Pro,Apple,client,soc,cpu,2021-10-18,2021.796543,cpu_physical_cores,10,physical cores,physical CPU cores,direct,direct,primary,,,,,,{},,eligible,https://www.apple.com/uk/newsroom/2021/10/introducing-m1-pro-and-m1-max-the-most-powerful-chips-apple-has-ever-built/,
obs-gpu-compute-units-apple-m1-pro,apple-m1-pro,Apple M1 Pro,Apple,client,soc,integrated_gpu,2021-10-18,2021.796543,gpu_compute_units,16,SMs / CUs / GPU cores,"vendor-native GPU unit count; SM, CU, or Apple GPU core",direct,direct,primary,,,,,,{},,supporting_noncomparable_not_plotted,https://www.apple.com/uk/newsroom/2021/10/introducing-m1-pro-and-m1-max-the-most-powerful-chips-apple-has-ever-built/,
obs-cpu-single-thread-normalized-apple-m1-pro,apple-m1-pro,Apple M1 Pro,Apple,client,soc,cpu,2021-10-18,2021.796543,cpu_single_thread_normalized,60.2,normalized single-core index (legacy SPEC scale),one-copy benchmark normalized by the documented suite-specific continuity rule,normalized,medium,derived_from_benchmark_and_legacy_anchor,Geekbench 7 single-core,2202,"59.9 * Geekbench 7 single-core score / 2190 (M1 anchor); approximate index, not a SPEC result",,,"{""anchor_index"": 59.9, ""anchor_raw_score"": 2190.0, ""raw_score"": 2202}","round(anchor_index * raw_score / anchor_raw_score, 1)",eligible,https://browser.geekbench.com/mac-benchmarks; https://github.com/karlrupp/microprocessor-trend-data/blob/master/newdata.txt#L38; https://www.apple.com/uk/newsroom/2021/10/introducing-m1-pro-and-m1-max-the-most-powerful-chips-apple-has-ever-built/,"MacBook Pro 14-inch (2021), M1 Pro 10-core CPU; Geekbench's Mac-chart average, requiring at least five unique submissions. Recorded 2026-09-23. The M1 anchor is the legacy graph's estimated SPECint continuity value; the cross-benchmark ratio is an illustrative trend estimate, not an official SPEC conversion."
obs-cpu-multicore-rate2000-int-base-apple-m1-pro,apple-m1-pro,Apple M1 Pro,Apple,client,soc,cpu,2021-10-18,2021.796543,cpu_multicore_rate2000_int_base,,SPECint_rate_base2000 (one chip),measured integer throughput of one CPU package in a published system,unresolved,unresolved,primary,,,,,,,,unresolved,,No supported value found; retained as an explicit blank.
obs-cpu-multicore-rate2006-int-base-apple-m1-pro,apple-m1-pro,Apple M1 Pro,Apple,client,soc,cpu,2021-10-18,2021.796543,cpu_multicore_rate2006_int_base,,SPECint_rate_base2006 (one chip),measured integer throughput of one CPU package in a published system,unresolved,unresolved,primary,,,,,,,,unresolved,,No supported value found; retained as an explicit blank.
obs-cpu-multicore-rate2017-int-base-apple-m1-pro,apple-m1-pro,Apple M1 Pro,Apple,client,soc,cpu,2021-10-18,2021.796543,cpu_multicore_rate2017_int_base,,SPECrate2017_int_base (one chip),measured integer throughput of one CPU package in a published system,unresolved,unresolved,primary,,,,,,,,unresolved,,No supported value found; retained as an explicit blank.
obs-cpu-multicore-index-apple-m1-pro,apple-m1-pro,Apple M1 Pro,Apple,client,soc,cpu,2021-10-18,2021.796543,cpu_multicore_index,,estimated one-chip throughput index (2003=100),estimated integer-throughput index derived from a measured one-CPU-package SPEC rate,unresolved,unresolved,primary,,,,,,,,unresolved,,No supported value found; retained as an explicit blank.
obs-fp32-dense-peak-gflops-apple-m1-pro,apple-m1-pro,Apple M1 Pro,Apple,client,soc,integrated_gpu,2021-10-18,2021.796543,fp32_dense_peak_gflops,,GFLOP/s,dense non-tensor non-sparse FP32 vector peak,unresolved,unresolved,primary,,,,,,,,unresolved,,No supported value found; retained as an explicit blank.
obs-transistors-million-newdata-radeon-mi250-2021-09,newdata-radeon-mi250-2021-09,AMD Instinct MI250X,AMD,datacenter/HPC,gpu,gpu,2021-11-08,2021.852498,transistors_million,58200,million transistors,device or multi-die package transistor count,direct,direct,primary,,,,,,{},,eligible,https://www.amd.com/content/dam/amd/en/documents/instinct-tech-docs/product-briefs/amd-instinct-gpu-family-brochure.pdf,
obs-frequency-ghz-newdata-radeon-mi250-2021-09,newdata-radeon-mi250-2021-09,AMD Instinct MI250X,AMD,datacenter/HPC,gpu,gpu,2021-11-08,2021.852498,frequency_ghz,1.7,GHz,nominal/base clock unless source states otherwise,direct,direct,primary,,,,,,{},,eligible,https://www.amd.com/content/dam/amd/en/documents/instinct-tech-docs/product-briefs/amd-instinct-gpu-family-brochure.pdf,
obs-power-w-newdata-radeon-mi250-2021-09,newdata-radeon-mi250-2021-09,AMD Instinct MI250X,AMD,datacenter/HPC,gpu,gpu,2021-11-08,2021.852498,power_w,560,W,GPU TBP/TDP,direct,direct,primary,,,,,,{},,eligible,https://www.amd.com/content/dam/amd/en/documents/instinct-tech-docs/product-briefs/amd-instinct-gpu-family-brochure.pdf,
obs-cpu-physical-cores-newdata-radeon-mi250-2021-09,newdata-radeon-mi250-2021-09,AMD Instinct MI250X,AMD,datacenter/HPC,gpu,gpu,2021-11-08,2021.852498,cpu_physical_cores,,physical cores,physical CPU cores,unresolved,unresolved,primary+legacy,,,,,,,,not_applicable_gpu,,No supported value found; retained as an explicit blank.
obs-gpu-compute-units-newdata-radeon-mi250-2021-09,newdata-radeon-mi250-2021-09,AMD Instinct MI250X,AMD,datacenter/HPC,gpu,discrete_gpu,2021-11-08,2021.852498,gpu_compute_units,220,SMs / CUs / GPU cores,"vendor-native GPU unit count; SM, CU, or Apple GPU core",direct,direct,primary,,,,,,{},,supporting_noncomparable_not_plotted,https://www.amd.com/content/dam/amd/en/documents/instinct-tech-docs/product-briefs/amd-instinct-gpu-family-brochure.pdf,
obs-cpu-single-thread-normalized-newdata-radeon-mi250-2021-09,newdata-radeon-mi250-2021-09,AMD Instinct MI250X,AMD,datacenter/HPC,gpu,gpu,2021-11-08,2021.852498,cpu_single_thread_normalized,,normalized single-core index (legacy SPEC scale),one-copy benchmark normalized by the documented suite-specific continuity rule,unresolved,unresolved,primary+legacy,,,,,,,,not_applicable_gpu,,No supported value found; retained as an explicit blank.
obs-cpu-multicore-rate2000-int-base-newdata-radeon-mi250-2021-09,newdata-radeon-mi250-2021-09,AMD Instinct MI250X,AMD,datacenter/HPC,gpu,gpu,2021-11-08,2021.852498,cpu_multicore_rate2000_int_base,,SPECint_rate_base2000 (one chip),measured integer throughput of one CPU package in a published system,unresolved,unresolved,primary+legacy,,,,,,,,not_applicable_gpu,,No supported value found; retained as an explicit blank.
obs-cpu-multicore-rate2006-int-base-newdata-radeon-mi250-2021-09,newdata-radeon-mi250-2021-09,AMD Instinct MI250X,AMD,datacenter/HPC,gpu,gpu,2021-11-08,2021.852498,cpu_multicore_rate2006_int_base,,SPECint_rate_base2006 (one chip),measured integer throughput of one CPU package in a published system,unresolved,unresolved,primary+legacy,,,,,,,,not_applicable_gpu,,No supported value found; retained as an explicit blank.
obs-cpu-multicore-rate2017-int-base-newdata-radeon-mi250-2021-09,newdata-radeon-mi250-2021-09,AMD Instinct MI250X,AMD,datacenter/HPC,gpu,gpu,2021-11-08,2021.852498,cpu_multicore_rate2017_int_base,,SPECrate2017_int_base (one chip),measured integer throughput of one CPU package in a published system,unresolved,unresolved,primary+legacy,,,,,,,,not_applicable_gpu,,No supported value found; retained as an explicit blank.
obs-cpu-multicore-index-newdata-radeon-mi250-2021-09,newdata-radeon-mi250-2021-09,AMD Instinct MI250X,AMD,datacenter/HPC,gpu,gpu,2021-11-08,2021.852498,cpu_multicore_index,,estimated one-chip throughput index (2003=100),estimated integer-throughput index derived from a measured one-CPU-package SPEC rate,unresolved,unresolved,primary+legacy,,,,,,,,not_applicable_gpu,,No supported value found; retained as an explicit blank.
obs-fp32-dense-peak-gflops-newdata-radeon-mi250-2021-09,newdata-radeon-mi250-2021-09,AMD Instinct MI250X,AMD,datacenter/HPC,gpu,discrete_gpu,2021-11-08,2021.852498,fp32_dense_peak_gflops,47900,GFLOP/s,dense non-tensor non-sparse FP32 vector peak,direct,direct,primary,,,,FP32 vector dense,,{},,eligible,https://www.amd.com/content/dam/amd/en/documents/instinct-tech-docs/product-briefs/amd-instinct-gpu-family-brochure.pdf,
obs-transistors-million-amd-instinct-mi210,amd-instinct-mi210,AMD Instinct MI210,AMD,datacenter/HPC,gpu,gpu,2021-12-08,2021.935832,transistors_million,,million transistors,device or multi-die package transistor count,unresolved,unresolved,primary,,,,,,,,unresolved,,No supported value found; retained as an explicit blank.
obs-frequency-ghz-amd-instinct-mi210,amd-instinct-mi210,AMD Instinct MI210,AMD,datacenter/HPC,gpu,gpu,2021-12-08,2021.935832,frequency_ghz,,GHz,nominal/base clock unless source states otherwise,unresolved,unresolved,primary,,,,,,,,unresolved,,No supported value found; retained as an explicit blank.
obs-power-w-amd-instinct-mi210,amd-instinct-mi210,AMD Instinct MI210,AMD,datacenter/HPC,gpu,gpu,2021-12-08,2021.935832,power_w,300,W,GPU TBP/TDP,direct,direct,primary,,,,,,{},,eligible,https://www.amd.com/content/dam/amd/en/documents/instinct-tech-docs/product-briefs/amd-instinct-gpu-family-brochure.pdf,
obs-cpu-physical-cores-amd-instinct-mi210,amd-instinct-mi210,AMD Instinct MI210,AMD,datacenter/HPC,gpu,gpu,2021-12-08,2021.935832,cpu_physical_cores,,physical cores,physical CPU cores,unresolved,unresolved,primary,,,,,,,,not_applicable_gpu,,No supported value found; retained as an explicit blank.
obs-gpu-compute-units-amd-instinct-mi210,amd-instinct-mi210,AMD Instinct MI210,AMD,datacenter/HPC,gpu,discrete_gpu,2021-12-08,2021.935832,gpu_compute_units,104,SMs / CUs / GPU cores,"vendor-native GPU unit count; SM, CU, or Apple GPU core",direct,direct,primary,,,,,,{},,supporting_noncomparable_not_plotted,https://www.amd.com/content/dam/amd/en/documents/instinct-tech-docs/product-briefs/amd-instinct-gpu-family-brochure.pdf,
obs-cpu-single-thread-normalized-amd-instinct-mi210,amd-instinct-mi210,AMD Instinct MI210,AMD,datacenter/HPC,gpu,gpu,2021-12-08,2021.935832,cpu_single_thread_normalized,,normalized single-core index (legacy SPEC scale),one-copy benchmark normalized by the documented suite-specific continuity rule,unresolved,unresolved,primary,,,,,,,,not_applicable_gpu,,No supported value found; retained as an explicit blank.
obs-cpu-multicore-rate2000-int-base-amd-instinct-mi210,amd-instinct-mi210,AMD Instinct MI210,AMD,datacenter/HPC,gpu,gpu,2021-12-08,2021.935832,cpu_multicore_rate2000_int_base,,SPECint_rate_base2000 (one chip),measured integer throughput of one CPU package in a published system,unresolved,unresolved,primary,,,,,,,,not_applicable_gpu,,No supported value found; retained as an explicit blank.
obs-cpu-multicore-rate2006-int-base-amd-instinct-mi210,amd-instinct-mi210,AMD Instinct MI210,AMD,datacenter/HPC,gpu,gpu,2021-12-08,2021.935832,cpu_multicore_rate2006_int_base,,SPECint_rate_base2006 (one chip),measured integer throughput of one CPU package in a published system,unresolved,unresolved,primary,,,,,,,,not_applicable_gpu,,No supported value found; retained as an explicit blank.
obs-cpu-multicore-rate2017-int-base-amd-instinct-mi210,amd-instinct-mi210,AMD Instinct MI210,AMD,datacenter/HPC,gpu,gpu,2021-12-08,2021.935832,cpu_multicore_rate2017_int_base,,SPECrate2017_int_base (one chip),measured integer throughput of one CPU package in a published system,unresolved,unresolved,primary,,,,,,,,not_applicable_gpu,,No supported value found; retained as an explicit blank.
obs-cpu-multicore-index-amd-instinct-mi210,amd-instinct-mi210,AMD Instinct MI210,AMD,datacenter/HPC,gpu,gpu,2021-12-08,2021.935832,cpu_multicore_index,,estimated one-chip throughput index (2003=100),estimated integer-throughput index derived from a measured one-CPU-package SPEC rate,unresolved,unresolved,primary,,,,,,,,not_applicable_gpu,,No supported value found; retained as an explicit blank.
obs-fp32-dense-peak-gflops-amd-instinct-mi210,amd-instinct-mi210,AMD Instinct MI210,AMD,datacenter/HPC,gpu,discrete_gpu,2021-12-08,2021.935832,fp32_dense_peak_gflops,45300,GFLOP/s,dense non-tensor non-sparse FP32 vector peak,direct,direct,primary,,,,FP32 vector dense,,{},,eligible,https://www.amd.com/content/dam/amd/en/documents/instinct-tech-docs/product-briefs/amd-instinct-gpu-family-brochure.pdf,
obs-transistors-million-apple-m1-ultra,apple-m1-ultra,Apple M1 Ultra,Apple,workstation,soc,soc_package,2022-03-08,2022.185832,transistors_million,114000,million transistors,device or multi-die package transistor count,direct,direct,primary,,,,,,{},,eligible,https://www.apple.com/newsroom/2022/03/apple-unveils-m1-ultra-the-worlds-most-powerful-chip-for-a-personal-computer/,
obs-frequency-ghz-apple-m1-ultra,apple-m1-ultra,Apple M1 Ultra,Apple,workstation,soc,soc_package,2022-03-08,2022.185832,frequency_ghz,,GHz,nominal/base clock unless source states otherwise,unresolved,unresolved,primary,,,,,,,,unresolved,,No supported value found; retained as an explicit blank.
obs-power-w-apple-m1-ultra,apple-m1-ultra,Apple M1 Ultra,Apple,workstation,soc,soc_package,2022-03-08,2022.185832,power_w,,W,SoC package power,unresolved,unresolved,primary,,,,,,,,unresolved,,No supported value found; retained as an explicit blank.
obs-cpu-physical-cores-apple-m1-ultra,apple-m1-ultra,Apple M1 Ultra,Apple,workstation,soc,cpu,2022-03-08,2022.185832,cpu_physical_cores,20,physical cores,physical CPU cores,direct,direct,primary,,,,,,{},,eligible,https://www.apple.com/newsroom/2022/03/apple-unveils-m1-ultra-the-worlds-most-powerful-chip-for-a-personal-computer/,
obs-gpu-compute-units-apple-m1-ultra,apple-m1-ultra,Apple M1 Ultra,Apple,workstation,soc,integrated_gpu,2022-03-08,2022.185832,gpu_compute_units,64,SMs / CUs / GPU cores,"vendor-native GPU unit count; SM, CU, or Apple GPU core",direct,direct,primary,,,,,,{},,supporting_noncomparable_not_plotted,https://www.apple.com/newsroom/2022/03/apple-unveils-m1-ultra-the-worlds-most-powerful-chip-for-a-personal-computer/,
obs-cpu-single-thread-normalized-apple-m1-ultra,apple-m1-ultra,Apple M1 Ultra,Apple,workstation,soc,cpu,2022-03-08,2022.185832,cpu_single_thread_normalized,60.6,normalized single-core index (legacy SPEC scale),one-copy benchmark normalized by the documented suite-specific continuity rule,normalized,medium,derived_from_benchmark_and_legacy_anchor,Geekbench 7 single-core,2216,"59.9 * Geekbench 7 single-core score / 2190 (M1 anchor); approximate index, not a SPEC result",,,"{""anchor_index"": 59.9, ""anchor_raw_score"": 2190.0, ""raw_score"": 2216}","round(anchor_index * raw_score / anchor_raw_score, 1)",eligible,https://browser.geekbench.com/mac-benchmarks; https://github.com/karlrupp/microprocessor-trend-data/blob/master/newdata.txt#L38; https://www.apple.com/newsroom/2022/03/apple-unveils-m1-ultra-the-worlds-most-powerful-chip-for-a-personal-computer/,"Mac Studio, M1 Ultra 20-core CPU; Geekbench's Mac-chart average, requiring at least five unique submissions. Recorded 2026-09-23. The M1 anchor is the legacy graph's estimated SPECint continuity value; the cross-benchmark ratio is an illustrative trend estimate, not an official SPEC conversion."
obs-cpu-multicore-rate2000-int-base-apple-m1-ultra,apple-m1-ultra,Apple M1 Ultra,Apple,workstation,soc,cpu,2022-03-08,2022.185832,cpu_multicore_rate2000_int_base,,SPECint_rate_base2000 (one chip),measured integer throughput of one CPU package in a published system,unresolved,unresolved,primary,,,,,,,,unresolved,,No supported value found; retained as an explicit blank.
obs-cpu-multicore-rate2006-int-base-apple-m1-ultra,apple-m1-ultra,Apple M1 Ultra,Apple,workstation,soc,cpu,2022-03-08,2022.185832,cpu_multicore_rate2006_int_base,,SPECint_rate_base2006 (one chip),measured integer throughput of one CPU package in a published system,unresolved,unresolved,primary,,,,,,,,unresolved,,No supported value found; retained as an explicit blank.
obs-cpu-multicore-rate2017-int-base-apple-m1-ultra,apple-m1-ultra,Apple M1 Ultra,Apple,workstation,soc,cpu,2022-03-08,2022.185832,cpu_multicore_rate2017_int_base,,SPECrate2017_int_base (one chip),measured integer throughput of one CPU package in a published system,unresolved,unresolved,primary,,,,,,,,unresolved,,No supported value found; retained as an explicit blank.
obs-cpu-multicore-index-apple-m1-ultra,apple-m1-ultra,Apple M1 Ultra,Apple,workstation,soc,cpu,2022-03-08,2022.185832,cpu_multicore_index,,estimated one-chip throughput index (2003=100),estimated integer-throughput index derived from a measured one-CPU-package SPEC rate,unresolved,unresolved,primary,,,,,,,,unresolved,,No supported value found; retained as an explicit blank.
obs-fp32-dense-peak-gflops-apple-m1-ultra,apple-m1-ultra,Apple M1 Ultra,Apple,workstation,soc,integrated_gpu,2022-03-08,2022.185832,fp32_dense_peak_gflops,,GFLOP/s,dense non-tensor non-sparse FP32 vector peak,unresolved,unresolved,primary,,,,,,,,unresolved,,No supported value found; retained as an explicit blank.
obs-transistors-million-newdata-graviton-3-2021-09,newdata-graviton-3-2021-09,AWS Graviton3,AWS,server,cpu,cpu,2022-05-23,2022.393566,transistors_million,55000,million transistors,device or multi-die package transistor count,direct,high,primary,,,,,,{},,eligible,https://github.com/karlrupp/microprocessor-trend-data/blob/master/newdata.txt#L42; https://d1.awsstatic.com/events/reinvent/2021/New_Launch_Deep_dive_into_AWS_Graviton3_and_Amazon_EC2_C7g_instances_CMP332.pdf,"AWS publishes relative estimated SPECint2017 rate improvements, but no absolute single-thread score suitable for the chart's conversion was found."
obs-frequency-ghz-newdata-graviton-3-2021-09,newdata-graviton-3-2021-09,AWS Graviton3,AWS,server,cpu,cpu,2022-05-23,2022.393566,frequency_ghz,2.6,GHz,nominal/base clock unless source states otherwise,direct,high,primary,,,,,,{},,eligible,https://github.com/karlrupp/microprocessor-trend-data/blob/master/newdata.txt#L42; https://d1.awsstatic.com/events/reinvent/2021/New_Launch_Deep_dive_into_AWS_Graviton3_and_Amazon_EC2_C7g_instances_CMP332.pdf,"AWS publishes relative estimated SPECint2017 rate improvements, but no absolute single-thread score suitable for the chart's conversion was found."
obs-power-w-newdata-graviton-3-2021-09,newdata-graviton-3-2021-09,AWS Graviton3,AWS,server,cpu,cpu,2022-05-23,2022.393566,power_w,100,W,CPU TDP,direct,high,primary,,,,,,{},,eligible,https://github.com/karlrupp/microprocessor-trend-data/blob/master/newdata.txt#L42; https://d1.awsstatic.com/events/reinvent/2021/New_Launch_Deep_dive_into_AWS_Graviton3_and_Amazon_EC2_C7g_instances_CMP332.pdf,"AWS publishes relative estimated SPECint2017 rate improvements, but no absolute single-thread score suitable for the chart's conversion was found."
obs-cpu-physical-cores-newdata-graviton-3-2021-09,newdata-graviton-3-2021-09,AWS Graviton3,AWS,server,cpu,cpu,2022-05-23,2022.393566,cpu_physical_cores,64,physical cores,physical CPU cores,direct,direct,primary,,,,,,{},,eligible,https://aws.amazon.com/blogs/hpc/application-deep-dive-into-the-graviton3e-based-amazon-ec2-hpc7g-instance/,
obs-gpu-compute-units-newdata-graviton-3-2021-09,newdata-graviton-3-2021-09,AWS Graviton3,AWS,server,cpu,cpu,2022-05-23,2022.393566,gpu_compute_units,,SMs / CUs / GPU cores,"vendor-native GPU unit count; SM, CU, or Apple GPU core",unresolved,unresolved,primary+legacy,,,,,,,,not_applicable_cpu,,No supported value found; retained as an explicit blank.
obs-cpu-single-thread-normalized-newdata-graviton-3-2021-09,newdata-graviton-3-2021-09,AWS Graviton3,AWS,server,cpu,cpu,2022-05-23,2022.393566,cpu_single_thread_normalized,,normalized single-core index (legacy SPEC scale),one-copy benchmark normalized by the documented suite-specific continuity rule,unresolved,unresolved,primary+legacy,,,,,,,,unresolved,,No supported value found; retained as an explicit blank.
obs-cpu-multicore-rate2000-int-base-newdata-graviton-3-2021-09,newdata-graviton-3-2021-09,AWS Graviton3,AWS,server,cpu,cpu,2022-05-23,2022.393566,cpu_multicore_rate2000_int_base,,SPECint_rate_base2000 (one chip),measured integer throughput of one CPU package in a published system,unresolved,unresolved,primary+legacy,,,,,,,,unresolved,,No supported value found; retained as an explicit blank.
obs-cpu-multicore-rate2006-int-base-newdata-graviton-3-2021-09,newdata-graviton-3-2021-09,AWS Graviton3,AWS,server,cpu,cpu,2022-05-23,2022.393566,cpu_multicore_rate2006_int_base,,SPECint_rate_base2006 (one chip),measured integer throughput of one CPU package in a published system,unresolved,unresolved,primary+legacy,,,,,,,,unresolved,,No supported value found; retained as an explicit blank.
obs-cpu-multicore-rate2017-int-base-newdata-graviton-3-2021-09,newdata-graviton-3-2021-09,AWS Graviton3,AWS,server,cpu,cpu,2022-05-23,2022.393566,cpu_multicore_rate2017_int_base,,SPECrate2017_int_base (one chip),measured integer throughput of one CPU package in a published system,unresolved,unresolved,primary+legacy,,,,,,,,unresolved,,No supported value found; retained as an explicit blank.
obs-cpu-multicore-index-newdata-graviton-3-2021-09,newdata-graviton-3-2021-09,AWS Graviton3,AWS,server,cpu,cpu,2022-05-23,2022.393566,cpu_multicore_index,,estimated one-chip throughput index (2003=100),estimated integer-throughput index derived from a measured one-CPU-package SPEC rate,unresolved,unresolved,primary+legacy,,,,,,,,unresolved,,No supported value found; retained as an explicit blank.
obs-fp32-dense-peak-gflops-newdata-graviton-3-2021-09,newdata-graviton-3-2021-09,AWS Graviton3,AWS,server,cpu,cpu,2022-05-23,2022.393566,fp32_dense_peak_gflops,,GFLOP/s,dense non-tensor non-sparse FP32 vector peak,unresolved,unresolved,primary+legacy,,,,,,,,unresolved,,No supported value found; retained as an explicit blank.
obs-transistors-million-apple-m2,apple-m2,Apple M2,Apple,client,soc,soc_package,2022-06-06,2022.430356,transistors_million,20000,million transistors,device or multi-die package transistor count,direct,direct,primary,,,,,,{},,eligible,https://www.apple.com/au/newsroom/2022/06/apple-unveils-m2-with-breakthrough-performance-and-capabilities/,
obs-frequency-ghz-apple-m2,apple-m2,Apple M2,Apple,client,soc,soc_package,2022-06-06,2022.430356,frequency_ghz,,GHz,nominal/base clock unless source states otherwise,unresolved,unresolved,primary,,,,,,,,unresolved,,No supported value found; retained as an explicit blank.
obs-power-w-apple-m2,apple-m2,Apple M2,Apple,client,soc,soc_package,2022-06-06,2022.430356,power_w,,W,SoC package power,unresolved,unresolved,primary,,,,,,,,unresolved,,No supported value found; retained as an explicit blank.
obs-cpu-physical-cores-apple-m2,apple-m2,Apple M2,Apple,client,soc,cpu,2022-06-06,2022.430356,cpu_physical_cores,8,physical cores,physical CPU cores,direct,direct,primary,,,,,,{},,eligible,https://www.apple.com/au/newsroom/2022/06/apple-unveils-m2-with-breakthrough-performance-and-capabilities/,
obs-gpu-compute-units-apple-m2,apple-m2,Apple M2,Apple,client,soc,integrated_gpu,2022-06-06,2022.430356,gpu_compute_units,10,SMs / CUs / GPU cores,"vendor-native GPU unit count; SM, CU, or Apple GPU core",direct,direct,primary,,,,,,{},,supporting_noncomparable_not_plotted,https://www.apple.com/au/newsroom/2022/06/apple-unveils-m2-with-breakthrough-performance-and-capabilities/,
obs-cpu-single-thread-normalized-apple-m2,apple-m2,Apple M2,Apple,client,soc,cpu,2022-06-06,2022.430356,cpu_single_thread_normalized,64.5,normalized single-core index (legacy SPEC scale),one-copy benchmark normalized by the documented suite-specific continuity rule,normalized,medium,derived_from_benchmark_and_legacy_anchor,Geekbench 7 single-core,2359,"59.9 * Geekbench 7 single-core score / 2190 (M1 anchor); approximate index, not a SPEC result",,,"{""anchor_index"": 59.9, ""anchor_raw_score"": 2190.0, ""raw_score"": 2359}","round(anchor_index * raw_score / anchor_raw_score, 1)",eligible,https://browser.geekbench.com/mac-benchmarks; https://github.com/karlrupp/microprocessor-trend-data/blob/master/newdata.txt#L38; https://www.apple.com/au/newsroom/2022/06/apple-unveils-m2-with-breakthrough-performance-and-capabilities/,"MacBook Pro 13-inch (2022), M2 8-core CPU; Geekbench's Mac-chart average, requiring at least five unique submissions. Recorded 2026-09-23. The M1 anchor is the legacy graph's estimated SPECint continuity value; the cross-benchmark ratio is an illustrative trend estimate, not an official SPEC conversion."
obs-cpu-multicore-rate2000-int-base-apple-m2,apple-m2,Apple M2,Apple,client,soc,cpu,2022-06-06,2022.430356,cpu_multicore_rate2000_int_base,,SPECint_rate_base2000 (one chip),measured integer throughput of one CPU package in a published system,unresolved,unresolved,primary,,,,,,,,unresolved,,No supported value found; retained as an explicit blank.
obs-cpu-multicore-rate2006-int-base-apple-m2,apple-m2,Apple M2,Apple,client,soc,cpu,2022-06-06,2022.430356,cpu_multicore_rate2006_int_base,,SPECint_rate_base2006 (one chip),measured integer throughput of one CPU package in a published system,unresolved,unresolved,primary,,,,,,,,unresolved,,No supported value found; retained as an explicit blank.
obs-cpu-multicore-rate2017-int-base-apple-m2,apple-m2,Apple M2,Apple,client,soc,cpu,2022-06-06,2022.430356,cpu_multicore_rate2017_int_base,,SPECrate2017_int_base (one chip),measured integer throughput of one CPU package in a published system,unresolved,unresolved,primary,,,,,,,,unresolved,,No supported value found; retained as an explicit blank.
obs-cpu-multicore-index-apple-m2,apple-m2,Apple M2,Apple,client,soc,cpu,2022-06-06,2022.430356,cpu_multicore_index,,estimated one-chip throughput index (2003=100),estimated integer-throughput index derived from a measured one-CPU-package SPEC rate,unresolved,unresolved,primary,,,,,,,,unresolved,,No supported value found; retained as an explicit blank.
obs-fp32-dense-peak-gflops-apple-m2,apple-m2,Apple M2,Apple,client,soc,integrated_gpu,2022-06-06,2022.430356,fp32_dense_peak_gflops,,GFLOP/s,dense non-tensor non-sparse FP32 vector peak,unresolved,unresolved,primary,,,,,,,,unresolved,,No supported value found; retained as an explicit blank.
obs-transistors-million-nvidia-h100-sxm5,nvidia-h100-sxm5,NVIDIA H100 SXM5,NVIDIA,datacenter/HPC,gpu,gpu,2022-09-20,2022.718686,transistors_million,,million transistors,device or multi-die package transistor count,unresolved,unresolved,primary,,,,,,,,unresolved,,No supported value found; retained as an explicit blank.
obs-frequency-ghz-nvidia-h100-sxm5,nvidia-h100-sxm5,NVIDIA H100 SXM5,NVIDIA,datacenter/HPC,gpu,gpu,2022-09-20,2022.718686,frequency_ghz,,GHz,nominal/base clock unless source states otherwise,unresolved,unresolved,primary,,,,,,,,unresolved,,No supported value found; retained as an explicit blank.
obs-power-w-nvidia-h100-sxm5,nvidia-h100-sxm5,NVIDIA H100 SXM5,NVIDIA,datacenter/HPC,gpu,gpu,2022-09-20,2022.718686,power_w,700,W,GPU TBP/TDP,direct,direct,primary,,,,,,{},,eligible,https://www.nvidia.com/en-eu/data-center/h100/,
obs-cpu-physical-cores-nvidia-h100-sxm5,nvidia-h100-sxm5,NVIDIA H100 SXM5,NVIDIA,datacenter/HPC,gpu,gpu,2022-09-20,2022.718686,cpu_physical_cores,,physical cores,physical CPU cores,unresolved,unresolved,primary,,,,,,,,not_applicable_gpu,,No supported value found; retained as an explicit blank.
obs-gpu-compute-units-nvidia-h100-sxm5,nvidia-h100-sxm5,NVIDIA H100 SXM5,NVIDIA,datacenter/HPC,gpu,discrete_gpu,2022-09-20,2022.718686,gpu_compute_units,132,SMs / CUs / GPU cores,"vendor-native GPU unit count; SM, CU, or Apple GPU core",direct,direct,primary,,,,,,{},,supporting_noncomparable_not_plotted,https://www.nvidia.com/en-eu/data-center/h100/,
obs-cpu-single-thread-normalized-nvidia-h100-sxm5,nvidia-h100-sxm5,NVIDIA H100 SXM5,NVIDIA,datacenter/HPC,gpu,gpu,2022-09-20,2022.718686,cpu_single_thread_normalized,,normalized single-core index (legacy SPEC scale),one-copy benchmark normalized by the documented suite-specific continuity rule,unresolved,unresolved,primary,,,,,,,,not_applicable_gpu,,No supported value found; retained as an explicit blank.
obs-cpu-multicore-rate2000-int-base-nvidia-h100-sxm5,nvidia-h100-sxm5,NVIDIA H100 SXM5,NVIDIA,datacenter/HPC,gpu,gpu,2022-09-20,2022.718686,cpu_multicore_rate2000_int_base,,SPECint_rate_base2000 (one chip),measured integer throughput of one CPU package in a published system,unresolved,unresolved,primary,,,,,,,,not_applicable_gpu,,No supported value found; retained as an explicit blank.
obs-cpu-multicore-rate2006-int-base-nvidia-h100-sxm5,nvidia-h100-sxm5,NVIDIA H100 SXM5,NVIDIA,datacenter/HPC,gpu,gpu,2022-09-20,2022.718686,cpu_multicore_rate2006_int_base,,SPECint_rate_base2006 (one chip),measured integer throughput of one CPU package in a published system,unresolved,unresolved,primary,,,,,,,,not_applicable_gpu,,No supported value found; retained as an explicit blank.
obs-cpu-multicore-rate2017-int-base-nvidia-h100-sxm5,nvidia-h100-sxm5,NVIDIA H100 SXM5,NVIDIA,datacenter/HPC,gpu,gpu,2022-09-20,2022.718686,cpu_multicore_rate2017_int_base,,SPECrate2017_int_base (one chip),measured integer throughput of one CPU package in a published system,unresolved,unresolved,primary,,,,,,,,not_applicable_gpu,,No supported value found; retained as an explicit blank.
obs-cpu-multicore-index-nvidia-h100-sxm5,nvidia-h100-sxm5,NVIDIA H100 SXM5,NVIDIA,datacenter/HPC,gpu,gpu,2022-09-20,2022.718686,cpu_multicore_index,,estimated one-chip throughput index (2003=100),estimated integer-throughput index derived from a measured one-CPU-package SPEC rate,unresolved,unresolved,primary,,,,,,,,not_applicable_gpu,,No supported value found; retained as an explicit blank.
obs-fp32-dense-peak-gflops-nvidia-h100-sxm5,nvidia-h100-sxm5,NVIDIA H100 SXM5,NVIDIA,datacenter/HPC,gpu,discrete_gpu,2022-09-20,2022.718686,fp32_dense_peak_gflops,67000,GFLOP/s,dense non-tensor non-sparse FP32 vector peak,direct,direct,primary,,,,FP32 vector dense,,{},,eligible,https://www.nvidia.com/en-eu/data-center/h100/,
obs-transistors-million-amd-epyc-9654,amd-epyc-9654,AMD EPYC 9654,AMD,server,cpu,cpu,2022-11-10,2022.857974,transistors_million,,million transistors,device or multi-die package transistor count,unresolved,unresolved,primary,,,,,,,,unresolved,,No supported value found; retained as an explicit blank.
obs-frequency-ghz-amd-epyc-9654,amd-epyc-9654,AMD EPYC 9654,AMD,server,cpu,cpu,2022-11-10,2022.857974,frequency_ghz,2.4,GHz,nominal/base clock unless source states otherwise,direct,direct,primary,,,,,,{},,eligible,https://www.amd.com/en/products/processors/server/epyc/4th-generation-9004-and-8004-series/amd-epyc-9654.html; https://www.spec.org/cpu2017/results/res2023q4/cpu2017-20231014-39454.html,
obs-power-w-amd-epyc-9654,amd-epyc-9654,AMD EPYC 9654,AMD,server,cpu,cpu,2022-11-10,2022.857974,power_w,360,W,CPU TDP,direct,direct,primary,,,,,,{},,eligible,https://www.amd.com/en/products/processors/server/epyc/4th-generation-9004-and-8004-series/amd-epyc-9654.html; https://www.spec.org/cpu2017/results/res2023q4/cpu2017-20231014-39454.html,
obs-cpu-physical-cores-amd-epyc-9654,amd-epyc-9654,AMD EPYC 9654,AMD,server,cpu,cpu,2022-11-10,2022.857974,cpu_physical_cores,96,physical cores,physical CPU cores,direct,direct,primary,,,,,,{},,eligible,https://www.amd.com/en/products/processors/server/epyc/4th-generation-9004-and-8004-series/amd-epyc-9654.html; https://www.spec.org/cpu2017/results/res2023q4/cpu2017-20231014-39454.html,
obs-gpu-compute-units-amd-epyc-9654,amd-epyc-9654,AMD EPYC 9654,AMD,server,cpu,cpu,2022-11-10,2022.857974,gpu_compute_units,,SMs / CUs / GPU cores,"vendor-native GPU unit count; SM, CU, or Apple GPU core",unresolved,unresolved,primary,,,,,,,,not_applicable_cpu,,No supported value found; retained as an explicit blank.
obs-cpu-single-thread-normalized-amd-epyc-9654,amd-epyc-9654,AMD EPYC 9654,AMD,server,cpu,cpu,2022-11-10,2022.857974,cpu_single_thread_normalized,124.2,normalized single-core index (legacy SPEC scale),one-copy benchmark normalized by the documented suite-specific continuity rule,normalized,high,primary,SPECspeed2017_int_base,13.8,raw x 9,,,{},,eligible,https://www.amd.com/en/products/processors/server/epyc/4th-generation-9004-and-8004-series/amd-epyc-9654.html; https://www.spec.org/cpu2017/results/res2023q4/cpu2017-20231014-39454.html,
obs-cpu-multicore-rate2000-int-base-amd-epyc-9654,amd-epyc-9654,AMD EPYC 9654,AMD,server,cpu,cpu,2022-11-10,2022.857974,cpu_multicore_rate2000_int_base,,SPECint_rate_base2000 (one chip),measured integer throughput of one CPU package in a published system,unresolved,unresolved,primary,,,,,,,,unresolved,,No supported value found; retained as an explicit blank.
obs-cpu-multicore-rate2006-int-base-amd-epyc-9654,amd-epyc-9654,AMD EPYC 9654,AMD,server,cpu,cpu,2022-11-10,2022.857974,cpu_multicore_rate2006_int_base,,SPECint_rate_base2006 (one chip),measured integer throughput of one CPU package in a published system,unresolved,unresolved,primary,,,,,,,,unresolved,,No supported value found; retained as an explicit blank.
obs-cpu-multicore-rate2017-int-base-amd-epyc-9654,amd-epyc-9654,AMD EPYC 9654,AMD,server,cpu,cpu,2022-11-10,2022.857974,cpu_multicore_rate2017_int_base,777,SPECrate2017_int_base (one chip),measured integer throughput of one CPU package in a published system,measured,direct,primary,SPECrate2017_int_base,777,,,,{},,supporting_raw_benchmark_not_plotted,https://www.spec.org/cpu2017/results/res2022q4/cpu2017-20221025-32663.html,Published one-chip system result: Supermicro A+ Server 1115CS-TNR; hardware availability not recorded. Score belongs to this tested configuration and this SPEC suite only; scores from other suites are not comparable.
obs-cpu-multicore-index-amd-epyc-9654,amd-epyc-9654,AMD EPYC 9654,AMD,server,cpu,cpu,2022-11-10,2022.857974,cpu_multicore_index,82062.4849191,estimated one-chip throughput index (2003=100),estimated integer-throughput index derived from a measured one-CPU-package SPEC rate,normalized,medium,derived_from_primary,SPECrate2017_int_base,777.0,Educational index; POWER4+ 2003 one-chip SPECint_rate_base2000 15.2 = 100. Bridges use median log ratios of matched one-chip processor results; not an official SPEC conversion.,,,"{""base_index"": 100.0, ""base_score"": 15.2, ""cpu2000_to_cpu2006"": 0.4988558352402746, ""cpu2006_to_cpu2017"": 0.12486988466935224, ""denominator_for_suite"": 0.9468394733189144, ""raw_score"": 777.0}",base_index * raw_score / denominator_for_suite,eligible,https://open.spec.org/cpu2000/results/res2006q3/cpu2000-20060705-06399.html; https://open.spec.org/cpu2000/results/res2006q3/cpu2000-20060904-07199.html; https://spec.org/cpu2006/results/res2018q1/cpu2006-20171212-51326.pdf; https://www.spec.org/cpu2000/results/res2006q3/cpu2000-20060705-06403.pdf; https://www.spec.org/cpu2006/results/res2006q3/cpu2006-20060904-00079.pdf; https://www.spec.org/cpu2006/results/res2006q3/cpu2006-20060904-00082.pdf; https://www.spec.org/cpu2006/results/res2007q3/cpu2006-20070723-01554.pdf; https://www.spec.org/cpu2006/results/res2017q2/cpu2006-20170529-47129.html; https://www.spec.org/cpu2017/results/res2017q4/cpu2017-20171211-01450.html; https://www.spec.org/cpu2017/results/res2018q1/cpu2017-20171212-01664.html; https://www.spec.org/cpu2017/results/res2022q4/cpu2017-20221025-32663.html,Estimated cross-suite index from measured one-chip rate. Raw result and all bridge reports are retained; consult cpu-throughput-bridges.json. SPEC does not endorse cross-suite score conversion.
obs-fp32-dense-peak-gflops-amd-epyc-9654,amd-epyc-9654,AMD EPYC 9654,AMD,server,cpu,cpu,2022-11-10,2022.857974,fp32_dense_peak_gflops,,GFLOP/s,dense non-tensor non-sparse FP32 vector peak,unresolved,unresolved,primary,,,,,,,,unresolved,,No supported value found; retained as an explicit blank.
obs-transistors-million-intel-data-center-gpu-max-1550,intel-data-center-gpu-max-1550,Intel Data Center GPU Max 1550,Intel,datacenter/HPC,gpu,gpu,2023-01-10,2023.024641,transistors_million,,million transistors,device or multi-die package transistor count,unresolved,unresolved,primary,,,,,,,,unresolved,,No supported value found; retained as an explicit blank.
obs-frequency-ghz-intel-data-center-gpu-max-1550,intel-data-center-gpu-max-1550,Intel Data Center GPU Max 1550,Intel,datacenter/HPC,gpu,gpu,2023-01-10,2023.024641,frequency_ghz,1.6,GHz,nominal/base clock unless source states otherwise,direct,direct,primary,,,,,,{},,eligible,https://www.intel.com/content/www/us/en/docs/oneapi/optimization-guide-gpu/2025-2/intel-xe-gpu-architecture.html; https://www.intel.com/content/www/us/en/products/sku/232873/intel-data-center-gpu-max-1550/specifications.html,
obs-power-w-intel-data-center-gpu-max-1550,intel-data-center-gpu-max-1550,Intel Data Center GPU Max 1550,Intel,datacenter/HPC,gpu,gpu,2023-01-10,2023.024641,power_w,600,W,GPU TBP/TDP,direct,direct,primary,,,,,,{},,eligible,https://www.intel.com/content/www/us/en/docs/oneapi/optimization-guide-gpu/2025-2/intel-xe-gpu-architecture.html; https://www.intel.com/content/www/us/en/products/sku/232873/intel-data-center-gpu-max-1550/specifications.html,
obs-cpu-physical-cores-intel-data-center-gpu-max-1550,intel-data-center-gpu-max-1550,Intel Data Center GPU Max 1550,Intel,datacenter/HPC,gpu,gpu,2023-01-10,2023.024641,cpu_physical_cores,,physical cores,physical CPU cores,unresolved,unresolved,primary,,,,,,,,not_applicable_gpu,,No supported value found; retained as an explicit blank.
obs-gpu-compute-units-intel-data-center-gpu-max-1550,intel-data-center-gpu-max-1550,Intel Data Center GPU Max 1550,Intel,datacenter/HPC,gpu,discrete_gpu,2023-01-10,2023.024641,gpu_compute_units,128,SMs / CUs / GPU cores,"vendor-native GPU unit count; SM, CU, or Apple GPU core",direct,direct,primary,,,,,,{},,supporting_noncomparable_not_plotted,https://www.intel.com/content/www/us/en/docs/oneapi/optimization-guide-gpu/2025-2/intel-xe-gpu-architecture.html; https://www.intel.com/content/www/us/en/products/sku/232873/intel-data-center-gpu-max-1550/specifications.html,
obs-cpu-single-thread-normalized-intel-data-center-gpu-max-1550,intel-data-center-gpu-max-1550,Intel Data Center GPU Max 1550,Intel,datacenter/HPC,gpu,gpu,2023-01-10,2023.024641,cpu_single_thread_normalized,,normalized single-core index (legacy SPEC scale),one-copy benchmark normalized by the documented suite-specific continuity rule,unresolved,unresolved,primary,,,,,,,,not_applicable_gpu,,No supported value found; retained as an explicit blank.
obs-cpu-multicore-rate2000-int-base-intel-data-center-gpu-max-1550,intel-data-center-gpu-max-1550,Intel Data Center GPU Max 1550,Intel,datacenter/HPC,gpu,gpu,2023-01-10,2023.024641,cpu_multicore_rate2000_int_base,,SPECint_rate_base2000 (one chip),measured integer throughput of one CPU package in a published system,unresolved,unresolved,primary,,,,,,,,not_applicable_gpu,,No supported value found; retained as an explicit blank.
obs-cpu-multicore-rate2006-int-base-intel-data-center-gpu-max-1550,intel-data-center-gpu-max-1550,Intel Data Center GPU Max 1550,Intel,datacenter/HPC,gpu,gpu,2023-01-10,2023.024641,cpu_multicore_rate2006_int_base,,SPECint_rate_base2006 (one chip),measured integer throughput of one CPU package in a published system,unresolved,unresolved,primary,,,,,,,,not_applicable_gpu,,No supported value found; retained as an explicit blank.
obs-cpu-multicore-rate2017-int-base-intel-data-center-gpu-max-1550,intel-data-center-gpu-max-1550,Intel Data Center GPU Max 1550,Intel,datacenter/HPC,gpu,gpu,2023-01-10,2023.024641,cpu_multicore_rate2017_int_base,,SPECrate2017_int_base (one chip),measured integer throughput of one CPU package in a published system,unresolved,unresolved,primary,,,,,,,,not_applicable_gpu,,No supported value found; retained as an explicit blank.
obs-cpu-multicore-index-intel-data-center-gpu-max-1550,intel-data-center-gpu-max-1550,Intel Data Center GPU Max 1550,Intel,datacenter/HPC,gpu,gpu,2023-01-10,2023.024641,cpu_multicore_index,,estimated one-chip throughput index (2003=100),estimated integer-throughput index derived from a measured one-CPU-package SPEC rate,unresolved,unresolved,primary,,,,,,,,not_applicable_gpu,,No supported value found; retained as an explicit blank.
obs-fp32-dense-peak-gflops-intel-data-center-gpu-max-1550,intel-data-center-gpu-max-1550,Intel Data Center GPU Max 1550,Intel,datacenter/HPC,gpu,discrete_gpu,2023-01-10,2023.024641,fp32_dense_peak_gflops,52428.8,GFLOP/s,dense non-tensor non-sparse FP32 vector peak,calculated,high,primary,,,,FP32 vector dense,maximum dynamic clock,"{""FP32_FLOPs_per_clock"": 32768, ""clock_GHz"": 1.6}",32768 * 1.6,eligible,https://www.intel.com/content/www/us/en/docs/oneapi/optimization-guide-gpu/2025-2/intel-xe-gpu-architecture.html; https://www.intel.com/content/www/us/en/products/sku/232873/intel-data-center-gpu-max-1550/specifications.html,
obs-transistors-million-intel-xeon-8480-plus,intel-xeon-8480-plus,Intel Xeon Platinum 8480+,Intel,server,cpu,cpu,2023-01-10,2023.024641,transistors_million,,million transistors,device or multi-die package transistor count,unresolved,unresolved,primary,,,,,,,,unresolved,,No supported value found; retained as an explicit blank.
obs-frequency-ghz-intel-xeon-8480-plus,intel-xeon-8480-plus,Intel Xeon Platinum 8480+,Intel,server,cpu,cpu,2023-01-10,2023.024641,frequency_ghz,2,GHz,nominal/base clock unless source states otherwise,direct,direct,primary,,,,,,{},,eligible,https://www.intel.com/content/www/us/en/ark/products/codename/126212/products-formerly-sapphire-rapids.html,
obs-power-w-intel-xeon-8480-plus,intel-xeon-8480-plus,Intel Xeon Platinum 8480+,Intel,server,cpu,cpu,2023-01-10,2023.024641,power_w,350,W,CPU TDP,direct,direct,primary,,,,,,{},,eligible,https://www.intel.com/content/www/us/en/ark/products/codename/126212/products-formerly-sapphire-rapids.html,
obs-cpu-physical-cores-intel-xeon-8480-plus,intel-xeon-8480-plus,Intel Xeon Platinum 8480+,Intel,server,cpu,cpu,2023-01-10,2023.024641,cpu_physical_cores,56,physical cores,physical CPU cores,direct,direct,primary,,,,,,{},,eligible,https://www.intel.com/content/www/us/en/ark/products/codename/126212/products-formerly-sapphire-rapids.html,
obs-gpu-compute-units-intel-xeon-8480-plus,intel-xeon-8480-plus,Intel Xeon Platinum 8480+,Intel,server,cpu,cpu,2023-01-10,2023.024641,gpu_compute_units,,SMs / CUs / GPU cores,"vendor-native GPU unit count; SM, CU, or Apple GPU core",unresolved,unresolved,primary,,,,,,,,not_applicable_cpu,,No supported value found; retained as an explicit blank.
obs-cpu-single-thread-normalized-intel-xeon-8480-plus,intel-xeon-8480-plus,Intel Xeon Platinum 8480+,Intel,server,cpu,cpu,2023-01-10,2023.024641,cpu_single_thread_normalized,,normalized single-core index (legacy SPEC scale),one-copy benchmark normalized by the documented suite-specific continuity rule,unresolved,unresolved,primary,,,,,,,,unresolved,,No supported value found; retained as an explicit blank.
obs-cpu-multicore-rate2000-int-base-intel-xeon-8480-plus,intel-xeon-8480-plus,Intel Xeon Platinum 8480+,Intel,server,cpu,cpu,2023-01-10,2023.024641,cpu_multicore_rate2000_int_base,,SPECint_rate_base2000 (one chip),measured integer throughput of one CPU package in a published system,unresolved,unresolved,primary,,,,,,,,unresolved,,No supported value found; retained as an explicit blank.
obs-cpu-multicore-rate2006-int-base-intel-xeon-8480-plus,intel-xeon-8480-plus,Intel Xeon Platinum 8480+,Intel,server,cpu,cpu,2023-01-10,2023.024641,cpu_multicore_rate2006_int_base,,SPECint_rate_base2006 (one chip),measured integer throughput of one CPU package in a published system,unresolved,unresolved,primary,,,,,,,,unresolved,,No supported value found; retained as an explicit blank.
obs-cpu-multicore-rate2017-int-base-intel-xeon-8480-plus,intel-xeon-8480-plus,Intel Xeon Platinum 8480+,Intel,server,cpu,cpu,2023-01-10,2023.024641,cpu_multicore_rate2017_int_base,448,SPECrate2017_int_base (one chip),measured integer throughput of one CPU package in a published system,measured,direct,primary,SPECrate2017_int_base,448,,,,{},,supporting_raw_benchmark_not_plotted,https://www.spec.org/cpu2017/results/res2023q4/cpu2017-20230925-39180.html,Published one-chip system result: Supermicro SYS-521C-NR; hardware availability not recorded. Score belongs to this tested configuration and this SPEC suite only; scores from other suites are not comparable.
obs-cpu-multicore-index-intel-xeon-8480-plus,intel-xeon-8480-plus,Intel Xeon Platinum 8480+,Intel,server,cpu,cpu,2023-01-10,2023.024641,cpu_multicore_index,47315.30662,estimated one-chip throughput index (2003=100),estimated integer-throughput index derived from a measured one-CPU-package SPEC rate,normalized,medium,derived_from_primary,SPECrate2017_int_base,448.0,Educational index; POWER4+ 2003 one-chip SPECint_rate_base2000 15.2 = 100. Bridges use median log ratios of matched one-chip processor results; not an official SPEC conversion.,,,"{""base_index"": 100.0, ""base_score"": 15.2, ""cpu2000_to_cpu2006"": 0.4988558352402746, ""cpu2006_to_cpu2017"": 0.12486988466935224, ""denominator_for_suite"": 0.9468394733189144, ""raw_score"": 448.0}",base_index * raw_score / denominator_for_suite,eligible,https://open.spec.org/cpu2000/results/res2006q3/cpu2000-20060705-06399.html; https://open.spec.org/cpu2000/results/res2006q3/cpu2000-20060904-07199.html; https://spec.org/cpu2006/results/res2018q1/cpu2006-20171212-51326.pdf; https://www.spec.org/cpu2000/results/res2006q3/cpu2000-20060705-06403.pdf; https://www.spec.org/cpu2006/results/res2006q3/cpu2006-20060904-00079.pdf; https://www.spec.org/cpu2006/results/res2006q3/cpu2006-20060904-00082.pdf; https://www.spec.org/cpu2006/results/res2007q3/cpu2006-20070723-01554.pdf; https://www.spec.org/cpu2006/results/res2017q2/cpu2006-20170529-47129.html; https://www.spec.org/cpu2017/results/res2017q4/cpu2017-20171211-01450.html; https://www.spec.org/cpu2017/results/res2018q1/cpu2017-20171212-01664.html; https://www.spec.org/cpu2017/results/res2023q4/cpu2017-20230925-39180.html,Estimated cross-suite index from measured one-chip rate. Raw result and all bridge reports are retained; consult cpu-throughput-bridges.json. SPEC does not endorse cross-suite score conversion.
obs-fp32-dense-peak-gflops-intel-xeon-8480-plus,intel-xeon-8480-plus,Intel Xeon Platinum 8480+,Intel,server,cpu,cpu,2023-01-10,2023.024641,fp32_dense_peak_gflops,,GFLOP/s,dense non-tensor non-sparse FP32 vector peak,unresolved,unresolved,primary,,,,,,,,unresolved,,No supported value found; retained as an explicit blank.
obs-transistors-million-apple-m2-max,apple-m2-max,Apple M2 Max,Apple,client,soc,soc_package,2023-01-17,2023.043806,transistors_million,67000,million transistors,device or multi-die package transistor count,direct,direct,primary,,,,,,{},,eligible,https://www.apple.com/newsroom/2023/01/apple-unveils-m2-pro-and-m2-max-next-generation-chips-for-next-level-workflows/,
obs-frequency-ghz-apple-m2-max,apple-m2-max,Apple M2 Max,Apple,client,soc,soc_package,2023-01-17,2023.043806,frequency_ghz,,GHz,nominal/base clock unless source states otherwise,unresolved,unresolved,primary,,,,,,,,unresolved,,No supported value found; retained as an explicit blank.
obs-power-w-apple-m2-max,apple-m2-max,Apple M2 Max,Apple,client,soc,soc_package,2023-01-17,2023.043806,power_w,,W,SoC package power,unresolved,unresolved,primary,,,,,,,,unresolved,,No supported value found; retained as an explicit blank.
obs-cpu-physical-cores-apple-m2-max,apple-m2-max,Apple M2 Max,Apple,client,soc,cpu,2023-01-17,2023.043806,cpu_physical_cores,12,physical cores,physical CPU cores,direct,direct,primary,,,,,,{},,eligible,https://www.apple.com/newsroom/2023/01/apple-unveils-m2-pro-and-m2-max-next-generation-chips-for-next-level-workflows/,
obs-gpu-compute-units-apple-m2-max,apple-m2-max,Apple M2 Max,Apple,client,soc,integrated_gpu,2023-01-17,2023.043806,gpu_compute_units,38,SMs / CUs / GPU cores,"vendor-native GPU unit count; SM, CU, or Apple GPU core",direct,direct,primary,,,,,,{},,supporting_noncomparable_not_plotted,https://www.apple.com/newsroom/2023/01/apple-unveils-m2-pro-and-m2-max-next-generation-chips-for-next-level-workflows/,
obs-cpu-single-thread-normalized-apple-m2-max,apple-m2-max,Apple M2 Max,Apple,client,soc,cpu,2023-01-17,2023.043806,cpu_single_thread_normalized,68.2,normalized single-core index (legacy SPEC scale),one-copy benchmark normalized by the documented suite-specific continuity rule,normalized,medium,derived_from_benchmark_and_legacy_anchor,Geekbench 7 single-core,2495,"59.9 * Geekbench 7 single-core score / 2190 (M1 anchor); approximate index, not a SPEC result",,,"{""anchor_index"": 59.9, ""anchor_raw_score"": 2190.0, ""raw_score"": 2495}","round(anchor_index * raw_score / anchor_raw_score, 1)",eligible,https://browser.geekbench.com/mac-benchmarks; https://github.com/karlrupp/microprocessor-trend-data/blob/master/newdata.txt#L38; https://www.apple.com/newsroom/2023/01/apple-unveils-m2-pro-and-m2-max-next-generation-chips-for-next-level-workflows/,"MacBook Pro 16-inch (2023), M2 Max 12-core CPU, 38-core GPU; Geekbench's Mac-chart average, requiring at least five unique submissions. Recorded 2026-09-23. The M1 anchor is the legacy graph's estimated SPECint continuity value; the cross-benchmark ratio is an illustrative trend estimate, not an official SPEC conversion."
obs-cpu-multicore-rate2000-int-base-apple-m2-max,apple-m2-max,Apple M2 Max,Apple,client,soc,cpu,2023-01-17,2023.043806,cpu_multicore_rate2000_int_base,,SPECint_rate_base2000 (one chip),measured integer throughput of one CPU package in a published system,unresolved,unresolved,primary,,,,,,,,unresolved,,No supported value found; retained as an explicit blank.
obs-cpu-multicore-rate2006-int-base-apple-m2-max,apple-m2-max,Apple M2 Max,Apple,client,soc,cpu,2023-01-17,2023.043806,cpu_multicore_rate2006_int_base,,SPECint_rate_base2006 (one chip),measured integer throughput of one CPU package in a published system,unresolved,unresolved,primary,,,,,,,,unresolved,,No supported value found; retained as an explicit blank.
obs-cpu-multicore-rate2017-int-base-apple-m2-max,apple-m2-max,Apple M2 Max,Apple,client,soc,cpu,2023-01-17,2023.043806,cpu_multicore_rate2017_int_base,,SPECrate2017_int_base (one chip),measured integer throughput of one CPU package in a published system,unresolved,unresolved,primary,,,,,,,,unresolved,,No supported value found; retained as an explicit blank.
obs-cpu-multicore-index-apple-m2-max,apple-m2-max,Apple M2 Max,Apple,client,soc,cpu,2023-01-17,2023.043806,cpu_multicore_index,,estimated one-chip throughput index (2003=100),estimated integer-throughput index derived from a measured one-CPU-package SPEC rate,unresolved,unresolved,primary,,,,,,,,unresolved,,No supported value found; retained as an explicit blank.
obs-fp32-dense-peak-gflops-apple-m2-max,apple-m2-max,Apple M2 Max,Apple,client,soc,integrated_gpu,2023-01-17,2023.043806,fp32_dense_peak_gflops,,GFLOP/s,dense non-tensor non-sparse FP32 vector peak,unresolved,unresolved,primary,,,,,,,,unresolved,,No supported value found; retained as an explicit blank.
obs-transistors-million-apple-m2-pro,apple-m2-pro,Apple M2 Pro,Apple,client,soc,soc_package,2023-01-17,2023.043806,transistors_million,40000,million transistors,device or multi-die package transistor count,direct,direct,primary,,,,,,{},,eligible,https://www.apple.com/newsroom/2023/01/apple-unveils-m2-pro-and-m2-max-next-generation-chips-for-next-level-workflows/,
obs-frequency-ghz-apple-m2-pro,apple-m2-pro,Apple M2 Pro,Apple,client,soc,soc_package,2023-01-17,2023.043806,frequency_ghz,,GHz,nominal/base clock unless source states otherwise,unresolved,unresolved,primary,,,,,,,,unresolved,,No supported value found; retained as an explicit blank.
obs-power-w-apple-m2-pro,apple-m2-pro,Apple M2 Pro,Apple,client,soc,soc_package,2023-01-17,2023.043806,power_w,,W,SoC package power,unresolved,unresolved,primary,,,,,,,,unresolved,,No supported value found; retained as an explicit blank.
obs-cpu-physical-cores-apple-m2-pro,apple-m2-pro,Apple M2 Pro,Apple,client,soc,cpu,2023-01-17,2023.043806,cpu_physical_cores,12,physical cores,physical CPU cores,direct,direct,primary,,,,,,{},,eligible,https://www.apple.com/newsroom/2023/01/apple-unveils-m2-pro-and-m2-max-next-generation-chips-for-next-level-workflows/,
obs-gpu-compute-units-apple-m2-pro,apple-m2-pro,Apple M2 Pro,Apple,client,soc,integrated_gpu,2023-01-17,2023.043806,gpu_compute_units,19,SMs / CUs / GPU cores,"vendor-native GPU unit count; SM, CU, or Apple GPU core",direct,direct,primary,,,,,,{},,supporting_noncomparable_not_plotted,https://www.apple.com/newsroom/2023/01/apple-unveils-m2-pro-and-m2-max-next-generation-chips-for-next-level-workflows/,
obs-cpu-single-thread-normalized-apple-m2-pro,apple-m2-pro,Apple M2 Pro,Apple,client,soc,cpu,2023-01-17,2023.043806,cpu_single_thread_normalized,66.5,normalized single-core index (legacy SPEC scale),one-copy benchmark normalized by the documented suite-specific continuity rule,normalized,medium,derived_from_benchmark_and_legacy_anchor,Geekbench 7 single-core,2432,"59.9 * Geekbench 7 single-core score / 2190 (M1 anchor); approximate index, not a SPEC result",,,"{""anchor_index"": 59.9, ""anchor_raw_score"": 2190.0, ""raw_score"": 2432}","round(anchor_index * raw_score / anchor_raw_score, 1)",eligible,https://browser.geekbench.com/mac-benchmarks; https://github.com/karlrupp/microprocessor-trend-data/blob/master/newdata.txt#L38; https://www.apple.com/newsroom/2023/01/apple-unveils-m2-pro-and-m2-max-next-generation-chips-for-next-level-workflows/,"MacBook Pro 16-inch (2023), M2 Pro 12-core CPU; Geekbench's Mac-chart average, requiring at least five unique submissions. Recorded 2026-09-23. The M1 anchor is the legacy graph's estimated SPECint continuity value; the cross-benchmark ratio is an illustrative trend estimate, not an official SPEC conversion."
obs-cpu-multicore-rate2000-int-base-apple-m2-pro,apple-m2-pro,Apple M2 Pro,Apple,client,soc,cpu,2023-01-17,2023.043806,cpu_multicore_rate2000_int_base,,SPECint_rate_base2000 (one chip),measured integer throughput of one CPU package in a published system,unresolved,unresolved,primary,,,,,,,,unresolved,,No supported value found; retained as an explicit blank.
obs-cpu-multicore-rate2006-int-base-apple-m2-pro,apple-m2-pro,Apple M2 Pro,Apple,client,soc,cpu,2023-01-17,2023.043806,cpu_multicore_rate2006_int_base,,SPECint_rate_base2006 (one chip),measured integer throughput of one CPU package in a published system,unresolved,unresolved,primary,,,,,,,,unresolved,,No supported value found; retained as an explicit blank.
obs-cpu-multicore-rate2017-int-base-apple-m2-pro,apple-m2-pro,Apple M2 Pro,Apple,client,soc,cpu,2023-01-17,2023.043806,cpu_multicore_rate2017_int_base,,SPECrate2017_int_base (one chip),measured integer throughput of one CPU package in a published system,unresolved,unresolved,primary,,,,,,,,unresolved,,No supported value found; retained as an explicit blank.
obs-cpu-multicore-index-apple-m2-pro,apple-m2-pro,Apple M2 Pro,Apple,client,soc,cpu,2023-01-17,2023.043806,cpu_multicore_index,,estimated one-chip throughput index (2003=100),estimated integer-throughput index derived from a measured one-CPU-package SPEC rate,unresolved,unresolved,primary,,,,,,,,unresolved,,No supported value found; retained as an explicit blank.
obs-fp32-dense-peak-gflops-apple-m2-pro,apple-m2-pro,Apple M2 Pro,Apple,client,soc,integrated_gpu,2023-01-17,2023.043806,fp32_dense_peak_gflops,,GFLOP/s,dense non-tensor non-sparse FP32 vector peak,unresolved,unresolved,primary,,,,,,,,unresolved,,No supported value found; retained as an explicit blank.
obs-transistors-million-nvidia-grace-cpu-superchip,nvidia-grace-cpu-superchip,NVIDIA Grace CPU Superchip,NVIDIA,server/HPC,cpu,cpu,2023-05-29,2023.409993,transistors_million,,million transistors,device or multi-die package transistor count,unresolved,unresolved,primary,,,,,,,,unresolved,,No supported value found; retained as an explicit blank.
obs-frequency-ghz-nvidia-grace-cpu-superchip,nvidia-grace-cpu-superchip,NVIDIA Grace CPU Superchip,NVIDIA,server/HPC,cpu,cpu,2023-05-29,2023.409993,frequency_ghz,,GHz,nominal/base clock unless source states otherwise,unresolved,unresolved,primary,,,,,,,,unresolved,,No supported value found; retained as an explicit blank.
obs-power-w-nvidia-grace-cpu-superchip,nvidia-grace-cpu-superchip,NVIDIA Grace CPU Superchip,NVIDIA,server/HPC,cpu,cpu,2023-05-29,2023.409993,power_w,500,W,CPU TDP,direct,direct,primary,,,,,,{},,eligible,https://developer.nvidia.com/blog/?p=59829,
obs-cpu-physical-cores-nvidia-grace-cpu-superchip,nvidia-grace-cpu-superchip,NVIDIA Grace CPU Superchip,NVIDIA,server/HPC,cpu,cpu,2023-05-29,2023.409993,cpu_physical_cores,144,physical cores,physical CPU cores,direct,direct,primary,,,,,,{},,eligible,https://developer.nvidia.com/blog/?p=59829,
obs-gpu-compute-units-nvidia-grace-cpu-superchip,nvidia-grace-cpu-superchip,NVIDIA Grace CPU Superchip,NVIDIA,server/HPC,cpu,cpu,2023-05-29,2023.409993,gpu_compute_units,,SMs / CUs / GPU cores,"vendor-native GPU unit count; SM, CU, or Apple GPU core",unresolved,unresolved,primary,,,,,,,,not_applicable_cpu,,No supported value found; retained as an explicit blank.
obs-cpu-single-thread-normalized-nvidia-grace-cpu-superchip,nvidia-grace-cpu-superchip,NVIDIA Grace CPU Superchip,NVIDIA,server/HPC,cpu,cpu,2023-05-29,2023.409993,cpu_single_thread_normalized,,normalized single-core index (legacy SPEC scale),one-copy benchmark normalized by the documented suite-specific continuity rule,unresolved,unresolved,primary,,,,,,,,unresolved,,No supported value found; retained as an explicit blank.
obs-cpu-multicore-rate2000-int-base-nvidia-grace-cpu-superchip,nvidia-grace-cpu-superchip,NVIDIA Grace CPU Superchip,NVIDIA,server/HPC,cpu,cpu,2023-05-29,2023.409993,cpu_multicore_rate2000_int_base,,SPECint_rate_base2000 (one chip),measured integer throughput of one CPU package in a published system,unresolved,unresolved,primary,,,,,,,,unresolved,,No supported value found; retained as an explicit blank.
obs-cpu-multicore-rate2006-int-base-nvidia-grace-cpu-superchip,nvidia-grace-cpu-superchip,NVIDIA Grace CPU Superchip,NVIDIA,server/HPC,cpu,cpu,2023-05-29,2023.409993,cpu_multicore_rate2006_int_base,,SPECint_rate_base2006 (one chip),measured integer throughput of one CPU package in a published system,unresolved,unresolved,primary,,,,,,,,unresolved,,No supported value found; retained as an explicit blank.
obs-cpu-multicore-rate2017-int-base-nvidia-grace-cpu-superchip,nvidia-grace-cpu-superchip,NVIDIA Grace CPU Superchip,NVIDIA,server/HPC,cpu,cpu,2023-05-29,2023.409993,cpu_multicore_rate2017_int_base,,SPECrate2017_int_base (one chip),measured integer throughput of one CPU package in a published system,unresolved,unresolved,primary,,,,,,,,unresolved,,No supported value found; retained as an explicit blank.
obs-cpu-multicore-index-nvidia-grace-cpu-superchip,nvidia-grace-cpu-superchip,NVIDIA Grace CPU Superchip,NVIDIA,server/HPC,cpu,cpu,2023-05-29,2023.409993,cpu_multicore_index,,estimated one-chip throughput index (2003=100),estimated integer-throughput index derived from a measured one-CPU-package SPEC rate,unresolved,unresolved,primary,,,,,,,,unresolved,,No supported value found; retained as an explicit blank.
obs-fp32-dense-peak-gflops-nvidia-grace-cpu-superchip,nvidia-grace-cpu-superchip,NVIDIA Grace CPU Superchip,NVIDIA,server/HPC,cpu,cpu,2023-05-29,2023.409993,fp32_dense_peak_gflops,,GFLOP/s,dense non-tensor non-sparse FP32 vector peak,unresolved,unresolved,primary,,,,,,,,unresolved,,No supported value found; retained as an explicit blank.
obs-transistors-million-apple-m2-ultra,apple-m2-ultra,Apple M2 Ultra,Apple,workstation,soc,soc_package,2023-06-05,2023.427618,transistors_million,134000,million transistors,device or multi-die package transistor count,direct,direct,primary,,,,,,{},,eligible,https://www.apple.com/newsroom/2023/06/apple-introduces-m2-ultra/,
obs-frequency-ghz-apple-m2-ultra,apple-m2-ultra,Apple M2 Ultra,Apple,workstation,soc,soc_package,2023-06-05,2023.427618,frequency_ghz,,GHz,nominal/base clock unless source states otherwise,unresolved,unresolved,primary,,,,,,,,unresolved,,No supported value found; retained as an explicit blank.
obs-power-w-apple-m2-ultra,apple-m2-ultra,Apple M2 Ultra,Apple,workstation,soc,soc_package,2023-06-05,2023.427618,power_w,,W,SoC package power,unresolved,unresolved,primary,,,,,,,,unresolved,,No supported value found; retained as an explicit blank.
obs-cpu-physical-cores-apple-m2-ultra,apple-m2-ultra,Apple M2 Ultra,Apple,workstation,soc,cpu,2023-06-05,2023.427618,cpu_physical_cores,24,physical cores,physical CPU cores,direct,direct,primary,,,,,,{},,eligible,https://www.apple.com/newsroom/2023/06/apple-introduces-m2-ultra/,
obs-gpu-compute-units-apple-m2-ultra,apple-m2-ultra,Apple M2 Ultra,Apple,workstation,soc,integrated_gpu,2023-06-05,2023.427618,gpu_compute_units,76,SMs / CUs / GPU cores,"vendor-native GPU unit count; SM, CU, or Apple GPU core",direct,direct,primary,,,,,,{},,supporting_noncomparable_not_plotted,https://www.apple.com/newsroom/2023/06/apple-introduces-m2-ultra/,
obs-cpu-single-thread-normalized-apple-m2-ultra,apple-m2-ultra,Apple M2 Ultra,Apple,workstation,soc,cpu,2023-06-05,2023.427618,cpu_single_thread_normalized,69,normalized single-core index (legacy SPEC scale),one-copy benchmark normalized by the documented suite-specific continuity rule,normalized,medium,derived_from_benchmark_and_legacy_anchor,Geekbench 7 single-core,2523,"59.9 * Geekbench 7 single-core score / 2190 (M1 anchor); approximate index, not a SPEC result",,,"{""anchor_index"": 59.9, ""anchor_raw_score"": 2190.0, ""raw_score"": 2523}","round(anchor_index * raw_score / anchor_raw_score, 1)",eligible,https://browser.geekbench.com/mac-benchmarks; https://github.com/karlrupp/microprocessor-trend-data/blob/master/newdata.txt#L38; https://www.apple.com/newsroom/2023/06/apple-introduces-m2-ultra/,"Mac Studio (2023), M2 Ultra 24-core CPU, 76-core GPU; Geekbench's Mac-chart average, requiring at least five unique submissions. Recorded 2026-09-23. The M1 anchor is the legacy graph's estimated SPECint continuity value; the cross-benchmark ratio is an illustrative trend estimate, not an official SPEC conversion."
obs-cpu-multicore-rate2000-int-base-apple-m2-ultra,apple-m2-ultra,Apple M2 Ultra,Apple,workstation,soc,cpu,2023-06-05,2023.427618,cpu_multicore_rate2000_int_base,,SPECint_rate_base2000 (one chip),measured integer throughput of one CPU package in a published system,unresolved,unresolved,primary,,,,,,,,unresolved,,No supported value found; retained as an explicit blank.
obs-cpu-multicore-rate2006-int-base-apple-m2-ultra,apple-m2-ultra,Apple M2 Ultra,Apple,workstation,soc,cpu,2023-06-05,2023.427618,cpu_multicore_rate2006_int_base,,SPECint_rate_base2006 (one chip),measured integer throughput of one CPU package in a published system,unresolved,unresolved,primary,,,,,,,,unresolved,,No supported value found; retained as an explicit blank.
obs-cpu-multicore-rate2017-int-base-apple-m2-ultra,apple-m2-ultra,Apple M2 Ultra,Apple,workstation,soc,cpu,2023-06-05,2023.427618,cpu_multicore_rate2017_int_base,,SPECrate2017_int_base (one chip),measured integer throughput of one CPU package in a published system,unresolved,unresolved,primary,,,,,,,,unresolved,,No supported value found; retained as an explicit blank.
obs-cpu-multicore-index-apple-m2-ultra,apple-m2-ultra,Apple M2 Ultra,Apple,workstation,soc,cpu,2023-06-05,2023.427618,cpu_multicore_index,,estimated one-chip throughput index (2003=100),estimated integer-throughput index derived from a measured one-CPU-package SPEC rate,unresolved,unresolved,primary,,,,,,,,unresolved,,No supported value found; retained as an explicit blank.
obs-fp32-dense-peak-gflops-apple-m2-ultra,apple-m2-ultra,Apple M2 Ultra,Apple,workstation,soc,integrated_gpu,2023-06-05,2023.427618,fp32_dense_peak_gflops,,GFLOP/s,dense non-tensor non-sparse FP32 vector peak,unresolved,unresolved,primary,,,,,,,,unresolved,,No supported value found; retained as an explicit blank.
obs-transistors-million-amd-epyc-9754,amd-epyc-9754,AMD EPYC 9754,AMD,server,cpu,cpu,2023-06-13,2023.449521,transistors_million,,million transistors,device or multi-die package transistor count,unresolved,unresolved,primary,,,,,,,,unresolved,,No supported value found; retained as an explicit blank.
obs-frequency-ghz-amd-epyc-9754,amd-epyc-9754,AMD EPYC 9754,AMD,server,cpu,cpu,2023-06-13,2023.449521,frequency_ghz,2.25,GHz,nominal/base clock unless source states otherwise,direct,direct,primary,,,,,,{},,eligible,https://www.amd.com/content/dam/amd/en/documents/epyc-business-docs/datasheets/amd-epyc-9004-series-processors-datasheet.pdf; https://www.spec.org/cpu2017/results/res2025q3/cpu2017-20250822-49370.html,
obs-power-w-amd-epyc-9754,amd-epyc-9754,AMD EPYC 9754,AMD,server,cpu,cpu,2023-06-13,2023.449521,power_w,360,W,CPU TDP,direct,direct,primary,,,,,,{},,eligible,https://www.amd.com/content/dam/amd/en/documents/epyc-business-docs/datasheets/amd-epyc-9004-series-processors-datasheet.pdf; https://www.spec.org/cpu2017/results/res2025q3/cpu2017-20250822-49370.html,
obs-cpu-physical-cores-amd-epyc-9754,amd-epyc-9754,AMD EPYC 9754,AMD,server,cpu,cpu,2023-06-13,2023.449521,cpu_physical_cores,128,physical cores,physical CPU cores,direct,direct,primary,,,,,,{},,eligible,https://www.amd.com/content/dam/amd/en/documents/epyc-business-docs/datasheets/amd-epyc-9004-series-processors-datasheet.pdf; https://www.spec.org/cpu2017/results/res2025q3/cpu2017-20250822-49370.html,
obs-gpu-compute-units-amd-epyc-9754,amd-epyc-9754,AMD EPYC 9754,AMD,server,cpu,cpu,2023-06-13,2023.449521,gpu_compute_units,,SMs / CUs / GPU cores,"vendor-native GPU unit count; SM, CU, or Apple GPU core",unresolved,unresolved,primary,,,,,,,,not_applicable_cpu,,No supported value found; retained as an explicit blank.
obs-cpu-single-thread-normalized-amd-epyc-9754,amd-epyc-9754,AMD EPYC 9754,AMD,server,cpu,cpu,2023-06-13,2023.449521,cpu_single_thread_normalized,105.3,normalized single-core index (legacy SPEC scale),one-copy benchmark normalized by the documented suite-specific continuity rule,normalized,high,primary,SPECspeed2017_int_base,11.7,raw x 9,,,{},,eligible,https://www.amd.com/content/dam/amd/en/documents/epyc-business-docs/datasheets/amd-epyc-9004-series-processors-datasheet.pdf; https://www.spec.org/cpu2017/results/res2025q3/cpu2017-20250822-49370.html,
obs-cpu-multicore-rate2000-int-base-amd-epyc-9754,amd-epyc-9754,AMD EPYC 9754,AMD,server,cpu,cpu,2023-06-13,2023.449521,cpu_multicore_rate2000_int_base,,SPECint_rate_base2000 (one chip),measured integer throughput of one CPU package in a published system,unresolved,unresolved,primary,,,,,,,,unresolved,,No supported value found; retained as an explicit blank.
obs-cpu-multicore-rate2006-int-base-amd-epyc-9754,amd-epyc-9754,AMD EPYC 9754,AMD,server,cpu,cpu,2023-06-13,2023.449521,cpu_multicore_rate2006_int_base,,SPECint_rate_base2006 (one chip),measured integer throughput of one CPU package in a published system,unresolved,unresolved,primary,,,,,,,,unresolved,,No supported value found; retained as an explicit blank.
obs-cpu-multicore-rate2017-int-base-amd-epyc-9754,amd-epyc-9754,AMD EPYC 9754,AMD,server,cpu,cpu,2023-06-13,2023.449521,cpu_multicore_rate2017_int_base,926,SPECrate2017_int_base (one chip),measured integer throughput of one CPU package in a published system,measured,direct,primary,SPECrate2017_int_base,926,,,,{},,supporting_raw_benchmark_not_plotted,https://www.spec.org/cpu2017/results/res2023q2/cpu2017-20230523-36880.html,Published one-chip system result: Supermicro AS-2015CS-TNR; hardware availability not recorded. Score belongs to this tested configuration and this SPEC suite only; scores from other suites are not comparable.
obs-cpu-multicore-index-amd-epyc-9754,amd-epyc-9754,AMD EPYC 9754,AMD,server,cpu,cpu,2023-06-13,2023.449521,cpu_multicore_index,97799.0489512,estimated one-chip throughput index (2003=100),estimated integer-throughput index derived from a measured one-CPU-package SPEC rate,normalized,medium,derived_from_primary,SPECrate2017_int_base,926.0,Educational index; POWER4+ 2003 one-chip SPECint_rate_base2000 15.2 = 100. Bridges use median log ratios of matched one-chip processor results; not an official SPEC conversion.,,,"{""base_index"": 100.0, ""base_score"": 15.2, ""cpu2000_to_cpu2006"": 0.4988558352402746, ""cpu2006_to_cpu2017"": 0.12486988466935224, ""denominator_for_suite"": 0.9468394733189144, ""raw_score"": 926.0}",base_index * raw_score / denominator_for_suite,eligible,https://open.spec.org/cpu2000/results/res2006q3/cpu2000-20060705-06399.html; https://open.spec.org/cpu2000/results/res2006q3/cpu2000-20060904-07199.html; https://spec.org/cpu2006/results/res2018q1/cpu2006-20171212-51326.pdf; https://www.spec.org/cpu2000/results/res2006q3/cpu2000-20060705-06403.pdf; https://www.spec.org/cpu2006/results/res2006q3/cpu2006-20060904-00079.pdf; https://www.spec.org/cpu2006/results/res2006q3/cpu2006-20060904-00082.pdf; https://www.spec.org/cpu2006/results/res2007q3/cpu2006-20070723-01554.pdf; https://www.spec.org/cpu2006/results/res2017q2/cpu2006-20170529-47129.html; https://www.spec.org/cpu2017/results/res2017q4/cpu2017-20171211-01450.html; https://www.spec.org/cpu2017/results/res2018q1/cpu2017-20171212-01664.html; https://www.spec.org/cpu2017/results/res2023q2/cpu2017-20230523-36880.html,Estimated cross-suite index from measured one-chip rate. Raw result and all bridge reports are retained; consult cpu-throughput-bridges.json. SPEC does not endorse cross-suite score conversion.
obs-fp32-dense-peak-gflops-amd-epyc-9754,amd-epyc-9754,AMD EPYC 9754,AMD,server,cpu,cpu,2023-06-13,2023.449521,fp32_dense_peak_gflops,,GFLOP/s,dense non-tensor non-sparse FP32 vector peak,unresolved,unresolved,primary,,,,,,,,unresolved,,No supported value found; retained as an explicit blank.
obs-transistors-million-apple-m3,apple-m3,Apple M3,Apple,client,soc,soc_package,2023-10-30,2023.829398,transistors_million,25000,million transistors,device or multi-die package transistor count,direct,direct,primary,,,,,,{},,eligible,https://www.apple.com/newsroom/2023/10/apple-unveils-m3-m3-pro-and-m3-max-the-most-advanced-chips-for-a-personal-computer/,
obs-frequency-ghz-apple-m3,apple-m3,Apple M3,Apple,client,soc,soc_package,2023-10-30,2023.829398,frequency_ghz,,GHz,nominal/base clock unless source states otherwise,unresolved,unresolved,primary,,,,,,,,unresolved,,No supported value found; retained as an explicit blank.
obs-power-w-apple-m3,apple-m3,Apple M3,Apple,client,soc,soc_package,2023-10-30,2023.829398,power_w,,W,SoC package power,unresolved,unresolved,primary,,,,,,,,unresolved,,No supported value found; retained as an explicit blank.
obs-cpu-physical-cores-apple-m3,apple-m3,Apple M3,Apple,client,soc,cpu,2023-10-30,2023.829398,cpu_physical_cores,8,physical cores,physical CPU cores,direct,direct,primary,,,,,,{},,eligible,https://www.apple.com/newsroom/2023/10/apple-unveils-m3-m3-pro-and-m3-max-the-most-advanced-chips-for-a-personal-computer/,
obs-gpu-compute-units-apple-m3,apple-m3,Apple M3,Apple,client,soc,integrated_gpu,2023-10-30,2023.829398,gpu_compute_units,10,SMs / CUs / GPU cores,"vendor-native GPU unit count; SM, CU, or Apple GPU core",direct,direct,primary,,,,,,{},,supporting_noncomparable_not_plotted,https://www.apple.com/newsroom/2023/10/apple-unveils-m3-m3-pro-and-m3-max-the-most-advanced-chips-for-a-personal-computer/,
obs-cpu-single-thread-normalized-apple-m3,apple-m3,Apple M3,Apple,client,soc,cpu,2023-10-30,2023.829398,cpu_single_thread_normalized,75.7,normalized single-core index (legacy SPEC scale),one-copy benchmark normalized by the documented suite-specific continuity rule,normalized,medium,derived_from_benchmark_and_legacy_anchor,Geekbench 7 single-core,2769,"59.9 * Geekbench 7 single-core score / 2190 (M1 anchor); approximate index, not a SPEC result",,,"{""anchor_index"": 59.9, ""anchor_raw_score"": 2190.0, ""raw_score"": 2769}","round(anchor_index * raw_score / anchor_raw_score, 1)",eligible,https://browser.geekbench.com/mac-benchmarks; https://github.com/karlrupp/microprocessor-trend-data/blob/master/newdata.txt#L38; https://www.apple.com/newsroom/2023/10/apple-unveils-m3-m3-pro-and-m3-max-the-most-advanced-chips-for-a-personal-computer/,"MacBook Pro 14-inch (Nov 2023), M3 8-core CPU; Geekbench's Mac-chart average, requiring at least five unique submissions. Recorded 2026-09-23. The M1 anchor is the legacy graph's estimated SPECint continuity value; the cross-benchmark ratio is an illustrative trend estimate, not an official SPEC conversion."
obs-cpu-multicore-rate2000-int-base-apple-m3,apple-m3,Apple M3,Apple,client,soc,cpu,2023-10-30,2023.829398,cpu_multicore_rate2000_int_base,,SPECint_rate_base2000 (one chip),measured integer throughput of one CPU package in a published system,unresolved,unresolved,primary,,,,,,,,unresolved,,No supported value found; retained as an explicit blank.
obs-cpu-multicore-rate2006-int-base-apple-m3,apple-m3,Apple M3,Apple,client,soc,cpu,2023-10-30,2023.829398,cpu_multicore_rate2006_int_base,,SPECint_rate_base2006 (one chip),measured integer throughput of one CPU package in a published system,unresolved,unresolved,primary,,,,,,,,unresolved,,No supported value found; retained as an explicit blank.
obs-cpu-multicore-rate2017-int-base-apple-m3,apple-m3,Apple M3,Apple,client,soc,cpu,2023-10-30,2023.829398,cpu_multicore_rate2017_int_base,,SPECrate2017_int_base (one chip),measured integer throughput of one CPU package in a published system,unresolved,unresolved,primary,,,,,,,,unresolved,,No supported value found; retained as an explicit blank.
obs-cpu-multicore-index-apple-m3,apple-m3,Apple M3,Apple,client,soc,cpu,2023-10-30,2023.829398,cpu_multicore_index,,estimated one-chip throughput index (2003=100),estimated integer-throughput index derived from a measured one-CPU-package SPEC rate,unresolved,unresolved,primary,,,,,,,,unresolved,,No supported value found; retained as an explicit blank.
obs-fp32-dense-peak-gflops-apple-m3,apple-m3,Apple M3,Apple,client,soc,integrated_gpu,2023-10-30,2023.829398,fp32_dense_peak_gflops,,GFLOP/s,dense non-tensor non-sparse FP32 vector peak,unresolved,unresolved,primary,,,,,,,,unresolved,,No supported value found; retained as an explicit blank.
obs-transistors-million-apple-m3-max,apple-m3-max,Apple M3 Max,Apple,client,soc,soc_package,2023-10-30,2023.829398,transistors_million,92000,million transistors,device or multi-die package transistor count,direct,direct,primary,,,,,,{},,eligible,https://www.apple.com/newsroom/2023/10/apple-unveils-m3-m3-pro-and-m3-max-the-most-advanced-chips-for-a-personal-computer/,
obs-frequency-ghz-apple-m3-max,apple-m3-max,Apple M3 Max,Apple,client,soc,soc_package,2023-10-30,2023.829398,frequency_ghz,,GHz,nominal/base clock unless source states otherwise,unresolved,unresolved,primary,,,,,,,,unresolved,,No supported value found; retained as an explicit blank.
obs-power-w-apple-m3-max,apple-m3-max,Apple M3 Max,Apple,client,soc,soc_package,2023-10-30,2023.829398,power_w,,W,SoC package power,unresolved,unresolved,primary,,,,,,,,unresolved,,No supported value found; retained as an explicit blank.
obs-cpu-physical-cores-apple-m3-max,apple-m3-max,Apple M3 Max,Apple,client,soc,cpu,2023-10-30,2023.829398,cpu_physical_cores,16,physical cores,physical CPU cores,direct,direct,primary,,,,,,{},,eligible,https://www.apple.com/newsroom/2023/10/apple-unveils-m3-m3-pro-and-m3-max-the-most-advanced-chips-for-a-personal-computer/,
obs-gpu-compute-units-apple-m3-max,apple-m3-max,Apple M3 Max,Apple,client,soc,integrated_gpu,2023-10-30,2023.829398,gpu_compute_units,40,SMs / CUs / GPU cores,"vendor-native GPU unit count; SM, CU, or Apple GPU core",direct,direct,primary,,,,,,{},,supporting_noncomparable_not_plotted,https://www.apple.com/newsroom/2023/10/apple-unveils-m3-m3-pro-and-m3-max-the-most-advanced-chips-for-a-personal-computer/,
obs-cpu-single-thread-normalized-apple-m3-max,apple-m3-max,Apple M3 Max,Apple,client,soc,cpu,2023-10-30,2023.829398,cpu_single_thread_normalized,77.3,normalized single-core index (legacy SPEC scale),one-copy benchmark normalized by the documented suite-specific continuity rule,normalized,medium,derived_from_benchmark_and_legacy_anchor,Geekbench 7 single-core,2826,"59.9 * Geekbench 7 single-core score / 2190 (M1 anchor); approximate index, not a SPEC result",,,"{""anchor_index"": 59.9, ""anchor_raw_score"": 2190.0, ""raw_score"": 2826}","round(anchor_index * raw_score / anchor_raw_score, 1)",eligible,https://browser.geekbench.com/mac-benchmarks; https://github.com/karlrupp/microprocessor-trend-data/blob/master/newdata.txt#L38; https://www.apple.com/newsroom/2023/10/apple-unveils-m3-m3-pro-and-m3-max-the-most-advanced-chips-for-a-personal-computer/,"MacBook Pro 16-inch (Nov 2023), M3 Max 16-core CPU; Geekbench's Mac-chart average, requiring at least five unique submissions. Recorded 2026-09-23. The M1 anchor is the legacy graph's estimated SPECint continuity value; the cross-benchmark ratio is an illustrative trend estimate, not an official SPEC conversion."
obs-cpu-multicore-rate2000-int-base-apple-m3-max,apple-m3-max,Apple M3 Max,Apple,client,soc,cpu,2023-10-30,2023.829398,cpu_multicore_rate2000_int_base,,SPECint_rate_base2000 (one chip),measured integer throughput of one CPU package in a published system,unresolved,unresolved,primary,,,,,,,,unresolved,,No supported value found; retained as an explicit blank.
obs-cpu-multicore-rate2006-int-base-apple-m3-max,apple-m3-max,Apple M3 Max,Apple,client,soc,cpu,2023-10-30,2023.829398,cpu_multicore_rate2006_int_base,,SPECint_rate_base2006 (one chip),measured integer throughput of one CPU package in a published system,unresolved,unresolved,primary,,,,,,,,unresolved,,No supported value found; retained as an explicit blank.
obs-cpu-multicore-rate2017-int-base-apple-m3-max,apple-m3-max,Apple M3 Max,Apple,client,soc,cpu,2023-10-30,2023.829398,cpu_multicore_rate2017_int_base,,SPECrate2017_int_base (one chip),measured integer throughput of one CPU package in a published system,unresolved,unresolved,primary,,,,,,,,unresolved,,No supported value found; retained as an explicit blank.
obs-cpu-multicore-index-apple-m3-max,apple-m3-max,Apple M3 Max,Apple,client,soc,cpu,2023-10-30,2023.829398,cpu_multicore_index,,estimated one-chip throughput index (2003=100),estimated integer-throughput index derived from a measured one-CPU-package SPEC rate,unresolved,unresolved,primary,,,,,,,,unresolved,,No supported value found; retained as an explicit blank.
obs-fp32-dense-peak-gflops-apple-m3-max,apple-m3-max,Apple M3 Max,Apple,client,soc,integrated_gpu,2023-10-30,2023.829398,fp32_dense_peak_gflops,,GFLOP/s,dense non-tensor non-sparse FP32 vector peak,unresolved,unresolved,primary,,,,,,,,unresolved,,No supported value found; retained as an explicit blank.
obs-transistors-million-apple-m3-pro,apple-m3-pro,Apple M3 Pro,Apple,client,soc,soc_package,2023-10-30,2023.829398,transistors_million,37000,million transistors,device or multi-die package transistor count,direct,direct,primary,,,,,,{},,eligible,https://www.apple.com/newsroom/2023/10/apple-unveils-m3-m3-pro-and-m3-max-the-most-advanced-chips-for-a-personal-computer/,
obs-frequency-ghz-apple-m3-pro,apple-m3-pro,Apple M3 Pro,Apple,client,soc,soc_package,2023-10-30,2023.829398,frequency_ghz,,GHz,nominal/base clock unless source states otherwise,unresolved,unresolved,primary,,,,,,,,unresolved,,No supported value found; retained as an explicit blank.
obs-power-w-apple-m3-pro,apple-m3-pro,Apple M3 Pro,Apple,client,soc,soc_package,2023-10-30,2023.829398,power_w,,W,SoC package power,unresolved,unresolved,primary,,,,,,,,unresolved,,No supported value found; retained as an explicit blank.
obs-cpu-physical-cores-apple-m3-pro,apple-m3-pro,Apple M3 Pro,Apple,client,soc,cpu,2023-10-30,2023.829398,cpu_physical_cores,12,physical cores,physical CPU cores,direct,direct,primary,,,,,,{},,eligible,https://www.apple.com/newsroom/2023/10/apple-unveils-m3-m3-pro-and-m3-max-the-most-advanced-chips-for-a-personal-computer/,
obs-gpu-compute-units-apple-m3-pro,apple-m3-pro,Apple M3 Pro,Apple,client,soc,integrated_gpu,2023-10-30,2023.829398,gpu_compute_units,18,SMs / CUs / GPU cores,"vendor-native GPU unit count; SM, CU, or Apple GPU core",direct,direct,primary,,,,,,{},,supporting_noncomparable_not_plotted,https://www.apple.com/newsroom/2023/10/apple-unveils-m3-m3-pro-and-m3-max-the-most-advanced-chips-for-a-personal-computer/,
obs-cpu-single-thread-normalized-apple-m3-pro,apple-m3-pro,Apple M3 Pro,Apple,client,soc,cpu,2023-10-30,2023.829398,cpu_single_thread_normalized,77,normalized single-core index (legacy SPEC scale),one-copy benchmark normalized by the documented suite-specific continuity rule,normalized,medium,derived_from_benchmark_and_legacy_anchor,Geekbench 7 single-core,2815,"59.9 * Geekbench 7 single-core score / 2190 (M1 anchor); approximate index, not a SPEC result",,,"{""anchor_index"": 59.9, ""anchor_raw_score"": 2190.0, ""raw_score"": 2815}","round(anchor_index * raw_score / anchor_raw_score, 1)",eligible,https://browser.geekbench.com/mac-benchmarks; https://github.com/karlrupp/microprocessor-trend-data/blob/master/newdata.txt#L38; https://www.apple.com/newsroom/2023/10/apple-unveils-m3-m3-pro-and-m3-max-the-most-advanced-chips-for-a-personal-computer/,"MacBook Pro 16-inch (Nov 2023), M3 Pro 12-core CPU; Geekbench's Mac-chart average, requiring at least five unique submissions. Recorded 2026-09-23. The M1 anchor is the legacy graph's estimated SPECint continuity value; the cross-benchmark ratio is an illustrative trend estimate, not an official SPEC conversion."
obs-cpu-multicore-rate2000-int-base-apple-m3-pro,apple-m3-pro,Apple M3 Pro,Apple,client,soc,cpu,2023-10-30,2023.829398,cpu_multicore_rate2000_int_base,,SPECint_rate_base2000 (one chip),measured integer throughput of one CPU package in a published system,unresolved,unresolved,primary,,,,,,,,unresolved,,No supported value found; retained as an explicit blank.
obs-cpu-multicore-rate2006-int-base-apple-m3-pro,apple-m3-pro,Apple M3 Pro,Apple,client,soc,cpu,2023-10-30,2023.829398,cpu_multicore_rate2006_int_base,,SPECint_rate_base2006 (one chip),measured integer throughput of one CPU package in a published system,unresolved,unresolved,primary,,,,,,,,unresolved,,No supported value found; retained as an explicit blank.
obs-cpu-multicore-rate2017-int-base-apple-m3-pro,apple-m3-pro,Apple M3 Pro,Apple,client,soc,cpu,2023-10-30,2023.829398,cpu_multicore_rate2017_int_base,,SPECrate2017_int_base (one chip),measured integer throughput of one CPU package in a published system,unresolved,unresolved,primary,,,,,,,,unresolved,,No supported value found; retained as an explicit blank.
obs-cpu-multicore-index-apple-m3-pro,apple-m3-pro,Apple M3 Pro,Apple,client,soc,cpu,2023-10-30,2023.829398,cpu_multicore_index,,estimated one-chip throughput index (2003=100),estimated integer-throughput index derived from a measured one-CPU-package SPEC rate,unresolved,unresolved,primary,,,,,,,,unresolved,,No supported value found; retained as an explicit blank.
obs-fp32-dense-peak-gflops-apple-m3-pro,apple-m3-pro,Apple M3 Pro,Apple,client,soc,integrated_gpu,2023-10-30,2023.829398,fp32_dense_peak_gflops,,GFLOP/s,dense non-tensor non-sparse FP32 vector peak,unresolved,unresolved,primary,,,,,,,,unresolved,,No supported value found; retained as an explicit blank.
obs-transistors-million-amd-instinct-mi300a,amd-instinct-mi300a,AMD Instinct MI300A,AMD,datacenter/HPC,manycore,manycore,2023-12-06,2023.930356,transistors_million,146000,million transistors,device or multi-die package transistor count,direct,direct,primary,,,,,,{},,eligible,https://www.amd.com/content/dam/amd/en/documents/instinct-tech-docs/white-papers/amd-cdna-3-white-paper.pdf,
obs-frequency-ghz-amd-instinct-mi300a,amd-instinct-mi300a,AMD Instinct MI300A,AMD,datacenter/HPC,manycore,manycore,2023-12-06,2023.930356,frequency_ghz,,GHz,nominal/base clock unless source states otherwise,unresolved,unresolved,primary,,,,,,,,unresolved,,No supported value found; retained as an explicit blank.
obs-power-w-amd-instinct-mi300a,amd-instinct-mi300a,AMD Instinct MI300A,AMD,datacenter/HPC,manycore,manycore,2023-12-06,2023.930356,power_w,760,W,package power,direct,direct,primary,,,,,,{},,eligible,https://www.amd.com/content/dam/amd/en/documents/instinct-tech-docs/white-papers/amd-cdna-3-white-paper.pdf,
obs-cpu-physical-cores-amd-instinct-mi300a,amd-instinct-mi300a,AMD Instinct MI300A,AMD,datacenter/HPC,manycore,manycore,2023-12-06,2023.930356,cpu_physical_cores,24,physical cores,physical CPU cores,direct,direct,primary,,,,,,{},,supporting_noncomparable_not_plotted,https://www.amd.com/content/dam/amd/en/documents/instinct-tech-docs/white-papers/amd-cdna-3-white-paper.pdf,
obs-gpu-compute-units-amd-instinct-mi300a,amd-instinct-mi300a,AMD Instinct MI300A,AMD,datacenter/HPC,manycore,manycore,2023-12-06,2023.930356,gpu_compute_units,228,SMs / CUs / GPU cores,"vendor-native GPU unit count; SM, CU, or Apple GPU core",direct,direct,primary,,,,,,{},,supporting_noncomparable_not_plotted,https://www.amd.com/content/dam/amd/en/documents/instinct-tech-docs/white-papers/amd-cdna-3-white-paper.pdf,
obs-cpu-single-thread-normalized-amd-instinct-mi300a,amd-instinct-mi300a,AMD Instinct MI300A,AMD,datacenter/HPC,manycore,manycore,2023-12-06,2023.930356,cpu_single_thread_normalized,,normalized single-core index (legacy SPEC scale),one-copy benchmark normalized by the documented suite-specific continuity rule,unresolved,unresolved,primary,,,,,,,,unresolved,,No supported value found; retained as an explicit blank.
obs-cpu-multicore-rate2000-int-base-amd-instinct-mi300a,amd-instinct-mi300a,AMD Instinct MI300A,AMD,datacenter/HPC,manycore,manycore,2023-12-06,2023.930356,cpu_multicore_rate2000_int_base,,SPECint_rate_base2000 (one chip),measured integer throughput of one CPU package in a published system,unresolved,unresolved,primary,,,,,,,,unresolved,,No supported value found; retained as an explicit blank.
obs-cpu-multicore-rate2006-int-base-amd-instinct-mi300a,amd-instinct-mi300a,AMD Instinct MI300A,AMD,datacenter/HPC,manycore,manycore,2023-12-06,2023.930356,cpu_multicore_rate2006_int_base,,SPECint_rate_base2006 (one chip),measured integer throughput of one CPU package in a published system,unresolved,unresolved,primary,,,,,,,,unresolved,,No supported value found; retained as an explicit blank.
obs-cpu-multicore-rate2017-int-base-amd-instinct-mi300a,amd-instinct-mi300a,AMD Instinct MI300A,AMD,datacenter/HPC,manycore,manycore,2023-12-06,2023.930356,cpu_multicore_rate2017_int_base,,SPECrate2017_int_base (one chip),measured integer throughput of one CPU package in a published system,unresolved,unresolved,primary,,,,,,,,unresolved,,No supported value found; retained as an explicit blank.
obs-cpu-multicore-index-amd-instinct-mi300a,amd-instinct-mi300a,AMD Instinct MI300A,AMD,datacenter/HPC,manycore,manycore,2023-12-06,2023.930356,cpu_multicore_index,,estimated one-chip throughput index (2003=100),estimated integer-throughput index derived from a measured one-CPU-package SPEC rate,unresolved,unresolved,primary,,,,,,,,unresolved,,No supported value found; retained as an explicit blank.
obs-fp32-dense-peak-gflops-amd-instinct-mi300a,amd-instinct-mi300a,AMD Instinct MI300A,AMD,datacenter/HPC,manycore,manycore,2023-12-06,2023.930356,fp32_dense_peak_gflops,122600,GFLOP/s,dense non-tensor non-sparse FP32 vector peak,direct,direct,primary,,,,FP32 vector dense,,{},,eligible,https://www.amd.com/content/dam/amd/en/documents/instinct-tech-docs/white-papers/amd-cdna-3-white-paper.pdf,
obs-transistors-million-amd-instinct-mi300x,amd-instinct-mi300x,AMD Instinct MI300X,AMD,datacenter/HPC,gpu,gpu,2023-12-06,2023.930356,transistors_million,153000,million transistors,device or multi-die package transistor count,direct,direct,primary,,,,,,{},,eligible,https://www.amd.com/content/dam/amd/en/documents/instinct-tech-docs/white-papers/amd-cdna-3-white-paper.pdf,
obs-frequency-ghz-amd-instinct-mi300x,amd-instinct-mi300x,AMD Instinct MI300X,AMD,datacenter/HPC,gpu,gpu,2023-12-06,2023.930356,frequency_ghz,2.1,GHz,nominal/base clock unless source states otherwise,direct,direct,primary,,,,,,{},,eligible,https://www.amd.com/content/dam/amd/en/documents/instinct-tech-docs/white-papers/amd-cdna-3-white-paper.pdf,
obs-power-w-amd-instinct-mi300x,amd-instinct-mi300x,AMD Instinct MI300X,AMD,datacenter/HPC,gpu,gpu,2023-12-06,2023.930356,power_w,750,W,GPU TBP/TDP,direct,direct,primary,,,,,,{},,eligible,https://www.amd.com/content/dam/amd/en/documents/instinct-tech-docs/white-papers/amd-cdna-3-white-paper.pdf,
obs-cpu-physical-cores-amd-instinct-mi300x,amd-instinct-mi300x,AMD Instinct MI300X,AMD,datacenter/HPC,gpu,gpu,2023-12-06,2023.930356,cpu_physical_cores,,physical cores,physical CPU cores,unresolved,unresolved,primary,,,,,,,,not_applicable_gpu,,No supported value found; retained as an explicit blank.
obs-gpu-compute-units-amd-instinct-mi300x,amd-instinct-mi300x,AMD Instinct MI300X,AMD,datacenter/HPC,gpu,discrete_gpu,2023-12-06,2023.930356,gpu_compute_units,304,SMs / CUs / GPU cores,"vendor-native GPU unit count; SM, CU, or Apple GPU core",direct,direct,primary,,,,,,{},,supporting_noncomparable_not_plotted,https://www.amd.com/content/dam/amd/en/documents/instinct-tech-docs/white-papers/amd-cdna-3-white-paper.pdf,
obs-cpu-single-thread-normalized-amd-instinct-mi300x,amd-instinct-mi300x,AMD Instinct MI300X,AMD,datacenter/HPC,gpu,gpu,2023-12-06,2023.930356,cpu_single_thread_normalized,,normalized single-core index (legacy SPEC scale),one-copy benchmark normalized by the documented suite-specific continuity rule,unresolved,unresolved,primary,,,,,,,,not_applicable_gpu,,No supported value found; retained as an explicit blank.
obs-cpu-multicore-rate2000-int-base-amd-instinct-mi300x,amd-instinct-mi300x,AMD Instinct MI300X,AMD,datacenter/HPC,gpu,gpu,2023-12-06,2023.930356,cpu_multicore_rate2000_int_base,,SPECint_rate_base2000 (one chip),measured integer throughput of one CPU package in a published system,unresolved,unresolved,primary,,,,,,,,not_applicable_gpu,,No supported value found; retained as an explicit blank.
obs-cpu-multicore-rate2006-int-base-amd-instinct-mi300x,amd-instinct-mi300x,AMD Instinct MI300X,AMD,datacenter/HPC,gpu,gpu,2023-12-06,2023.930356,cpu_multicore_rate2006_int_base,,SPECint_rate_base2006 (one chip),measured integer throughput of one CPU package in a published system,unresolved,unresolved,primary,,,,,,,,not_applicable_gpu,,No supported value found; retained as an explicit blank.
obs-cpu-multicore-rate2017-int-base-amd-instinct-mi300x,amd-instinct-mi300x,AMD Instinct MI300X,AMD,datacenter/HPC,gpu,gpu,2023-12-06,2023.930356,cpu_multicore_rate2017_int_base,,SPECrate2017_int_base (one chip),measured integer throughput of one CPU package in a published system,unresolved,unresolved,primary,,,,,,,,not_applicable_gpu,,No supported value found; retained as an explicit blank.
obs-cpu-multicore-index-amd-instinct-mi300x,amd-instinct-mi300x,AMD Instinct MI300X,AMD,datacenter/HPC,gpu,gpu,2023-12-06,2023.930356,cpu_multicore_index,,estimated one-chip throughput index (2003=100),estimated integer-throughput index derived from a measured one-CPU-package SPEC rate,unresolved,unresolved,primary,,,,,,,,not_applicable_gpu,,No supported value found; retained as an explicit blank.
obs-fp32-dense-peak-gflops-amd-instinct-mi300x,amd-instinct-mi300x,AMD Instinct MI300X,AMD,datacenter/HPC,gpu,discrete_gpu,2023-12-06,2023.930356,fp32_dense_peak_gflops,163400,GFLOP/s,dense non-tensor non-sparse FP32 vector peak,direct,direct,primary,,,,FP32 vector dense,,{},,eligible,https://www.amd.com/content/dam/amd/en/documents/instinct-tech-docs/white-papers/amd-cdna-3-white-paper.pdf,
obs-transistors-million-intel-xeon-8592-plus,intel-xeon-8592-plus,Intel Xeon Platinum 8592+,Intel,server,cpu,cpu,2023-12-14,2023.952259,transistors_million,,million transistors,device or multi-die package transistor count,unresolved,unresolved,primary,,,,,,,,unresolved,,No supported value found; retained as an explicit blank.
obs-frequency-ghz-intel-xeon-8592-plus,intel-xeon-8592-plus,Intel Xeon Platinum 8592+,Intel,server,cpu,cpu,2023-12-14,2023.952259,frequency_ghz,1.9,GHz,nominal/base clock unless source states otherwise,direct,direct,primary,,,,,,{},,eligible,https://www.intel.com/content/www/us/en/products/sku/237261/intel-xeon-platinum-8592-processor-320m-cache-1-90-ghz/specifications.html; https://www.spec.org/cpu2017/results/res2023q4/cpu2017-20231128-40077.html,
obs-power-w-intel-xeon-8592-plus,intel-xeon-8592-plus,Intel Xeon Platinum 8592+,Intel,server,cpu,cpu,2023-12-14,2023.952259,power_w,350,W,CPU TDP,direct,direct,primary,,,,,,{},,eligible,https://www.intel.com/content/www/us/en/products/sku/237261/intel-xeon-platinum-8592-processor-320m-cache-1-90-ghz/specifications.html; https://www.spec.org/cpu2017/results/res2023q4/cpu2017-20231128-40077.html,
obs-cpu-physical-cores-intel-xeon-8592-plus,intel-xeon-8592-plus,Intel Xeon Platinum 8592+,Intel,server,cpu,cpu,2023-12-14,2023.952259,cpu_physical_cores,64,physical cores,physical CPU cores,direct,direct,primary,,,,,,{},,eligible,https://www.intel.com/content/www/us/en/products/sku/237261/intel-xeon-platinum-8592-processor-320m-cache-1-90-ghz/specifications.html; https://www.spec.org/cpu2017/results/res2023q4/cpu2017-20231128-40077.html,
obs-gpu-compute-units-intel-xeon-8592-plus,intel-xeon-8592-plus,Intel Xeon Platinum 8592+,Intel,server,cpu,cpu,2023-12-14,2023.952259,gpu_compute_units,,SMs / CUs / GPU cores,"vendor-native GPU unit count; SM, CU, or Apple GPU core",unresolved,unresolved,primary,,,,,,,,not_applicable_cpu,,No supported value found; retained as an explicit blank.
obs-cpu-single-thread-normalized-intel-xeon-8592-plus,intel-xeon-8592-plus,Intel Xeon Platinum 8592+,Intel,server,cpu,cpu,2023-12-14,2023.952259,cpu_single_thread_normalized,128.7,normalized single-core index (legacy SPEC scale),one-copy benchmark normalized by the documented suite-specific continuity rule,normalized,high,primary,SPECspeed2017_int_base,14.3,raw x 9,,,{},,eligible,https://www.intel.com/content/www/us/en/products/sku/237261/intel-xeon-platinum-8592-processor-320m-cache-1-90-ghz/specifications.html; https://www.spec.org/cpu2017/results/res2023q4/cpu2017-20231128-40077.html,
obs-cpu-multicore-rate2000-int-base-intel-xeon-8592-plus,intel-xeon-8592-plus,Intel Xeon Platinum 8592+,Intel,server,cpu,cpu,2023-12-14,2023.952259,cpu_multicore_rate2000_int_base,,SPECint_rate_base2000 (one chip),measured integer throughput of one CPU package in a published system,unresolved,unresolved,primary,,,,,,,,unresolved,,No supported value found; retained as an explicit blank.
obs-cpu-multicore-rate2006-int-base-intel-xeon-8592-plus,intel-xeon-8592-plus,Intel Xeon Platinum 8592+,Intel,server,cpu,cpu,2023-12-14,2023.952259,cpu_multicore_rate2006_int_base,,SPECint_rate_base2006 (one chip),measured integer throughput of one CPU package in a published system,unresolved,unresolved,primary,,,,,,,,unresolved,,No supported value found; retained as an explicit blank.
obs-cpu-multicore-rate2017-int-base-intel-xeon-8592-plus,intel-xeon-8592-plus,Intel Xeon Platinum 8592+,Intel,server,cpu,cpu,2023-12-14,2023.952259,cpu_multicore_rate2017_int_base,550,SPECrate2017_int_base (one chip),measured integer throughput of one CPU package in a published system,measured,direct,primary,SPECrate2017_int_base,550,,,,{},,supporting_raw_benchmark_not_plotted,https://www.spec.org/cpu2017/results/res2024q2/cpu2017-20240520-43522.html,Published one-chip system result: IEIT i22M7; hardware availability not recorded. Score belongs to this tested configuration and this SPEC suite only; scores from other suites are not comparable.
obs-cpu-multicore-index-intel-xeon-8592-plus,intel-xeon-8592-plus,Intel Xeon Platinum 8592+,Intel,server,cpu,cpu,2023-12-14,2023.952259,cpu_multicore_index,58087.9880379,estimated one-chip throughput index (2003=100),estimated integer-throughput index derived from a measured one-CPU-package SPEC rate,normalized,medium,derived_from_primary,SPECrate2017_int_base,550.0,Educational index; POWER4+ 2003 one-chip SPECint_rate_base2000 15.2 = 100. Bridges use median log ratios of matched one-chip processor results; not an official SPEC conversion.,,,"{""base_index"": 100.0, ""base_score"": 15.2, ""cpu2000_to_cpu2006"": 0.4988558352402746, ""cpu2006_to_cpu2017"": 0.12486988466935224, ""denominator_for_suite"": 0.9468394733189144, ""raw_score"": 550.0}",base_index * raw_score / denominator_for_suite,eligible,https://open.spec.org/cpu2000/results/res2006q3/cpu2000-20060705-06399.html; https://open.spec.org/cpu2000/results/res2006q3/cpu2000-20060904-07199.html; https://spec.org/cpu2006/results/res2018q1/cpu2006-20171212-51326.pdf; https://www.spec.org/cpu2000/results/res2006q3/cpu2000-20060705-06403.pdf; https://www.spec.org/cpu2006/results/res2006q3/cpu2006-20060904-00079.pdf; https://www.spec.org/cpu2006/results/res2006q3/cpu2006-20060904-00082.pdf; https://www.spec.org/cpu2006/results/res2007q3/cpu2006-20070723-01554.pdf; https://www.spec.org/cpu2006/results/res2017q2/cpu2006-20170529-47129.html; https://www.spec.org/cpu2017/results/res2017q4/cpu2017-20171211-01450.html; https://www.spec.org/cpu2017/results/res2018q1/cpu2017-20171212-01664.html; https://www.spec.org/cpu2017/results/res2024q2/cpu2017-20240520-43522.html,Estimated cross-suite index from measured one-chip rate. Raw result and all bridge reports are retained; consult cpu-throughput-bridges.json. SPEC does not endorse cross-suite score conversion.
obs-fp32-dense-peak-gflops-intel-xeon-8592-plus,intel-xeon-8592-plus,Intel Xeon Platinum 8592+,Intel,server,cpu,cpu,2023-12-14,2023.952259,fp32_dense_peak_gflops,,GFLOP/s,dense non-tensor non-sparse FP32 vector peak,unresolved,unresolved,primary,,,,,,,,unresolved,,No supported value found; retained as an explicit blank.
obs-transistors-million-apple-m4,apple-m4,Apple M4,Apple,client,soc,soc_package,2024-05-07,2024.349760,transistors_million,28000,million transistors,device or multi-die package transistor count,direct,direct,primary,,,,,,{},,eligible,https://www.apple.com/newsroom/2024/05/apple-introduces-m4-chip/,
obs-frequency-ghz-apple-m4,apple-m4,Apple M4,Apple,client,soc,soc_package,2024-05-07,2024.349760,frequency_ghz,,GHz,nominal/base clock unless source states otherwise,unresolved,unresolved,primary,,,,,,,,unresolved,,No supported value found; retained as an explicit blank.
obs-power-w-apple-m4,apple-m4,Apple M4,Apple,client,soc,soc_package,2024-05-07,2024.349760,power_w,,W,SoC package power,unresolved,unresolved,primary,,,,,,,,unresolved,,No supported value found; retained as an explicit blank.
obs-cpu-physical-cores-apple-m4,apple-m4,Apple M4,Apple,client,soc,cpu,2024-05-07,2024.349760,cpu_physical_cores,10,physical cores,physical CPU cores,direct,direct,primary,,,,,,{},,eligible,https://www.apple.com/newsroom/2024/05/apple-introduces-m4-chip/,
obs-gpu-compute-units-apple-m4,apple-m4,Apple M4,Apple,client,soc,integrated_gpu,2024-05-07,2024.349760,gpu_compute_units,10,SMs / CUs / GPU cores,"vendor-native GPU unit count; SM, CU, or Apple GPU core",direct,direct,primary,,,,,,{},,supporting_noncomparable_not_plotted,https://www.apple.com/newsroom/2024/05/apple-introduces-m4-chip/,
obs-cpu-single-thread-normalized-apple-m4,apple-m4,Apple M4,Apple,client,soc,cpu,2024-05-07,2024.349760,cpu_single_thread_normalized,89.7,normalized single-core index (legacy SPEC scale),one-copy benchmark normalized by the documented suite-specific continuity rule,normalized,medium,derived_from_benchmark_and_legacy_anchor,Geekbench 7 single-core,3278,"59.9 * Geekbench 7 single-core score / 2190 (M1 anchor); approximate index, not a SPEC result",,,"{""anchor_index"": 59.9, ""anchor_raw_score"": 2190.0, ""raw_score"": 3278}","round(anchor_index * raw_score / anchor_raw_score, 1)",eligible,https://browser.geekbench.com/mac-benchmarks; https://github.com/karlrupp/microprocessor-trend-data/blob/master/newdata.txt#L38; https://www.apple.com/newsroom/2024/05/apple-introduces-m4-chip/,"Mac mini (2024), M4 10-core CPU; Geekbench's Mac-chart average, requiring at least five unique submissions. Recorded 2026-09-23. The M1 anchor is the legacy graph's estimated SPECint continuity value; the cross-benchmark ratio is an illustrative trend estimate, not an official SPEC conversion."
obs-cpu-multicore-rate2000-int-base-apple-m4,apple-m4,Apple M4,Apple,client,soc,cpu,2024-05-07,2024.349760,cpu_multicore_rate2000_int_base,,SPECint_rate_base2000 (one chip),measured integer throughput of one CPU package in a published system,unresolved,unresolved,primary,,,,,,,,unresolved,,No supported value found; retained as an explicit blank.
obs-cpu-multicore-rate2006-int-base-apple-m4,apple-m4,Apple M4,Apple,client,soc,cpu,2024-05-07,2024.349760,cpu_multicore_rate2006_int_base,,SPECint_rate_base2006 (one chip),measured integer throughput of one CPU package in a published system,unresolved,unresolved,primary,,,,,,,,unresolved,,No supported value found; retained as an explicit blank.
obs-cpu-multicore-rate2017-int-base-apple-m4,apple-m4,Apple M4,Apple,client,soc,cpu,2024-05-07,2024.349760,cpu_multicore_rate2017_int_base,,SPECrate2017_int_base (one chip),measured integer throughput of one CPU package in a published system,unresolved,unresolved,primary,,,,,,,,unresolved,,No supported value found; retained as an explicit blank.
obs-cpu-multicore-index-apple-m4,apple-m4,Apple M4,Apple,client,soc,cpu,2024-05-07,2024.349760,cpu_multicore_index,,estimated one-chip throughput index (2003=100),estimated integer-throughput index derived from a measured one-CPU-package SPEC rate,unresolved,unresolved,primary,,,,,,,,unresolved,,No supported value found; retained as an explicit blank.
obs-fp32-dense-peak-gflops-apple-m4,apple-m4,Apple M4,Apple,client,soc,integrated_gpu,2024-05-07,2024.349760,fp32_dense_peak_gflops,,GFLOP/s,dense non-tensor non-sparse FP32 vector peak,unresolved,unresolved,primary,,,,,,,,unresolved,,No supported value found; retained as an explicit blank.
obs-transistors-million-nvidia-h200-sxm,nvidia-h200-sxm,NVIDIA H200 SXM,NVIDIA,datacenter/HPC,gpu,gpu,2024-06-01,2024.416667,transistors_million,,million transistors,device or multi-die package transistor count,unresolved,unresolved,primary,,,,,,,,unresolved,,No supported value found; retained as an explicit blank.
obs-frequency-ghz-nvidia-h200-sxm,nvidia-h200-sxm,NVIDIA H200 SXM,NVIDIA,datacenter/HPC,gpu,gpu,2024-06-01,2024.416667,frequency_ghz,,GHz,nominal/base clock unless source states otherwise,unresolved,unresolved,primary,,,,,,,,unresolved,,No supported value found; retained as an explicit blank.
obs-power-w-nvidia-h200-sxm,nvidia-h200-sxm,NVIDIA H200 SXM,NVIDIA,datacenter/HPC,gpu,gpu,2024-06-01,2024.416667,power_w,700,W,GPU TBP/TDP,direct,direct,primary,,,,,,{},,eligible,https://www.nvidia.com/en-gb/data-center/h200/,
obs-cpu-physical-cores-nvidia-h200-sxm,nvidia-h200-sxm,NVIDIA H200 SXM,NVIDIA,datacenter/HPC,gpu,gpu,2024-06-01,2024.416667,cpu_physical_cores,,physical cores,physical CPU cores,unresolved,unresolved,primary,,,,,,,,not_applicable_gpu,,No supported value found; retained as an explicit blank.
obs-gpu-compute-units-nvidia-h200-sxm,nvidia-h200-sxm,NVIDIA H200 SXM,NVIDIA,datacenter/HPC,gpu,discrete_gpu,2024-06-01,2024.416667,gpu_compute_units,132,SMs / CUs / GPU cores,"vendor-native GPU unit count; SM, CU, or Apple GPU core",direct,direct,primary,,,,,,{},,supporting_noncomparable_not_plotted,https://www.nvidia.com/en-gb/data-center/h200/,
obs-cpu-single-thread-normalized-nvidia-h200-sxm,nvidia-h200-sxm,NVIDIA H200 SXM,NVIDIA,datacenter/HPC,gpu,gpu,2024-06-01,2024.416667,cpu_single_thread_normalized,,normalized single-core index (legacy SPEC scale),one-copy benchmark normalized by the documented suite-specific continuity rule,unresolved,unresolved,primary,,,,,,,,not_applicable_gpu,,No supported value found; retained as an explicit blank.
obs-cpu-multicore-rate2000-int-base-nvidia-h200-sxm,nvidia-h200-sxm,NVIDIA H200 SXM,NVIDIA,datacenter/HPC,gpu,gpu,2024-06-01,2024.416667,cpu_multicore_rate2000_int_base,,SPECint_rate_base2000 (one chip),measured integer throughput of one CPU package in a published system,unresolved,unresolved,primary,,,,,,,,not_applicable_gpu,,No supported value found; retained as an explicit blank.
obs-cpu-multicore-rate2006-int-base-nvidia-h200-sxm,nvidia-h200-sxm,NVIDIA H200 SXM,NVIDIA,datacenter/HPC,gpu,gpu,2024-06-01,2024.416667,cpu_multicore_rate2006_int_base,,SPECint_rate_base2006 (one chip),measured integer throughput of one CPU package in a published system,unresolved,unresolved,primary,,,,,,,,not_applicable_gpu,,No supported value found; retained as an explicit blank.
obs-cpu-multicore-rate2017-int-base-nvidia-h200-sxm,nvidia-h200-sxm,NVIDIA H200 SXM,NVIDIA,datacenter/HPC,gpu,gpu,2024-06-01,2024.416667,cpu_multicore_rate2017_int_base,,SPECrate2017_int_base (one chip),measured integer throughput of one CPU package in a published system,unresolved,unresolved,primary,,,,,,,,not_applicable_gpu,,No supported value found; retained as an explicit blank.
obs-cpu-multicore-index-nvidia-h200-sxm,nvidia-h200-sxm,NVIDIA H200 SXM,NVIDIA,datacenter/HPC,gpu,gpu,2024-06-01,2024.416667,cpu_multicore_index,,estimated one-chip throughput index (2003=100),estimated integer-throughput index derived from a measured one-CPU-package SPEC rate,unresolved,unresolved,primary,,,,,,,,not_applicable_gpu,,No supported value found; retained as an explicit blank.
obs-fp32-dense-peak-gflops-nvidia-h200-sxm,nvidia-h200-sxm,NVIDIA H200 SXM,NVIDIA,datacenter/HPC,gpu,discrete_gpu,2024-06-01,2024.416667,fp32_dense_peak_gflops,67000,GFLOP/s,dense non-tensor non-sparse FP32 vector peak,direct,direct,primary,,,,FP32 vector dense,,{},,eligible,https://www.nvidia.com/en-gb/data-center/h200/,
obs-transistors-million-aws-graviton4,aws-graviton4,AWS Graviton4,AWS,server,cpu,cpu,2024-07-09,2024.521903,transistors_million,,million transistors,device or multi-die package transistor count,unresolved,unresolved,primary,,,,,,,,unresolved,,No supported value found; retained as an explicit blank.
obs-frequency-ghz-aws-graviton4,aws-graviton4,AWS Graviton4,AWS,server,cpu,cpu,2024-07-09,2024.521903,frequency_ghz,,GHz,nominal/base clock unless source states otherwise,unresolved,unresolved,primary,,,,,,,,unresolved,,No supported value found; retained as an explicit blank.
obs-power-w-aws-graviton4,aws-graviton4,AWS Graviton4,AWS,server,cpu,cpu,2024-07-09,2024.521903,power_w,,W,CPU TDP,unresolved,unresolved,primary,,,,,,,,unresolved,,No supported value found; retained as an explicit blank.
obs-cpu-physical-cores-aws-graviton4,aws-graviton4,AWS Graviton4,AWS,server,cpu,cpu,2024-07-09,2024.521903,cpu_physical_cores,96,physical cores,physical CPU cores,direct,direct,primary,,,,,,{},,eligible,https://aws.amazon.com/blogs/hpc/performance-gains-with-aws-graviton4-a-devitopro-case-study/,
obs-gpu-compute-units-aws-graviton4,aws-graviton4,AWS Graviton4,AWS,server,cpu,cpu,2024-07-09,2024.521903,gpu_compute_units,,SMs / CUs / GPU cores,"vendor-native GPU unit count; SM, CU, or Apple GPU core",unresolved,unresolved,primary,,,,,,,,not_applicable_cpu,,No supported value found; retained as an explicit blank.
obs-cpu-single-thread-normalized-aws-graviton4,aws-graviton4,AWS Graviton4,AWS,server,cpu,cpu,2024-07-09,2024.521903,cpu_single_thread_normalized,,normalized single-core index (legacy SPEC scale),one-copy benchmark normalized by the documented suite-specific continuity rule,unresolved,unresolved,primary,,,,,,,,unresolved,,No supported value found; retained as an explicit blank.
obs-cpu-multicore-rate2000-int-base-aws-graviton4,aws-graviton4,AWS Graviton4,AWS,server,cpu,cpu,2024-07-09,2024.521903,cpu_multicore_rate2000_int_base,,SPECint_rate_base2000 (one chip),measured integer throughput of one CPU package in a published system,unresolved,unresolved,primary,,,,,,,,unresolved,,No supported value found; retained as an explicit blank.
obs-cpu-multicore-rate2006-int-base-aws-graviton4,aws-graviton4,AWS Graviton4,AWS,server,cpu,cpu,2024-07-09,2024.521903,cpu_multicore_rate2006_int_base,,SPECint_rate_base2006 (one chip),measured integer throughput of one CPU package in a published system,unresolved,unresolved,primary,,,,,,,,unresolved,,No supported value found; retained as an explicit blank.
obs-cpu-multicore-rate2017-int-base-aws-graviton4,aws-graviton4,AWS Graviton4,AWS,server,cpu,cpu,2024-07-09,2024.521903,cpu_multicore_rate2017_int_base,,SPECrate2017_int_base (one chip),measured integer throughput of one CPU package in a published system,unresolved,unresolved,primary,,,,,,,,unresolved,,No supported value found; retained as an explicit blank.
obs-cpu-multicore-index-aws-graviton4,aws-graviton4,AWS Graviton4,AWS,server,cpu,cpu,2024-07-09,2024.521903,cpu_multicore_index,,estimated one-chip throughput index (2003=100),estimated integer-throughput index derived from a measured one-CPU-package SPEC rate,unresolved,unresolved,primary,,,,,,,,unresolved,,No supported value found; retained as an explicit blank.
obs-fp32-dense-peak-gflops-aws-graviton4,aws-graviton4,AWS Graviton4,AWS,server,cpu,cpu,2024-07-09,2024.521903,fp32_dense_peak_gflops,,GFLOP/s,dense non-tensor non-sparse FP32 vector peak,unresolved,unresolved,primary,,,,,,,,unresolved,,No supported value found; retained as an explicit blank.
obs-transistors-million-ampereone-a192,ampereone-a192,AmpereOne A192-32X,Ampere,server,cpu,cpu,2024-08-01,2024.583333,transistors_million,,million transistors,device or multi-die package transistor count,unresolved,unresolved,primary,,,,,,,,unresolved,,No supported value found; retained as an explicit blank.
obs-frequency-ghz-ampereone-a192,ampereone-a192,AmpereOne A192-32X,Ampere,server,cpu,cpu,2024-08-01,2024.583333,frequency_ghz,3.2,GHz,nominal/base clock unless source states otherwise,direct,direct,primary,,,,,,{},,eligible,https://amperecomputing.com/products/processors,
obs-power-w-ampereone-a192,ampereone-a192,AmpereOne A192-32X,Ampere,server,cpu,cpu,2024-08-01,2024.583333,power_w,400,W,CPU TDP,direct,direct,primary,,,,,,{},,eligible,https://amperecomputing.com/products/processors,
obs-cpu-physical-cores-ampereone-a192,ampereone-a192,AmpereOne A192-32X,Ampere,server,cpu,cpu,2024-08-01,2024.583333,cpu_physical_cores,192,physical cores,physical CPU cores,direct,direct,primary,,,,,,{},,eligible,https://amperecomputing.com/products/processors,
obs-gpu-compute-units-ampereone-a192,ampereone-a192,AmpereOne A192-32X,Ampere,server,cpu,cpu,2024-08-01,2024.583333,gpu_compute_units,,SMs / CUs / GPU cores,"vendor-native GPU unit count; SM, CU, or Apple GPU core",unresolved,unresolved,primary,,,,,,,,not_applicable_cpu,,No supported value found; retained as an explicit blank.
obs-cpu-single-thread-normalized-ampereone-a192,ampereone-a192,AmpereOne A192-32X,Ampere,server,cpu,cpu,2024-08-01,2024.583333,cpu_single_thread_normalized,,normalized single-core index (legacy SPEC scale),one-copy benchmark normalized by the documented suite-specific continuity rule,unresolved,unresolved,primary,,,,,,,,unresolved,,No supported value found; retained as an explicit blank.
obs-cpu-multicore-rate2000-int-base-ampereone-a192,ampereone-a192,AmpereOne A192-32X,Ampere,server,cpu,cpu,2024-08-01,2024.583333,cpu_multicore_rate2000_int_base,,SPECint_rate_base2000 (one chip),measured integer throughput of one CPU package in a published system,unresolved,unresolved,primary,,,,,,,,unresolved,,No supported value found; retained as an explicit blank.
obs-cpu-multicore-rate2006-int-base-ampereone-a192,ampereone-a192,AmpereOne A192-32X,Ampere,server,cpu,cpu,2024-08-01,2024.583333,cpu_multicore_rate2006_int_base,,SPECint_rate_base2006 (one chip),measured integer throughput of one CPU package in a published system,unresolved,unresolved,primary,,,,,,,,unresolved,,No supported value found; retained as an explicit blank.
obs-cpu-multicore-rate2017-int-base-ampereone-a192,ampereone-a192,AmpereOne A192-32X,Ampere,server,cpu,cpu,2024-08-01,2024.583333,cpu_multicore_rate2017_int_base,,SPECrate2017_int_base (one chip),measured integer throughput of one CPU package in a published system,unresolved,unresolved,primary,,,,,,,,unresolved,,No supported value found; retained as an explicit blank.
obs-cpu-multicore-index-ampereone-a192,ampereone-a192,AmpereOne A192-32X,Ampere,server,cpu,cpu,2024-08-01,2024.583333,cpu_multicore_index,,estimated one-chip throughput index (2003=100),estimated integer-throughput index derived from a measured one-CPU-package SPEC rate,unresolved,unresolved,primary,,,,,,,,unresolved,,No supported value found; retained as an explicit blank.
obs-fp32-dense-peak-gflops-ampereone-a192,ampereone-a192,AmpereOne A192-32X,Ampere,server,cpu,cpu,2024-08-01,2024.583333,fp32_dense_peak_gflops,,GFLOP/s,dense non-tensor non-sparse FP32 vector peak,unresolved,unresolved,primary,,,,,,,,unresolved,,No supported value found; retained as an explicit blank.
obs-transistors-million-intel-xeon-6980p,intel-xeon-6980p,Intel Xeon 6980P,Intel,server,cpu,cpu,2024-09-24,2024.729637,transistors_million,,million transistors,device or multi-die package transistor count,unresolved,unresolved,primary,,,,,,,,unresolved,,No supported value found; retained as an explicit blank.
obs-frequency-ghz-intel-xeon-6980p,intel-xeon-6980p,Intel Xeon 6980P,Intel,server,cpu,cpu,2024-09-24,2024.729637,frequency_ghz,2,GHz,nominal/base clock unless source states otherwise,direct,direct,primary,,,,,,{},,eligible,https://www.intel.com/content/www/us/en/ark/products/series/240357/intel-xeon-6-processors.html; https://www.spec.org/cpu2017/results/res2026q2/cpu2017-20251215-50874.html,
obs-power-w-intel-xeon-6980p,intel-xeon-6980p,Intel Xeon 6980P,Intel,server,cpu,cpu,2024-09-24,2024.729637,power_w,500,W,CPU TDP,direct,direct,primary,,,,,,{},,eligible,https://www.intel.com/content/www/us/en/ark/products/series/240357/intel-xeon-6-processors.html; https://www.spec.org/cpu2017/results/res2026q2/cpu2017-20251215-50874.html,
obs-cpu-physical-cores-intel-xeon-6980p,intel-xeon-6980p,Intel Xeon 6980P,Intel,server,cpu,cpu,2024-09-24,2024.729637,cpu_physical_cores,128,physical cores,physical CPU cores,direct,direct,primary,,,,,,{},,eligible,https://www.intel.com/content/www/us/en/ark/products/series/240357/intel-xeon-6-processors.html; https://www.spec.org/cpu2017/results/res2026q2/cpu2017-20251215-50874.html,
obs-gpu-compute-units-intel-xeon-6980p,intel-xeon-6980p,Intel Xeon 6980P,Intel,server,cpu,cpu,2024-09-24,2024.729637,gpu_compute_units,,SMs / CUs / GPU cores,"vendor-native GPU unit count; SM, CU, or Apple GPU core",unresolved,unresolved,primary,,,,,,,,not_applicable_cpu,,No supported value found; retained as an explicit blank.
obs-cpu-single-thread-normalized-intel-xeon-6980p,intel-xeon-6980p,Intel Xeon 6980P,Intel,server,cpu,cpu,2024-09-24,2024.729637,cpu_single_thread_normalized,128.7,normalized single-core index (legacy SPEC scale),one-copy benchmark normalized by the documented suite-specific continuity rule,normalized,high,primary,SPECspeed2017_int_base,14.3,raw x 9,,,{},,eligible,https://www.intel.com/content/www/us/en/ark/products/series/240357/intel-xeon-6-processors.html; https://www.spec.org/cpu2017/results/res2026q2/cpu2017-20251215-50874.html,
obs-cpu-multicore-rate2000-int-base-intel-xeon-6980p,intel-xeon-6980p,Intel Xeon 6980P,Intel,server,cpu,cpu,2024-09-24,2024.729637,cpu_multicore_rate2000_int_base,,SPECint_rate_base2000 (one chip),measured integer throughput of one CPU package in a published system,unresolved,unresolved,primary,,,,,,,,unresolved,,No supported value found; retained as an explicit blank.
obs-cpu-multicore-rate2006-int-base-intel-xeon-6980p,intel-xeon-6980p,Intel Xeon 6980P,Intel,server,cpu,cpu,2024-09-24,2024.729637,cpu_multicore_rate2006_int_base,,SPECint_rate_base2006 (one chip),measured integer throughput of one CPU package in a published system,unresolved,unresolved,primary,,,,,,,,unresolved,,No supported value found; retained as an explicit blank.
obs-cpu-multicore-rate2017-int-base-intel-xeon-6980p,intel-xeon-6980p,Intel Xeon 6980P,Intel,server,cpu,cpu,2024-09-24,2024.729637,cpu_multicore_rate2017_int_base,1220,SPECrate2017_int_base (one chip),measured integer throughput of one CPU package in a published system,measured,direct,primary,SPECrate2017_int_base,1220,,,,{},,supporting_raw_benchmark_not_plotted,https://www.spec.org/cpu2017/results/res2024q4/cpu2017-20241008-45004.html,Published one-chip system result: H3C UniServer R3900 G7; hardware availability not recorded. Score belongs to this tested configuration and this SPEC suite only; scores from other suites are not comparable.
obs-cpu-multicore-index-intel-xeon-6980p,intel-xeon-6980p,Intel Xeon 6980P,Intel,server,cpu,cpu,2024-09-24,2024.729637,cpu_multicore_index,128849.718921,estimated one-chip throughput index (2003=100),estimated integer-throughput index derived from a measured one-CPU-package SPEC rate,normalized,medium,derived_from_primary,SPECrate2017_int_base,1220.0,Educational index; POWER4+ 2003 one-chip SPECint_rate_base2000 15.2 = 100. Bridges use median log ratios of matched one-chip processor results; not an official SPEC conversion.,,,"{""base_index"": 100.0, ""base_score"": 15.2, ""cpu2000_to_cpu2006"": 0.4988558352402746, ""cpu2006_to_cpu2017"": 0.12486988466935224, ""denominator_for_suite"": 0.9468394733189144, ""raw_score"": 1220.0}",base_index * raw_score / denominator_for_suite,eligible,https://open.spec.org/cpu2000/results/res2006q3/cpu2000-20060705-06399.html; https://open.spec.org/cpu2000/results/res2006q3/cpu2000-20060904-07199.html; https://spec.org/cpu2006/results/res2018q1/cpu2006-20171212-51326.pdf; https://www.spec.org/cpu2000/results/res2006q3/cpu2000-20060705-06403.pdf; https://www.spec.org/cpu2006/results/res2006q3/cpu2006-20060904-00079.pdf; https://www.spec.org/cpu2006/results/res2006q3/cpu2006-20060904-00082.pdf; https://www.spec.org/cpu2006/results/res2007q3/cpu2006-20070723-01554.pdf; https://www.spec.org/cpu2006/results/res2017q2/cpu2006-20170529-47129.html; https://www.spec.org/cpu2017/results/res2017q4/cpu2017-20171211-01450.html; https://www.spec.org/cpu2017/results/res2018q1/cpu2017-20171212-01664.html; https://www.spec.org/cpu2017/results/res2024q4/cpu2017-20241008-45004.html,Estimated cross-suite index from measured one-chip rate. Raw result and all bridge reports are retained; consult cpu-throughput-bridges.json. SPEC does not endorse cross-suite score conversion.
obs-fp32-dense-peak-gflops-intel-xeon-6980p,intel-xeon-6980p,Intel Xeon 6980P,Intel,server,cpu,cpu,2024-09-24,2024.729637,fp32_dense_peak_gflops,,GFLOP/s,dense non-tensor non-sparse FP32 vector peak,unresolved,unresolved,primary,,,,,,,,unresolved,,No supported value found; retained as an explicit blank.
obs-transistors-million-amd-epyc-9965,amd-epyc-9965,AMD EPYC 9965,AMD,server,cpu,cpu,2024-10-10,2024.774641,transistors_million,,million transistors,device or multi-die package transistor count,unresolved,unresolved,primary,,,,,,,,unresolved,,No supported value found; retained as an explicit blank.
obs-frequency-ghz-amd-epyc-9965,amd-epyc-9965,AMD EPYC 9965,AMD,server,cpu,cpu,2024-10-10,2024.774641,frequency_ghz,2.25,GHz,nominal/base clock unless source states otherwise,direct,direct,primary,,,,,,{},,eligible,https://www.amd.com/en/products/processors/server/epyc/9005-series.html; https://www.spec.org/cpu2017/results/res2025q2/cpu2017-20250324-47089.html,
obs-power-w-amd-epyc-9965,amd-epyc-9965,AMD EPYC 9965,AMD,server,cpu,cpu,2024-10-10,2024.774641,power_w,500,W,CPU TDP,direct,direct,primary,,,,,,{},,eligible,https://www.amd.com/en/products/processors/server/epyc/9005-series.html; https://www.spec.org/cpu2017/results/res2025q2/cpu2017-20250324-47089.html,
obs-cpu-physical-cores-amd-epyc-9965,amd-epyc-9965,AMD EPYC 9965,AMD,server,cpu,cpu,2024-10-10,2024.774641,cpu_physical_cores,192,physical cores,physical CPU cores,direct,direct,primary,,,,,,{},,eligible,https://www.amd.com/en/products/processors/server/epyc/9005-series.html; https://www.spec.org/cpu2017/results/res2025q2/cpu2017-20250324-47089.html,
obs-gpu-compute-units-amd-epyc-9965,amd-epyc-9965,AMD EPYC 9965,AMD,server,cpu,cpu,2024-10-10,2024.774641,gpu_compute_units,,SMs / CUs / GPU cores,"vendor-native GPU unit count; SM, CU, or Apple GPU core",unresolved,unresolved,primary,,,,,,,,not_applicable_cpu,,No supported value found; retained as an explicit blank.
obs-cpu-single-thread-normalized-amd-epyc-9965,amd-epyc-9965,AMD EPYC 9965,AMD,server,cpu,cpu,2024-10-10,2024.774641,cpu_single_thread_normalized,144.9,normalized single-core index (legacy SPEC scale),one-copy benchmark normalized by the documented suite-specific continuity rule,normalized,high,primary,SPECspeed2017_int_base,16.1,raw x 9,,,{},,eligible,https://www.amd.com/en/products/processors/server/epyc/9005-series.html; https://www.spec.org/cpu2017/results/res2025q2/cpu2017-20250324-47089.html,
obs-cpu-multicore-rate2000-int-base-amd-epyc-9965,amd-epyc-9965,AMD EPYC 9965,AMD,server,cpu,cpu,2024-10-10,2024.774641,cpu_multicore_rate2000_int_base,,SPECint_rate_base2000 (one chip),measured integer throughput of one CPU package in a published system,unresolved,unresolved,primary,,,,,,,,unresolved,,No supported value found; retained as an explicit blank.
obs-cpu-multicore-rate2006-int-base-amd-epyc-9965,amd-epyc-9965,AMD EPYC 9965,AMD,server,cpu,cpu,2024-10-10,2024.774641,cpu_multicore_rate2006_int_base,,SPECint_rate_base2006 (one chip),measured integer throughput of one CPU package in a published system,unresolved,unresolved,primary,,,,,,,,unresolved,,No supported value found; retained as an explicit blank.
obs-cpu-multicore-rate2017-int-base-amd-epyc-9965,amd-epyc-9965,AMD EPYC 9965,AMD,server,cpu,cpu,2024-10-10,2024.774641,cpu_multicore_rate2017_int_base,1400,SPECrate2017_int_base (one chip),measured integer throughput of one CPU package in a published system,measured,direct,primary,SPECrate2017_int_base,1400,,,,{},,supporting_raw_benchmark_not_plotted,https://www.spec.org/cpu2017/results/res2025q3/cpu2017-20250714-49076.html,Published one-chip system result: HPE ProLiant Compute DL345 Gen12; hardware availability not recorded. Score belongs to this tested configuration and this SPEC suite only; scores from other suites are not comparable.
obs-cpu-multicore-index-amd-epyc-9965,amd-epyc-9965,AMD EPYC 9965,AMD,server,cpu,cpu,2024-10-10,2024.774641,cpu_multicore_index,147860.333187,estimated one-chip throughput index (2003=100),estimated integer-throughput index derived from a measured one-CPU-package SPEC rate,normalized,medium,derived_from_primary,SPECrate2017_int_base,1400.0,Educational index; POWER4+ 2003 one-chip SPECint_rate_base2000 15.2 = 100. Bridges use median log ratios of matched one-chip processor results; not an official SPEC conversion.,,,"{""base_index"": 100.0, ""base_score"": 15.2, ""cpu2000_to_cpu2006"": 0.4988558352402746, ""cpu2006_to_cpu2017"": 0.12486988466935224, ""denominator_for_suite"": 0.9468394733189144, ""raw_score"": 1400.0}",base_index * raw_score / denominator_for_suite,eligible,https://open.spec.org/cpu2000/results/res2006q3/cpu2000-20060705-06399.html; https://open.spec.org/cpu2000/results/res2006q3/cpu2000-20060904-07199.html; https://spec.org/cpu2006/results/res2018q1/cpu2006-20171212-51326.pdf; https://www.spec.org/cpu2000/results/res2006q3/cpu2000-20060705-06403.pdf; https://www.spec.org/cpu2006/results/res2006q3/cpu2006-20060904-00079.pdf; https://www.spec.org/cpu2006/results/res2006q3/cpu2006-20060904-00082.pdf; https://www.spec.org/cpu2006/results/res2007q3/cpu2006-20070723-01554.pdf; https://www.spec.org/cpu2006/results/res2017q2/cpu2006-20170529-47129.html; https://www.spec.org/cpu2017/results/res2017q4/cpu2017-20171211-01450.html; https://www.spec.org/cpu2017/results/res2018q1/cpu2017-20171212-01664.html; https://www.spec.org/cpu2017/results/res2025q3/cpu2017-20250714-49076.html,Estimated cross-suite index from measured one-chip rate. Raw result and all bridge reports are retained; consult cpu-throughput-bridges.json. SPEC does not endorse cross-suite score conversion.
obs-fp32-dense-peak-gflops-amd-epyc-9965,amd-epyc-9965,AMD EPYC 9965,AMD,server,cpu,cpu,2024-10-10,2024.774641,fp32_dense_peak_gflops,,GFLOP/s,dense non-tensor non-sparse FP32 vector peak,unresolved,unresolved,primary,,,,,,,,unresolved,,No supported value found; retained as an explicit blank.
obs-transistors-million-amd-instinct-mi325x,amd-instinct-mi325x,AMD Instinct MI325X,AMD,datacenter/HPC,gpu,gpu,2024-10-10,2024.774641,transistors_million,153000,million transistors,device or multi-die package transistor count,direct,direct,primary,,,,,,{},,eligible,https://www.amd.com/content/dam/amd/en/documents/instinct-tech-docs/white-papers/amd-cdna-3-white-paper.pdf,
obs-frequency-ghz-amd-instinct-mi325x,amd-instinct-mi325x,AMD Instinct MI325X,AMD,datacenter/HPC,gpu,gpu,2024-10-10,2024.774641,frequency_ghz,2.1,GHz,nominal/base clock unless source states otherwise,direct,direct,primary,,,,,,{},,eligible,https://www.amd.com/content/dam/amd/en/documents/instinct-tech-docs/white-papers/amd-cdna-3-white-paper.pdf,
obs-power-w-amd-instinct-mi325x,amd-instinct-mi325x,AMD Instinct MI325X,AMD,datacenter/HPC,gpu,gpu,2024-10-10,2024.774641,power_w,1000,W,GPU TBP/TDP,direct,direct,primary,,,,,,{},,eligible,https://www.amd.com/content/dam/amd/en/documents/instinct-tech-docs/white-papers/amd-cdna-3-white-paper.pdf,
obs-cpu-physical-cores-amd-instinct-mi325x,amd-instinct-mi325x,AMD Instinct MI325X,AMD,datacenter/HPC,gpu,gpu,2024-10-10,2024.774641,cpu_physical_cores,,physical cores,physical CPU cores,unresolved,unresolved,primary,,,,,,,,not_applicable_gpu,,No supported value found; retained as an explicit blank.
obs-gpu-compute-units-amd-instinct-mi325x,amd-instinct-mi325x,AMD Instinct MI325X,AMD,datacenter/HPC,gpu,discrete_gpu,2024-10-10,2024.774641,gpu_compute_units,304,SMs / CUs / GPU cores,"vendor-native GPU unit count; SM, CU, or Apple GPU core",direct,direct,primary,,,,,,{},,supporting_noncomparable_not_plotted,https://www.amd.com/content/dam/amd/en/documents/instinct-tech-docs/white-papers/amd-cdna-3-white-paper.pdf,
obs-cpu-single-thread-normalized-amd-instinct-mi325x,amd-instinct-mi325x,AMD Instinct MI325X,AMD,datacenter/HPC,gpu,gpu,2024-10-10,2024.774641,cpu_single_thread_normalized,,normalized single-core index (legacy SPEC scale),one-copy benchmark normalized by the documented suite-specific continuity rule,unresolved,unresolved,primary,,,,,,,,not_applicable_gpu,,No supported value found; retained as an explicit blank.
obs-cpu-multicore-rate2000-int-base-amd-instinct-mi325x,amd-instinct-mi325x,AMD Instinct MI325X,AMD,datacenter/HPC,gpu,gpu,2024-10-10,2024.774641,cpu_multicore_rate2000_int_base,,SPECint_rate_base2000 (one chip),measured integer throughput of one CPU package in a published system,unresolved,unresolved,primary,,,,,,,,not_applicable_gpu,,No supported value found; retained as an explicit blank.
obs-cpu-multicore-rate2006-int-base-amd-instinct-mi325x,amd-instinct-mi325x,AMD Instinct MI325X,AMD,datacenter/HPC,gpu,gpu,2024-10-10,2024.774641,cpu_multicore_rate2006_int_base,,SPECint_rate_base2006 (one chip),measured integer throughput of one CPU package in a published system,unresolved,unresolved,primary,,,,,,,,not_applicable_gpu,,No supported value found; retained as an explicit blank.
obs-cpu-multicore-rate2017-int-base-amd-instinct-mi325x,amd-instinct-mi325x,AMD Instinct MI325X,AMD,datacenter/HPC,gpu,gpu,2024-10-10,2024.774641,cpu_multicore_rate2017_int_base,,SPECrate2017_int_base (one chip),measured integer throughput of one CPU package in a published system,unresolved,unresolved,primary,,,,,,,,not_applicable_gpu,,No supported value found; retained as an explicit blank.
obs-cpu-multicore-index-amd-instinct-mi325x,amd-instinct-mi325x,AMD Instinct MI325X,AMD,datacenter/HPC,gpu,gpu,2024-10-10,2024.774641,cpu_multicore_index,,estimated one-chip throughput index (2003=100),estimated integer-throughput index derived from a measured one-CPU-package SPEC rate,unresolved,unresolved,primary,,,,,,,,not_applicable_gpu,,No supported value found; retained as an explicit blank.
obs-fp32-dense-peak-gflops-amd-instinct-mi325x,amd-instinct-mi325x,AMD Instinct MI325X,AMD,datacenter/HPC,gpu,discrete_gpu,2024-10-10,2024.774641,fp32_dense_peak_gflops,163400,GFLOP/s,dense non-tensor non-sparse FP32 vector peak,direct,direct,primary,,,,FP32 vector dense,,{},,eligible,https://www.amd.com/content/dam/amd/en/documents/instinct-tech-docs/white-papers/amd-cdna-3-white-paper.pdf,
obs-transistors-million-apple-m4-max,apple-m4-max,Apple M4 Max,Apple,client,soc,soc_package,2024-10-30,2024.829398,transistors_million,95000,million transistors,device or multi-die package transistor count,direct,medium,secondary,,,,,,{},,eligible,https://www.macworld.com/article/556384/apple-processors-pro-max-ultra-iphone-ipad-mac-benchmarks.html,Macworld-reported approximate 95-billion count; Apple has not published an official M4 Max total.
obs-frequency-ghz-apple-m4-max,apple-m4-max,Apple M4 Max,Apple,client,soc,soc_package,2024-10-30,2024.829398,frequency_ghz,4.52,GHz,nominal/base clock unless source states otherwise,direct,medium,secondary,,,,,reported peak performance-core clock,{},,eligible,https://www.macworld.com/article/556384/apple-processors-pro-max-ultra-iphone-ipad-mac-benchmarks.html,Macworld-reported peak performance-core clock; not Apple's published base clock.
obs-power-w-apple-m4-max,apple-m4-max,Apple M4 Max,Apple,client,soc,soc_package,2024-10-30,2024.829398,power_w,70,W,SoC package power,direct,medium,secondary,,,,,,{},,eligible,https://www.macworld.com/article/556384/apple-processors-pro-max-ultra-iphone-ipad-mac-benchmarks.html,"Macworld-reported 16-core M4 Max TDP; secondary estimate, not a measured package-power result."
obs-cpu-physical-cores-apple-m4-max,apple-m4-max,Apple M4 Max,Apple,client,soc,cpu,2024-10-30,2024.829398,cpu_physical_cores,16,physical cores,physical CPU cores,direct,direct,primary,,,,,,{},,eligible,https://www.apple.com/newsroom/2024/10/apple-introduces-m4-pro-and-m4-max/,
obs-gpu-compute-units-apple-m4-max,apple-m4-max,Apple M4 Max,Apple,client,soc,integrated_gpu,2024-10-30,2024.829398,gpu_compute_units,40,SMs / CUs / GPU cores,"vendor-native GPU unit count; SM, CU, or Apple GPU core",direct,direct,primary,,,,,,{},,supporting_noncomparable_not_plotted,https://www.apple.com/newsroom/2024/10/apple-introduces-m4-pro-and-m4-max/,
obs-cpu-single-thread-normalized-apple-m4-max,apple-m4-max,Apple M4 Max,Apple,client,soc,cpu,2024-10-30,2024.829398,cpu_single_thread_normalized,92.5,normalized single-core index (legacy SPEC scale),one-copy benchmark normalized by the documented suite-specific continuity rule,normalized,medium,derived_from_benchmark_and_legacy_anchor,Geekbench 7 single-core,3382,"59.9 * Geekbench 7 single-core score / 2190 (M1 anchor); approximate index, not a SPEC result",,,"{""anchor_index"": 59.9, ""anchor_raw_score"": 2190.0, ""raw_score"": 3382}","round(anchor_index * raw_score / anchor_raw_score, 1)",eligible,https://browser.geekbench.com/mac-benchmarks; https://github.com/karlrupp/microprocessor-trend-data/blob/master/newdata.txt#L38; https://www.apple.com/newsroom/2024/10/apple-introduces-m4-pro-and-m4-max/,"MacBook Pro 16-inch (2024), M4 Max 16-core CPU, 40-core GPU; Geekbench's Mac-chart average, requiring at least five unique submissions. Recorded 2026-09-23. The M1 anchor is the legacy graph's estimated SPECint continuity value; the cross-benchmark ratio is an illustrative trend estimate, not an official SPEC conversion."
obs-cpu-multicore-rate2000-int-base-apple-m4-max,apple-m4-max,Apple M4 Max,Apple,client,soc,cpu,2024-10-30,2024.829398,cpu_multicore_rate2000_int_base,,SPECint_rate_base2000 (one chip),measured integer throughput of one CPU package in a published system,unresolved,unresolved,primary,,,,,,,,unresolved,,No supported value found; retained as an explicit blank.
obs-cpu-multicore-rate2006-int-base-apple-m4-max,apple-m4-max,Apple M4 Max,Apple,client,soc,cpu,2024-10-30,2024.829398,cpu_multicore_rate2006_int_base,,SPECint_rate_base2006 (one chip),measured integer throughput of one CPU package in a published system,unresolved,unresolved,primary,,,,,,,,unresolved,,No supported value found; retained as an explicit blank.
obs-cpu-multicore-rate2017-int-base-apple-m4-max,apple-m4-max,Apple M4 Max,Apple,client,soc,cpu,2024-10-30,2024.829398,cpu_multicore_rate2017_int_base,,SPECrate2017_int_base (one chip),measured integer throughput of one CPU package in a published system,unresolved,unresolved,primary,,,,,,,,unresolved,,No supported value found; retained as an explicit blank.
obs-cpu-multicore-index-apple-m4-max,apple-m4-max,Apple M4 Max,Apple,client,soc,cpu,2024-10-30,2024.829398,cpu_multicore_index,,estimated one-chip throughput index (2003=100),estimated integer-throughput index derived from a measured one-CPU-package SPEC rate,unresolved,unresolved,primary,,,,,,,,unresolved,,No supported value found; retained as an explicit blank.
obs-fp32-dense-peak-gflops-apple-m4-max,apple-m4-max,Apple M4 Max,Apple,client,soc,integrated_gpu,2024-10-30,2024.829398,fp32_dense_peak_gflops,,GFLOP/s,dense non-tensor non-sparse FP32 vector peak,unresolved,unresolved,primary,,,,,,,,unresolved,,No supported value found; retained as an explicit blank.
obs-transistors-million-apple-m4-pro,apple-m4-pro,Apple M4 Pro,Apple,client,soc,soc_package,2024-10-30,2024.829398,transistors_million,41000,million transistors,device or multi-die package transistor count,calculated,medium,secondary,,,,,,"{""m3_billion"": 25, ""m3_pro_billion"": 37, ""m4_billion"": 28}",round(28 * 37 / 25) * 1000 million transistors,eligible,https://www.laptopmag.com/laptops/macbooks/apple-m4-m3-biggest-differences-tradeoffs; https://www.apple.com/newsroom/2024/05/apple-introduces-m4-chip/; https://www.apple.com/newsroom/2023/10/apple-unveils-m3-m3-pro-and-m3-max-the-most-advanced-chips-for-a-personal-computer/,"Approximate cross-generation ratio estimate, not a disclosed M4 Pro count. Architectural differences may make the estimate inaccurate."
obs-frequency-ghz-apple-m4-pro,apple-m4-pro,Apple M4 Pro,Apple,client,soc,soc_package,2024-10-30,2024.829398,frequency_ghz,4.52,GHz,nominal/base clock unless source states otherwise,direct,medium,secondary,,,,,reported peak performance-core clock,{},,eligible,https://www.macworld.com/article/556384/apple-processors-pro-max-ultra-iphone-ipad-mac-benchmarks.html,Macworld-reported peak performance-core clock; not Apple's published base clock.
obs-power-w-apple-m4-pro,apple-m4-pro,Apple M4 Pro,Apple,client,soc,soc_package,2024-10-30,2024.829398,power_w,46,W,SoC package power,direct,medium,secondary,,,,,,{},,eligible,https://www.macworld.com/article/556384/apple-processors-pro-max-ultra-iphone-ipad-mac-benchmarks.html,"Macworld-reported 14-core M4 Pro TDP; secondary estimate, not a measured package-power result."
obs-cpu-physical-cores-apple-m4-pro,apple-m4-pro,Apple M4 Pro,Apple,client,soc,cpu,2024-10-30,2024.829398,cpu_physical_cores,14,physical cores,physical CPU cores,direct,direct,primary,,,,,,{},,eligible,https://www.apple.com/newsroom/2024/10/apple-introduces-m4-pro-and-m4-max/,
obs-gpu-compute-units-apple-m4-pro,apple-m4-pro,Apple M4 Pro,Apple,client,soc,integrated_gpu,2024-10-30,2024.829398,gpu_compute_units,20,SMs / CUs / GPU cores,"vendor-native GPU unit count; SM, CU, or Apple GPU core",direct,direct,primary,,,,,,{},,supporting_noncomparable_not_plotted,https://www.apple.com/newsroom/2024/10/apple-introduces-m4-pro-and-m4-max/,
obs-cpu-single-thread-normalized-apple-m4-pro,apple-m4-pro,Apple M4 Pro,Apple,client,soc,cpu,2024-10-30,2024.829398,cpu_single_thread_normalized,92.3,normalized single-core index (legacy SPEC scale),one-copy benchmark normalized by the documented suite-specific continuity rule,normalized,medium,derived_from_benchmark_and_legacy_anchor,Geekbench 7 single-core,3375,"59.9 * Geekbench 7 single-core score / 2190 (M1 anchor); approximate index, not a SPEC result",,,"{""anchor_index"": 59.9, ""anchor_raw_score"": 2190.0, ""raw_score"": 3375}","round(anchor_index * raw_score / anchor_raw_score, 1)",eligible,https://browser.geekbench.com/mac-benchmarks; https://github.com/karlrupp/microprocessor-trend-data/blob/master/newdata.txt#L38; https://www.apple.com/newsroom/2024/10/apple-introduces-m4-pro-and-m4-max/,"MacBook Pro 16-inch (2024), M4 Pro 14-core CPU; Geekbench's Mac-chart average, requiring at least five unique submissions. Recorded 2026-09-23. The M1 anchor is the legacy graph's estimated SPECint continuity value; the cross-benchmark ratio is an illustrative trend estimate, not an official SPEC conversion."
obs-cpu-multicore-rate2000-int-base-apple-m4-pro,apple-m4-pro,Apple M4 Pro,Apple,client,soc,cpu,2024-10-30,2024.829398,cpu_multicore_rate2000_int_base,,SPECint_rate_base2000 (one chip),measured integer throughput of one CPU package in a published system,unresolved,unresolved,primary,,,,,,,,unresolved,,No supported value found; retained as an explicit blank.
obs-cpu-multicore-rate2006-int-base-apple-m4-pro,apple-m4-pro,Apple M4 Pro,Apple,client,soc,cpu,2024-10-30,2024.829398,cpu_multicore_rate2006_int_base,,SPECint_rate_base2006 (one chip),measured integer throughput of one CPU package in a published system,unresolved,unresolved,primary,,,,,,,,unresolved,,No supported value found; retained as an explicit blank.
obs-cpu-multicore-rate2017-int-base-apple-m4-pro,apple-m4-pro,Apple M4 Pro,Apple,client,soc,cpu,2024-10-30,2024.829398,cpu_multicore_rate2017_int_base,,SPECrate2017_int_base (one chip),measured integer throughput of one CPU package in a published system,unresolved,unresolved,primary,,,,,,,,unresolved,,No supported value found; retained as an explicit blank.
obs-cpu-multicore-index-apple-m4-pro,apple-m4-pro,Apple M4 Pro,Apple,client,soc,cpu,2024-10-30,2024.829398,cpu_multicore_index,,estimated one-chip throughput index (2003=100),estimated integer-throughput index derived from a measured one-CPU-package SPEC rate,unresolved,unresolved,primary,,,,,,,,unresolved,,No supported value found; retained as an explicit blank.
obs-fp32-dense-peak-gflops-apple-m4-pro,apple-m4-pro,Apple M4 Pro,Apple,client,soc,integrated_gpu,2024-10-30,2024.829398,fp32_dense_peak_gflops,,GFLOP/s,dense non-tensor non-sparse FP32 vector peak,unresolved,unresolved,primary,,,,,,,,unresolved,,No supported value found; retained as an explicit blank.
obs-transistors-million-apple-m3-ultra,apple-m3-ultra,Apple M3 Ultra,Apple,workstation,soc,soc_package,2025-03-05,2025.177618,transistors_million,184000,million transistors,device or multi-die package transistor count,direct,direct,primary,,,,,,{},,eligible,https://www.apple.com/newsroom/2025/03/apple-reveals-m3-ultra-taking-apple-silicon-to-a-new-extreme/,
obs-frequency-ghz-apple-m3-ultra,apple-m3-ultra,Apple M3 Ultra,Apple,workstation,soc,soc_package,2025-03-05,2025.177618,frequency_ghz,,GHz,nominal/base clock unless source states otherwise,unresolved,unresolved,primary,,,,,,,,unresolved,,No supported value found; retained as an explicit blank.
obs-power-w-apple-m3-ultra,apple-m3-ultra,Apple M3 Ultra,Apple,workstation,soc,soc_package,2025-03-05,2025.177618,power_w,,W,SoC package power,unresolved,unresolved,primary,,,,,,,,unresolved,,No supported value found; retained as an explicit blank.
obs-cpu-physical-cores-apple-m3-ultra,apple-m3-ultra,Apple M3 Ultra,Apple,workstation,soc,cpu,2025-03-05,2025.177618,cpu_physical_cores,32,physical cores,physical CPU cores,direct,direct,primary,,,,,,{},,eligible,https://www.apple.com/newsroom/2025/03/apple-reveals-m3-ultra-taking-apple-silicon-to-a-new-extreme/,
obs-gpu-compute-units-apple-m3-ultra,apple-m3-ultra,Apple M3 Ultra,Apple,workstation,soc,integrated_gpu,2025-03-05,2025.177618,gpu_compute_units,80,SMs / CUs / GPU cores,"vendor-native GPU unit count; SM, CU, or Apple GPU core",direct,direct,primary,,,,,,{},,supporting_noncomparable_not_plotted,https://www.apple.com/newsroom/2025/03/apple-reveals-m3-ultra-taking-apple-silicon-to-a-new-extreme/,
obs-cpu-single-thread-normalized-apple-m3-ultra,apple-m3-ultra,Apple M3 Ultra,Apple,workstation,soc,cpu,2025-03-05,2025.177618,cpu_single_thread_normalized,79.8,normalized single-core index (legacy SPEC scale),one-copy benchmark normalized by the documented suite-specific continuity rule,normalized,medium,derived_from_benchmark_and_legacy_anchor,Geekbench 7 single-core,2916,"59.9 * Geekbench 7 single-core score / 2190 (M1 anchor); approximate index, not a SPEC result",,,"{""anchor_index"": 59.9, ""anchor_raw_score"": 2190.0, ""raw_score"": 2916}","round(anchor_index * raw_score / anchor_raw_score, 1)",eligible,https://browser.geekbench.com/mac-benchmarks; https://github.com/karlrupp/microprocessor-trend-data/blob/master/newdata.txt#L38; https://www.apple.com/newsroom/2025/03/apple-reveals-m3-ultra-taking-apple-silicon-to-a-new-extreme/,"Mac Studio (2025), M3 Ultra 32-core CPU, 80-core GPU; Geekbench's Mac-chart average, requiring at least five unique submissions. Recorded 2026-09-23. The M1 anchor is the legacy graph's estimated SPECint continuity value; the cross-benchmark ratio is an illustrative trend estimate, not an official SPEC conversion."
obs-cpu-multicore-rate2000-int-base-apple-m3-ultra,apple-m3-ultra,Apple M3 Ultra,Apple,workstation,soc,cpu,2025-03-05,2025.177618,cpu_multicore_rate2000_int_base,,SPECint_rate_base2000 (one chip),measured integer throughput of one CPU package in a published system,unresolved,unresolved,primary,,,,,,,,unresolved,,No supported value found; retained as an explicit blank.
obs-cpu-multicore-rate2006-int-base-apple-m3-ultra,apple-m3-ultra,Apple M3 Ultra,Apple,workstation,soc,cpu,2025-03-05,2025.177618,cpu_multicore_rate2006_int_base,,SPECint_rate_base2006 (one chip),measured integer throughput of one CPU package in a published system,unresolved,unresolved,primary,,,,,,,,unresolved,,No supported value found; retained as an explicit blank.
obs-cpu-multicore-rate2017-int-base-apple-m3-ultra,apple-m3-ultra,Apple M3 Ultra,Apple,workstation,soc,cpu,2025-03-05,2025.177618,cpu_multicore_rate2017_int_base,,SPECrate2017_int_base (one chip),measured integer throughput of one CPU package in a published system,unresolved,unresolved,primary,,,,,,,,unresolved,,No supported value found; retained as an explicit blank.
obs-cpu-multicore-index-apple-m3-ultra,apple-m3-ultra,Apple M3 Ultra,Apple,workstation,soc,cpu,2025-03-05,2025.177618,cpu_multicore_index,,estimated one-chip throughput index (2003=100),estimated integer-throughput index derived from a measured one-CPU-package SPEC rate,unresolved,unresolved,primary,,,,,,,,unresolved,,No supported value found; retained as an explicit blank.
obs-fp32-dense-peak-gflops-apple-m3-ultra,apple-m3-ultra,Apple M3 Ultra,Apple,workstation,soc,integrated_gpu,2025-03-05,2025.177618,fp32_dense_peak_gflops,,GFLOP/s,dense non-tensor non-sparse FP32 vector peak,unresolved,unresolved,primary,,,,,,,,unresolved,,No supported value found; retained as an explicit blank.
obs-transistors-million-nvidia-b200,nvidia-b200,NVIDIA B200,NVIDIA,datacenter/HPC,gpu,gpu,2025-03-18,2025.213210,transistors_million,,million transistors,device or multi-die package transistor count,unresolved,unresolved,primary,,,,,,,,unresolved,,No supported value found; retained as an explicit blank.
obs-frequency-ghz-nvidia-b200,nvidia-b200,NVIDIA B200,NVIDIA,datacenter/HPC,gpu,gpu,2025-03-18,2025.213210,frequency_ghz,,GHz,nominal/base clock unless source states otherwise,unresolved,unresolved,primary,,,,,,,,unresolved,,No supported value found; retained as an explicit blank.
obs-power-w-nvidia-b200,nvidia-b200,NVIDIA B200,NVIDIA,datacenter/HPC,gpu,gpu,2025-03-18,2025.213210,power_w,,W,GPU TBP/TDP,unresolved,unresolved,primary,,,,,,,,unresolved,,No supported value found; retained as an explicit blank.
obs-cpu-physical-cores-nvidia-b200,nvidia-b200,NVIDIA B200,NVIDIA,datacenter/HPC,gpu,gpu,2025-03-18,2025.213210,cpu_physical_cores,,physical cores,physical CPU cores,unresolved,unresolved,primary,,,,,,,,not_applicable_gpu,,No supported value found; retained as an explicit blank.
obs-gpu-compute-units-nvidia-b200,nvidia-b200,NVIDIA B200,NVIDIA,datacenter/HPC,gpu,discrete_gpu,2025-03-18,2025.213210,gpu_compute_units,,SMs / CUs / GPU cores,"vendor-native GPU unit count; SM, CU, or Apple GPU core",unresolved,unresolved,primary,,,,,,,,unresolved,,No supported value found; retained as an explicit blank.
obs-cpu-single-thread-normalized-nvidia-b200,nvidia-b200,NVIDIA B200,NVIDIA,datacenter/HPC,gpu,gpu,2025-03-18,2025.213210,cpu_single_thread_normalized,,normalized single-core index (legacy SPEC scale),one-copy benchmark normalized by the documented suite-specific continuity rule,unresolved,unresolved,primary,,,,,,,,not_applicable_gpu,,No supported value found; retained as an explicit blank.
obs-cpu-multicore-rate2000-int-base-nvidia-b200,nvidia-b200,NVIDIA B200,NVIDIA,datacenter/HPC,gpu,gpu,2025-03-18,2025.213210,cpu_multicore_rate2000_int_base,,SPECint_rate_base2000 (one chip),measured integer throughput of one CPU package in a published system,unresolved,unresolved,primary,,,,,,,,not_applicable_gpu,,No supported value found; retained as an explicit blank.
obs-cpu-multicore-rate2006-int-base-nvidia-b200,nvidia-b200,NVIDIA B200,NVIDIA,datacenter/HPC,gpu,gpu,2025-03-18,2025.213210,cpu_multicore_rate2006_int_base,,SPECint_rate_base2006 (one chip),measured integer throughput of one CPU package in a published system,unresolved,unresolved,primary,,,,,,,,not_applicable_gpu,,No supported value found; retained as an explicit blank.
obs-cpu-multicore-rate2017-int-base-nvidia-b200,nvidia-b200,NVIDIA B200,NVIDIA,datacenter/HPC,gpu,gpu,2025-03-18,2025.213210,cpu_multicore_rate2017_int_base,,SPECrate2017_int_base (one chip),measured integer throughput of one CPU package in a published system,unresolved,unresolved,primary,,,,,,,,not_applicable_gpu,,No supported value found; retained as an explicit blank.
obs-cpu-multicore-index-nvidia-b200,nvidia-b200,NVIDIA B200,NVIDIA,datacenter/HPC,gpu,gpu,2025-03-18,2025.213210,cpu_multicore_index,,estimated one-chip throughput index (2003=100),estimated integer-throughput index derived from a measured one-CPU-package SPEC rate,unresolved,unresolved,primary,,,,,,,,not_applicable_gpu,,No supported value found; retained as an explicit blank.
obs-fp32-dense-peak-gflops-nvidia-b200,nvidia-b200,NVIDIA B200,NVIDIA,datacenter/HPC,gpu,discrete_gpu,2025-03-18,2025.213210,fp32_dense_peak_gflops,75000,GFLOP/s,dense non-tensor non-sparse FP32 vector peak,calculated,high,primary,,,,FP32 vector dense,,"{""GPU_count"": 8, ""HGX_B200_FP32_GFLOPS"": 600000}",600000 / 8,eligible,https://www.nvidia.com/en-au/data-center/hgx/,
obs-transistors-million-amd-instinct-mi350x,amd-instinct-mi350x,AMD Instinct MI350X,AMD,datacenter/HPC,gpu,gpu,2025-06-12,2025.446783,transistors_million,185000,million transistors,device or multi-die package transistor count,direct,direct,primary,,,,,,{},,eligible,https://www.amd.com/en/products/accelerators/instinct/mi350/mi350x.html,
obs-frequency-ghz-amd-instinct-mi350x,amd-instinct-mi350x,AMD Instinct MI350X,AMD,datacenter/HPC,gpu,gpu,2025-06-12,2025.446783,frequency_ghz,2.2,GHz,nominal/base clock unless source states otherwise,direct,direct,primary,,,,,,{},,eligible,https://www.amd.com/en/products/accelerators/instinct/mi350/mi350x.html,
obs-power-w-amd-instinct-mi350x,amd-instinct-mi350x,AMD Instinct MI350X,AMD,datacenter/HPC,gpu,gpu,2025-06-12,2025.446783,power_w,1000,W,GPU TBP/TDP,direct,direct,primary,,,,,,{},,eligible,https://www.amd.com/en/products/accelerators/instinct/mi350/mi350x.html,
obs-cpu-physical-cores-amd-instinct-mi350x,amd-instinct-mi350x,AMD Instinct MI350X,AMD,datacenter/HPC,gpu,gpu,2025-06-12,2025.446783,cpu_physical_cores,,physical cores,physical CPU cores,unresolved,unresolved,primary,,,,,,,,not_applicable_gpu,,No supported value found; retained as an explicit blank.
obs-gpu-compute-units-amd-instinct-mi350x,amd-instinct-mi350x,AMD Instinct MI350X,AMD,datacenter/HPC,gpu,discrete_gpu,2025-06-12,2025.446783,gpu_compute_units,256,SMs / CUs / GPU cores,"vendor-native GPU unit count; SM, CU, or Apple GPU core",direct,direct,primary,,,,,,{},,supporting_noncomparable_not_plotted,https://www.amd.com/en/products/accelerators/instinct/mi350/mi350x.html,
obs-cpu-single-thread-normalized-amd-instinct-mi350x,amd-instinct-mi350x,AMD Instinct MI350X,AMD,datacenter/HPC,gpu,gpu,2025-06-12,2025.446783,cpu_single_thread_normalized,,normalized single-core index (legacy SPEC scale),one-copy benchmark normalized by the documented suite-specific continuity rule,unresolved,unresolved,primary,,,,,,,,not_applicable_gpu,,No supported value found; retained as an explicit blank.
obs-cpu-multicore-rate2000-int-base-amd-instinct-mi350x,amd-instinct-mi350x,AMD Instinct MI350X,AMD,datacenter/HPC,gpu,gpu,2025-06-12,2025.446783,cpu_multicore_rate2000_int_base,,SPECint_rate_base2000 (one chip),measured integer throughput of one CPU package in a published system,unresolved,unresolved,primary,,,,,,,,not_applicable_gpu,,No supported value found; retained as an explicit blank.
obs-cpu-multicore-rate2006-int-base-amd-instinct-mi350x,amd-instinct-mi350x,AMD Instinct MI350X,AMD,datacenter/HPC,gpu,gpu,2025-06-12,2025.446783,cpu_multicore_rate2006_int_base,,SPECint_rate_base2006 (one chip),measured integer throughput of one CPU package in a published system,unresolved,unresolved,primary,,,,,,,,not_applicable_gpu,,No supported value found; retained as an explicit blank.
obs-cpu-multicore-rate2017-int-base-amd-instinct-mi350x,amd-instinct-mi350x,AMD Instinct MI350X,AMD,datacenter/HPC,gpu,gpu,2025-06-12,2025.446783,cpu_multicore_rate2017_int_base,,SPECrate2017_int_base (one chip),measured integer throughput of one CPU package in a published system,unresolved,unresolved,primary,,,,,,,,not_applicable_gpu,,No supported value found; retained as an explicit blank.
obs-cpu-multicore-index-amd-instinct-mi350x,amd-instinct-mi350x,AMD Instinct MI350X,AMD,datacenter/HPC,gpu,gpu,2025-06-12,2025.446783,cpu_multicore_index,,estimated one-chip throughput index (2003=100),estimated integer-throughput index derived from a measured one-CPU-package SPEC rate,unresolved,unresolved,primary,,,,,,,,not_applicable_gpu,,No supported value found; retained as an explicit blank.
obs-fp32-dense-peak-gflops-amd-instinct-mi350x,amd-instinct-mi350x,AMD Instinct MI350X,AMD,datacenter/HPC,gpu,discrete_gpu,2025-06-12,2025.446783,fp32_dense_peak_gflops,144200,GFLOP/s,dense non-tensor non-sparse FP32 vector peak,direct,direct,primary,,,,FP32 vector dense,,{},,eligible,https://www.amd.com/en/products/accelerators/instinct/mi350/mi350x.html,
obs-transistors-million-amd-instinct-mi355x,amd-instinct-mi355x,AMD Instinct MI355X,AMD,datacenter/HPC,gpu,gpu,2025-06-12,2025.446783,transistors_million,185000,million transistors,device or multi-die package transistor count,direct,direct,primary,,,,,,{},,eligible,https://www.amd.com/en/products/accelerators/instinct/mi350/mi355x.html,
obs-frequency-ghz-amd-instinct-mi355x,amd-instinct-mi355x,AMD Instinct MI355X,AMD,datacenter/HPC,gpu,gpu,2025-06-12,2025.446783,frequency_ghz,2.4,GHz,nominal/base clock unless source states otherwise,direct,direct,primary,,,,,,{},,eligible,https://www.amd.com/en/products/accelerators/instinct/mi350/mi355x.html,
obs-power-w-amd-instinct-mi355x,amd-instinct-mi355x,AMD Instinct MI355X,AMD,datacenter/HPC,gpu,gpu,2025-06-12,2025.446783,power_w,1400,W,GPU TBP/TDP,direct,direct,primary,,,,,,{},,eligible,https://www.amd.com/en/products/accelerators/instinct/mi350/mi355x.html,
obs-cpu-physical-cores-amd-instinct-mi355x,amd-instinct-mi355x,AMD Instinct MI355X,AMD,datacenter/HPC,gpu,gpu,2025-06-12,2025.446783,cpu_physical_cores,,physical cores,physical CPU cores,unresolved,unresolved,primary,,,,,,,,not_applicable_gpu,,No supported value found; retained as an explicit blank.
obs-gpu-compute-units-amd-instinct-mi355x,amd-instinct-mi355x,AMD Instinct MI355X,AMD,datacenter/HPC,gpu,discrete_gpu,2025-06-12,2025.446783,gpu_compute_units,256,SMs / CUs / GPU cores,"vendor-native GPU unit count; SM, CU, or Apple GPU core",direct,direct,primary,,,,,,{},,supporting_noncomparable_not_plotted,https://www.amd.com/en/products/accelerators/instinct/mi350/mi355x.html,
obs-cpu-single-thread-normalized-amd-instinct-mi355x,amd-instinct-mi355x,AMD Instinct MI355X,AMD,datacenter/HPC,gpu,gpu,2025-06-12,2025.446783,cpu_single_thread_normalized,,normalized single-core index (legacy SPEC scale),one-copy benchmark normalized by the documented suite-specific continuity rule,unresolved,unresolved,primary,,,,,,,,not_applicable_gpu,,No supported value found; retained as an explicit blank.
obs-cpu-multicore-rate2000-int-base-amd-instinct-mi355x,amd-instinct-mi355x,AMD Instinct MI355X,AMD,datacenter/HPC,gpu,gpu,2025-06-12,2025.446783,cpu_multicore_rate2000_int_base,,SPECint_rate_base2000 (one chip),measured integer throughput of one CPU package in a published system,unresolved,unresolved,primary,,,,,,,,not_applicable_gpu,,No supported value found; retained as an explicit blank.
obs-cpu-multicore-rate2006-int-base-amd-instinct-mi355x,amd-instinct-mi355x,AMD Instinct MI355X,AMD,datacenter/HPC,gpu,gpu,2025-06-12,2025.446783,cpu_multicore_rate2006_int_base,,SPECint_rate_base2006 (one chip),measured integer throughput of one CPU package in a published system,unresolved,unresolved,primary,,,,,,,,not_applicable_gpu,,No supported value found; retained as an explicit blank.
obs-cpu-multicore-rate2017-int-base-amd-instinct-mi355x,amd-instinct-mi355x,AMD Instinct MI355X,AMD,datacenter/HPC,gpu,gpu,2025-06-12,2025.446783,cpu_multicore_rate2017_int_base,,SPECrate2017_int_base (one chip),measured integer throughput of one CPU package in a published system,unresolved,unresolved,primary,,,,,,,,not_applicable_gpu,,No supported value found; retained as an explicit blank.
obs-cpu-multicore-index-amd-instinct-mi355x,amd-instinct-mi355x,AMD Instinct MI355X,AMD,datacenter/HPC,gpu,gpu,2025-06-12,2025.446783,cpu_multicore_index,,estimated one-chip throughput index (2003=100),estimated integer-throughput index derived from a measured one-CPU-package SPEC rate,unresolved,unresolved,primary,,,,,,,,not_applicable_gpu,,No supported value found; retained as an explicit blank.
obs-fp32-dense-peak-gflops-amd-instinct-mi355x,amd-instinct-mi355x,AMD Instinct MI355X,AMD,datacenter/HPC,gpu,discrete_gpu,2025-06-12,2025.446783,fp32_dense_peak_gflops,157300,GFLOP/s,dense non-tensor non-sparse FP32 vector peak,direct,direct,primary,,,,FP32 vector dense,,{},,eligible,https://www.amd.com/en/products/accelerators/instinct/mi350/mi355x.html,
obs-transistors-million-ibm-power11,ibm-power11,IBM POWER11,IBM,server,cpu,cpu,2025-07-25,2025.565708,transistors_million,,million transistors,device or multi-die package transistor count,unresolved,unresolved,primary,,,,,,,,unresolved,,No supported value found; retained as an explicit blank.
obs-frequency-ghz-ibm-power11,ibm-power11,IBM POWER11,IBM,server,cpu,cpu,2025-07-25,2025.565708,frequency_ghz,4.2,GHz,nominal/base clock unless source states otherwise,direct,direct,primary,,,,,,{},,eligible,https://www.redbooks.ibm.com/redbooks/pdfs/sg248596.pdf,
obs-power-w-ibm-power11,ibm-power11,IBM POWER11,IBM,server,cpu,cpu,2025-07-25,2025.565708,power_w,,W,CPU TDP,unresolved,unresolved,primary,,,,,,,,unresolved,,No supported value found; retained as an explicit blank.
obs-cpu-physical-cores-ibm-power11,ibm-power11,IBM POWER11,IBM,server,cpu,cpu,2025-07-25,2025.565708,cpu_physical_cores,30,physical cores,physical CPU cores,direct,direct,primary,,,,,,{},,eligible,https://www.redbooks.ibm.com/redbooks/pdfs/sg248596.pdf,
obs-gpu-compute-units-ibm-power11,ibm-power11,IBM POWER11,IBM,server,cpu,cpu,2025-07-25,2025.565708,gpu_compute_units,,SMs / CUs / GPU cores,"vendor-native GPU unit count; SM, CU, or Apple GPU core",unresolved,unresolved,primary,,,,,,,,not_applicable_cpu,,No supported value found; retained as an explicit blank.
obs-cpu-single-thread-normalized-ibm-power11,ibm-power11,IBM POWER11,IBM,server,cpu,cpu,2025-07-25,2025.565708,cpu_single_thread_normalized,,normalized single-core index (legacy SPEC scale),one-copy benchmark normalized by the documented suite-specific continuity rule,unresolved,unresolved,primary,,,,,,,,unresolved,,No supported value found; retained as an explicit blank.
obs-cpu-multicore-rate2000-int-base-ibm-power11,ibm-power11,IBM POWER11,IBM,server,cpu,cpu,2025-07-25,2025.565708,cpu_multicore_rate2000_int_base,,SPECint_rate_base2000 (one chip),measured integer throughput of one CPU package in a published system,unresolved,unresolved,primary,,,,,,,,unresolved,,No supported value found; retained as an explicit blank.
obs-cpu-multicore-rate2006-int-base-ibm-power11,ibm-power11,IBM POWER11,IBM,server,cpu,cpu,2025-07-25,2025.565708,cpu_multicore_rate2006_int_base,,SPECint_rate_base2006 (one chip),measured integer throughput of one CPU package in a published system,unresolved,unresolved,primary,,,,,,,,unresolved,,No supported value found; retained as an explicit blank.
obs-cpu-multicore-rate2017-int-base-ibm-power11,ibm-power11,IBM POWER11,IBM,server,cpu,cpu,2025-07-25,2025.565708,cpu_multicore_rate2017_int_base,,SPECrate2017_int_base (one chip),measured integer throughput of one CPU package in a published system,unresolved,unresolved,primary,,,,,,,,unresolved,,No supported value found; retained as an explicit blank.
obs-cpu-multicore-index-ibm-power11,ibm-power11,IBM POWER11,IBM,server,cpu,cpu,2025-07-25,2025.565708,cpu_multicore_index,,estimated one-chip throughput index (2003=100),estimated integer-throughput index derived from a measured one-CPU-package SPEC rate,unresolved,unresolved,primary,,,,,,,,unresolved,,No supported value found; retained as an explicit blank.
obs-fp32-dense-peak-gflops-ibm-power11,ibm-power11,IBM POWER11,IBM,server,cpu,cpu,2025-07-25,2025.565708,fp32_dense_peak_gflops,,GFLOP/s,dense non-tensor non-sparse FP32 vector peak,unresolved,unresolved,primary,,,,,,,,unresolved,,No supported value found; retained as an explicit blank.
obs-transistors-million-apple-m5,apple-m5,Apple M5,Apple,client,soc,soc_package,2025-10-15,2025.788330,transistors_million,28000,million transistors,device or multi-die package transistor count,direct,medium,secondary,,,,,,{},,eligible,https://www.macworld.com/article/556384/apple-processors-pro-max-ultra-iphone-ipad-mac-benchmarks.html,Macworld-reported count; Apple has not published an official M5 transistor total. Treat this as a secondary estimate.
obs-frequency-ghz-apple-m5,apple-m5,Apple M5,Apple,client,soc,soc_package,2025-10-15,2025.788330,frequency_ghz,4.61,GHz,nominal/base clock unless source states otherwise,direct,medium,secondary,,,,,reported peak performance-core clock,{},,eligible,https://www.macworld.com/article/556384/apple-processors-pro-max-ultra-iphone-ipad-mac-benchmarks.html,Macworld-reported peak performance-core clock; not Apple's published base clock.
obs-power-w-apple-m5,apple-m5,Apple M5,Apple,client,soc,soc_package,2025-10-15,2025.788330,power_w,30,W,SoC package power,direct,medium,secondary,,,,,,{},,eligible,https://www.macworld.com/article/556384/apple-processors-pro-max-ultra-iphone-ipad-mac-benchmarks.html,"Macworld-reported MacBook Pro M5 TDP; secondary estimate, not a measured package-power result."
obs-cpu-physical-cores-apple-m5,apple-m5,Apple M5,Apple,client,soc,cpu,2025-10-15,2025.788330,cpu_physical_cores,10,physical cores,physical CPU cores,direct,direct,primary,,,,,,{},,eligible,https://www.apple.com/newsroom/2025/10/apple-unleashes-m5-the-next-big-leap-in-ai-performance-for-apple-silicon/,
obs-gpu-compute-units-apple-m5,apple-m5,Apple M5,Apple,client,soc,integrated_gpu,2025-10-15,2025.788330,gpu_compute_units,10,SMs / CUs / GPU cores,"vendor-native GPU unit count; SM, CU, or Apple GPU core",direct,direct,primary,,,,,,{},,supporting_noncomparable_not_plotted,https://www.apple.com/newsroom/2025/10/apple-unleashes-m5-the-next-big-leap-in-ai-performance-for-apple-silicon/,
obs-cpu-single-thread-normalized-apple-m5,apple-m5,Apple M5,Apple,client,soc,cpu,2025-10-15,2025.788330,cpu_single_thread_normalized,99.6,normalized single-core index (legacy SPEC scale),one-copy benchmark normalized by the documented suite-specific continuity rule,normalized,medium,derived_from_benchmark_and_legacy_anchor,Geekbench 7 single-core,3643,"59.9 * Geekbench 7 single-core score / 2190 (M1 anchor); approximate index, not a SPEC result",,,"{""anchor_index"": 59.9, ""anchor_raw_score"": 2190.0, ""raw_score"": 3643}","round(anchor_index * raw_score / anchor_raw_score, 1)",eligible,https://browser.geekbench.com/mac-benchmarks; https://github.com/karlrupp/microprocessor-trend-data/blob/master/newdata.txt#L38; https://www.apple.com/newsroom/2025/10/apple-unleashes-m5-the-next-big-leap-in-ai-performance-for-apple-silicon/,"MacBook Pro 14-inch (2025), M5 10-core CPU; Geekbench's Mac-chart average, requiring at least five unique submissions. Recorded 2026-09-23. The M1 anchor is the legacy graph's estimated SPECint continuity value; the cross-benchmark ratio is an illustrative trend estimate, not an official SPEC conversion."
obs-cpu-multicore-rate2000-int-base-apple-m5,apple-m5,Apple M5,Apple,client,soc,cpu,2025-10-15,2025.788330,cpu_multicore_rate2000_int_base,,SPECint_rate_base2000 (one chip),measured integer throughput of one CPU package in a published system,unresolved,unresolved,primary,,,,,,,,unresolved,,No supported value found; retained as an explicit blank.
obs-cpu-multicore-rate2006-int-base-apple-m5,apple-m5,Apple M5,Apple,client,soc,cpu,2025-10-15,2025.788330,cpu_multicore_rate2006_int_base,,SPECint_rate_base2006 (one chip),measured integer throughput of one CPU package in a published system,unresolved,unresolved,primary,,,,,,,,unresolved,,No supported value found; retained as an explicit blank.
obs-cpu-multicore-rate2017-int-base-apple-m5,apple-m5,Apple M5,Apple,client,soc,cpu,2025-10-15,2025.788330,cpu_multicore_rate2017_int_base,,SPECrate2017_int_base (one chip),measured integer throughput of one CPU package in a published system,unresolved,unresolved,primary,,,,,,,,unresolved,,No supported value found; retained as an explicit blank.
obs-cpu-multicore-index-apple-m5,apple-m5,Apple M5,Apple,client,soc,cpu,2025-10-15,2025.788330,cpu_multicore_index,,estimated one-chip throughput index (2003=100),estimated integer-throughput index derived from a measured one-CPU-package SPEC rate,unresolved,unresolved,primary,,,,,,,,unresolved,,No supported value found; retained as an explicit blank.
obs-fp32-dense-peak-gflops-apple-m5,apple-m5,Apple M5,Apple,client,soc,integrated_gpu,2025-10-15,2025.788330,fp32_dense_peak_gflops,,GFLOP/s,dense non-tensor non-sparse FP32 vector peak,unresolved,unresolved,primary,,,,,,,,unresolved,,No supported value found; retained as an explicit blank.
obs-transistors-million-nvidia-b300,nvidia-b300,NVIDIA B300 Blackwell Ultra,NVIDIA,datacenter/HPC,gpu,gpu,2025-10-30,2025.829398,transistors_million,,million transistors,device or multi-die package transistor count,unresolved,unresolved,primary,,,,,,,,unresolved,,No supported value found; retained as an explicit blank.
obs-frequency-ghz-nvidia-b300,nvidia-b300,NVIDIA B300 Blackwell Ultra,NVIDIA,datacenter/HPC,gpu,gpu,2025-10-30,2025.829398,frequency_ghz,,GHz,nominal/base clock unless source states otherwise,unresolved,unresolved,primary,,,,,,,,unresolved,,No supported value found; retained as an explicit blank.
obs-power-w-nvidia-b300,nvidia-b300,NVIDIA B300 Blackwell Ultra,NVIDIA,datacenter/HPC,gpu,gpu,2025-10-30,2025.829398,power_w,,W,GPU TBP/TDP,unresolved,unresolved,primary,,,,,,,,unresolved,,No supported value found; retained as an explicit blank.
obs-cpu-physical-cores-nvidia-b300,nvidia-b300,NVIDIA B300 Blackwell Ultra,NVIDIA,datacenter/HPC,gpu,gpu,2025-10-30,2025.829398,cpu_physical_cores,,physical cores,physical CPU cores,unresolved,unresolved,primary,,,,,,,,not_applicable_gpu,,No supported value found; retained as an explicit blank.
obs-gpu-compute-units-nvidia-b300,nvidia-b300,NVIDIA B300 Blackwell Ultra,NVIDIA,datacenter/HPC,gpu,discrete_gpu,2025-10-30,2025.829398,gpu_compute_units,,SMs / CUs / GPU cores,"vendor-native GPU unit count; SM, CU, or Apple GPU core",unresolved,unresolved,primary,,,,,,,,unresolved,,No supported value found; retained as an explicit blank.
obs-cpu-single-thread-normalized-nvidia-b300,nvidia-b300,NVIDIA B300 Blackwell Ultra,NVIDIA,datacenter/HPC,gpu,gpu,2025-10-30,2025.829398,cpu_single_thread_normalized,,normalized single-core index (legacy SPEC scale),one-copy benchmark normalized by the documented suite-specific continuity rule,unresolved,unresolved,primary,,,,,,,,not_applicable_gpu,,No supported value found; retained as an explicit blank.
obs-cpu-multicore-rate2000-int-base-nvidia-b300,nvidia-b300,NVIDIA B300 Blackwell Ultra,NVIDIA,datacenter/HPC,gpu,gpu,2025-10-30,2025.829398,cpu_multicore_rate2000_int_base,,SPECint_rate_base2000 (one chip),measured integer throughput of one CPU package in a published system,unresolved,unresolved,primary,,,,,,,,not_applicable_gpu,,No supported value found; retained as an explicit blank.
obs-cpu-multicore-rate2006-int-base-nvidia-b300,nvidia-b300,NVIDIA B300 Blackwell Ultra,NVIDIA,datacenter/HPC,gpu,gpu,2025-10-30,2025.829398,cpu_multicore_rate2006_int_base,,SPECint_rate_base2006 (one chip),measured integer throughput of one CPU package in a published system,unresolved,unresolved,primary,,,,,,,,not_applicable_gpu,,No supported value found; retained as an explicit blank.
obs-cpu-multicore-rate2017-int-base-nvidia-b300,nvidia-b300,NVIDIA B300 Blackwell Ultra,NVIDIA,datacenter/HPC,gpu,gpu,2025-10-30,2025.829398,cpu_multicore_rate2017_int_base,,SPECrate2017_int_base (one chip),measured integer throughput of one CPU package in a published system,unresolved,unresolved,primary,,,,,,,,not_applicable_gpu,,No supported value found; retained as an explicit blank.
obs-cpu-multicore-index-nvidia-b300,nvidia-b300,NVIDIA B300 Blackwell Ultra,NVIDIA,datacenter/HPC,gpu,gpu,2025-10-30,2025.829398,cpu_multicore_index,,estimated one-chip throughput index (2003=100),estimated integer-throughput index derived from a measured one-CPU-package SPEC rate,unresolved,unresolved,primary,,,,,,,,not_applicable_gpu,,No supported value found; retained as an explicit blank.
obs-fp32-dense-peak-gflops-nvidia-b300,nvidia-b300,NVIDIA B300 Blackwell Ultra,NVIDIA,datacenter/HPC,gpu,discrete_gpu,2025-10-30,2025.829398,fp32_dense_peak_gflops,75000,GFLOP/s,dense non-tensor non-sparse FP32 vector peak,calculated,high,primary,,,,FP32 vector dense,,"{""GPU_count"": 8, ""HGX_B300_FP32_GFLOPS"": 600000}",600000 / 8,eligible,https://www.nvidia.com/en-us/data-center/hgx/; https://docs.nvidia.com/dgx/dgx-os-7-user-guide/release_notes.html,
obs-transistors-million-apple-m5-max,apple-m5-max,Apple M5 Max,Apple,client,soc,soc_package,2026-03-11,2026.194045,transistors_million,,million transistors,device or multi-die package transistor count,unresolved,unresolved,primary,,,,,,,,unresolved,,No supported value found; retained as an explicit blank.
obs-frequency-ghz-apple-m5-max,apple-m5-max,Apple M5 Max,Apple,client,soc,soc_package,2026-03-11,2026.194045,frequency_ghz,4.61,GHz,nominal/base clock unless source states otherwise,direct,medium,secondary,,,,,reported peak super-core clock,{},,eligible,https://www.macworld.com/article/556384/apple-processors-pro-max-ultra-iphone-ipad-mac-benchmarks.html,Macworld-reported peak super-core clock; not Apple's published base clock.
obs-power-w-apple-m5-max,apple-m5-max,Apple M5 Max,Apple,client,soc,soc_package,2026-03-11,2026.194045,power_w,72,W,SoC package power,direct,medium,secondary,,,,,,{},,eligible,https://www.macworld.com/article/556384/apple-processors-pro-max-ultra-iphone-ipad-mac-benchmarks.html,"Macworld-reported 40-GPU-core M5 Max TDP; secondary estimate, not a measured package-power result."
obs-cpu-physical-cores-apple-m5-max,apple-m5-max,Apple M5 Max,Apple,client,soc,cpu,2026-03-11,2026.194045,cpu_physical_cores,18,physical cores,physical CPU cores,direct,direct,primary,,,,,,{},,eligible,https://www.apple.com/newsroom/2026/03/apple-debuts-m5-pro-and-m5-max-to-supercharge-the-most-demanding-pro-workflows/,
obs-gpu-compute-units-apple-m5-max,apple-m5-max,Apple M5 Max,Apple,client,soc,integrated_gpu,2026-03-11,2026.194045,gpu_compute_units,40,SMs / CUs / GPU cores,"vendor-native GPU unit count; SM, CU, or Apple GPU core",direct,direct,primary,,,,,,{},,supporting_noncomparable_not_plotted,https://www.apple.com/newsroom/2026/03/apple-debuts-m5-pro-and-m5-max-to-supercharge-the-most-demanding-pro-workflows/,
obs-cpu-single-thread-normalized-apple-m5-max,apple-m5-max,Apple M5 Max,Apple,client,soc,cpu,2026-03-11,2026.194045,cpu_single_thread_normalized,102,normalized single-core index (legacy SPEC scale),one-copy benchmark normalized by the documented suite-specific continuity rule,normalized,medium,derived_from_benchmark_and_legacy_anchor,Geekbench 7 single-core,3730,"59.9 * Geekbench 7 single-core score / 2190 (M1 anchor); approximate index, not a SPEC result",,,"{""anchor_index"": 59.9, ""anchor_raw_score"": 2190.0, ""raw_score"": 3730}","round(anchor_index * raw_score / anchor_raw_score, 1)",eligible,https://browser.geekbench.com/mac-benchmarks; https://github.com/karlrupp/microprocessor-trend-data/blob/master/newdata.txt#L38; https://www.apple.com/newsroom/2026/03/apple-debuts-m5-pro-and-m5-max-to-supercharge-the-most-demanding-pro-workflows/,"MacBook Pro 16-inch (2026), M5 Max 18-core CPU, 40-core GPU; Geekbench's Mac-chart average, requiring at least five unique submissions. Recorded 2026-09-23. The M1 anchor is the legacy graph's estimated SPECint continuity value; the cross-benchmark ratio is an illustrative trend estimate, not an official SPEC conversion."
obs-cpu-multicore-rate2000-int-base-apple-m5-max,apple-m5-max,Apple M5 Max,Apple,client,soc,cpu,2026-03-11,2026.194045,cpu_multicore_rate2000_int_base,,SPECint_rate_base2000 (one chip),measured integer throughput of one CPU package in a published system,unresolved,unresolved,primary,,,,,,,,unresolved,,No supported value found; retained as an explicit blank.
obs-cpu-multicore-rate2006-int-base-apple-m5-max,apple-m5-max,Apple M5 Max,Apple,client,soc,cpu,2026-03-11,2026.194045,cpu_multicore_rate2006_int_base,,SPECint_rate_base2006 (one chip),measured integer throughput of one CPU package in a published system,unresolved,unresolved,primary,,,,,,,,unresolved,,No supported value found; retained as an explicit blank.
obs-cpu-multicore-rate2017-int-base-apple-m5-max,apple-m5-max,Apple M5 Max,Apple,client,soc,cpu,2026-03-11,2026.194045,cpu_multicore_rate2017_int_base,,SPECrate2017_int_base (one chip),measured integer throughput of one CPU package in a published system,unresolved,unresolved,primary,,,,,,,,unresolved,,No supported value found; retained as an explicit blank.
obs-cpu-multicore-index-apple-m5-max,apple-m5-max,Apple M5 Max,Apple,client,soc,cpu,2026-03-11,2026.194045,cpu_multicore_index,,estimated one-chip throughput index (2003=100),estimated integer-throughput index derived from a measured one-CPU-package SPEC rate,unresolved,unresolved,primary,,,,,,,,unresolved,,No supported value found; retained as an explicit blank.
obs-fp32-dense-peak-gflops-apple-m5-max,apple-m5-max,Apple M5 Max,Apple,client,soc,integrated_gpu,2026-03-11,2026.194045,fp32_dense_peak_gflops,,GFLOP/s,dense non-tensor non-sparse FP32 vector peak,unresolved,unresolved,primary,,,,,,,,unresolved,,No supported value found; retained as an explicit blank.
obs-transistors-million-apple-m5-pro,apple-m5-pro,Apple M5 Pro,Apple,client,soc,soc_package,2026-03-11,2026.194045,transistors_million,,million transistors,device or multi-die package transistor count,unresolved,unresolved,primary,,,,,,,,unresolved,,No supported value found; retained as an explicit blank.
obs-frequency-ghz-apple-m5-pro,apple-m5-pro,Apple M5 Pro,Apple,client,soc,soc_package,2026-03-11,2026.194045,frequency_ghz,4.61,GHz,nominal/base clock unless source states otherwise,direct,medium,secondary,,,,,reported peak performance-core clock,{},,eligible,https://www.macworld.com/article/556384/apple-processors-pro-max-ultra-iphone-ipad-mac-benchmarks.html,Macworld-reported peak super-core clock; not Apple's published base clock.
obs-power-w-apple-m5-pro,apple-m5-pro,Apple M5 Pro,Apple,client,soc,soc_package,2026-03-11,2026.194045,power_w,,W,SoC package power,unresolved,unresolved,primary,,,,,,,,unresolved,,No supported value found; retained as an explicit blank.
obs-cpu-physical-cores-apple-m5-pro,apple-m5-pro,Apple M5 Pro,Apple,client,soc,cpu,2026-03-11,2026.194045,cpu_physical_cores,18,physical cores,physical CPU cores,direct,direct,primary,,,,,,{},,eligible,https://www.apple.com/newsroom/2026/03/apple-debuts-m5-pro-and-m5-max-to-supercharge-the-most-demanding-pro-workflows/,
obs-gpu-compute-units-apple-m5-pro,apple-m5-pro,Apple M5 Pro,Apple,client,soc,integrated_gpu,2026-03-11,2026.194045,gpu_compute_units,20,SMs / CUs / GPU cores,"vendor-native GPU unit count; SM, CU, or Apple GPU core",direct,direct,primary,,,,,,{},,supporting_noncomparable_not_plotted,https://www.apple.com/newsroom/2026/03/apple-debuts-m5-pro-and-m5-max-to-supercharge-the-most-demanding-pro-workflows/,
obs-cpu-single-thread-normalized-apple-m5-pro,apple-m5-pro,Apple M5 Pro,Apple,client,soc,cpu,2026-03-11,2026.194045,cpu_single_thread_normalized,101,normalized single-core index (legacy SPEC scale),one-copy benchmark normalized by the documented suite-specific continuity rule,normalized,medium,derived_from_benchmark_and_legacy_anchor,Geekbench 7 single-core,3693,"59.9 * Geekbench 7 single-core score / 2190 (M1 anchor); approximate index, not a SPEC result",,,"{""anchor_index"": 59.9, ""anchor_raw_score"": 2190.0, ""raw_score"": 3693}","round(anchor_index * raw_score / anchor_raw_score, 1)",eligible,https://browser.geekbench.com/mac-benchmarks; https://github.com/karlrupp/microprocessor-trend-data/blob/master/newdata.txt#L38; https://www.apple.com/newsroom/2026/03/apple-debuts-m5-pro-and-m5-max-to-supercharge-the-most-demanding-pro-workflows/,"MacBook Pro 16-inch (2026), M5 Pro 18-core CPU; Geekbench's Mac-chart average, requiring at least five unique submissions. Recorded 2026-09-23. The M1 anchor is the legacy graph's estimated SPECint continuity value; the cross-benchmark ratio is an illustrative trend estimate, not an official SPEC conversion."
obs-cpu-multicore-rate2000-int-base-apple-m5-pro,apple-m5-pro,Apple M5 Pro,Apple,client,soc,cpu,2026-03-11,2026.194045,cpu_multicore_rate2000_int_base,,SPECint_rate_base2000 (one chip),measured integer throughput of one CPU package in a published system,unresolved,unresolved,primary,,,,,,,,unresolved,,No supported value found; retained as an explicit blank.
obs-cpu-multicore-rate2006-int-base-apple-m5-pro,apple-m5-pro,Apple M5 Pro,Apple,client,soc,cpu,2026-03-11,2026.194045,cpu_multicore_rate2006_int_base,,SPECint_rate_base2006 (one chip),measured integer throughput of one CPU package in a published system,unresolved,unresolved,primary,,,,,,,,unresolved,,No supported value found; retained as an explicit blank.
obs-cpu-multicore-rate2017-int-base-apple-m5-pro,apple-m5-pro,Apple M5 Pro,Apple,client,soc,cpu,2026-03-11,2026.194045,cpu_multicore_rate2017_int_base,,SPECrate2017_int_base (one chip),measured integer throughput of one CPU package in a published system,unresolved,unresolved,primary,,,,,,,,unresolved,,No supported value found; retained as an explicit blank.
obs-cpu-multicore-index-apple-m5-pro,apple-m5-pro,Apple M5 Pro,Apple,client,soc,cpu,2026-03-11,2026.194045,cpu_multicore_index,,estimated one-chip throughput index (2003=100),estimated integer-throughput index derived from a measured one-CPU-package SPEC rate,unresolved,unresolved,primary,,,,,,,,unresolved,,No supported value found; retained as an explicit blank.
obs-fp32-dense-peak-gflops-apple-m5-pro,apple-m5-pro,Apple M5 Pro,Apple,client,soc,integrated_gpu,2026-03-11,2026.194045,fp32_dense_peak_gflops,,GFLOP/s,dense non-tensor non-sparse FP32 vector peak,unresolved,unresolved,primary,,,,,,,,unresolved,,No supported value found; retained as an explicit blank.
obs-transistors-million-aws-graviton5,aws-graviton5,AWS Graviton5,AWS,server,cpu,cpu,2026-06-09,2026.438569,transistors_million,,million transistors,device or multi-die package transistor count,unresolved,unresolved,primary,,,,,,,,unresolved,,No supported value found; retained as an explicit blank.
obs-frequency-ghz-aws-graviton5,aws-graviton5,AWS Graviton5,AWS,server,cpu,cpu,2026-06-09,2026.438569,frequency_ghz,,GHz,nominal/base clock unless source states otherwise,unresolved,unresolved,primary,,,,,,,,unresolved,,No supported value found; retained as an explicit blank.
obs-power-w-aws-graviton5,aws-graviton5,AWS Graviton5,AWS,server,cpu,cpu,2026-06-09,2026.438569,power_w,,W,CPU TDP,unresolved,unresolved,primary,,,,,,,,unresolved,,No supported value found; retained as an explicit blank.
obs-cpu-physical-cores-aws-graviton5,aws-graviton5,AWS Graviton5,AWS,server,cpu,cpu,2026-06-09,2026.438569,cpu_physical_cores,192,physical cores,physical CPU cores,direct,direct,primary,,,,,,{},,eligible,https://aws.amazon.com/blogs/aws/now-available-amazon-ec2-m9g-and-m9gd-instances-powered-by-new-aws-graviton5-processors/,
obs-gpu-compute-units-aws-graviton5,aws-graviton5,AWS Graviton5,AWS,server,cpu,cpu,2026-06-09,2026.438569,gpu_compute_units,,SMs / CUs / GPU cores,"vendor-native GPU unit count; SM, CU, or Apple GPU core",unresolved,unresolved,primary,,,,,,,,not_applicable_cpu,,No supported value found; retained as an explicit blank.
obs-cpu-single-thread-normalized-aws-graviton5,aws-graviton5,AWS Graviton5,AWS,server,cpu,cpu,2026-06-09,2026.438569,cpu_single_thread_normalized,,normalized single-core index (legacy SPEC scale),one-copy benchmark normalized by the documented suite-specific continuity rule,unresolved,unresolved,primary,,,,,,,,unresolved,,No supported value found; retained as an explicit blank.
obs-cpu-multicore-rate2000-int-base-aws-graviton5,aws-graviton5,AWS Graviton5,AWS,server,cpu,cpu,2026-06-09,2026.438569,cpu_multicore_rate2000_int_base,,SPECint_rate_base2000 (one chip),measured integer throughput of one CPU package in a published system,unresolved,unresolved,primary,,,,,,,,unresolved,,No supported value found; retained as an explicit blank.
obs-cpu-multicore-rate2006-int-base-aws-graviton5,aws-graviton5,AWS Graviton5,AWS,server,cpu,cpu,2026-06-09,2026.438569,cpu_multicore_rate2006_int_base,,SPECint_rate_base2006 (one chip),measured integer throughput of one CPU package in a published system,unresolved,unresolved,primary,,,,,,,,unresolved,,No supported value found; retained as an explicit blank.
obs-cpu-multicore-rate2017-int-base-aws-graviton5,aws-graviton5,AWS Graviton5,AWS,server,cpu,cpu,2026-06-09,2026.438569,cpu_multicore_rate2017_int_base,,SPECrate2017_int_base (one chip),measured integer throughput of one CPU package in a published system,unresolved,unresolved,primary,,,,,,,,unresolved,,No supported value found; retained as an explicit blank.
obs-cpu-multicore-index-aws-graviton5,aws-graviton5,AWS Graviton5,AWS,server,cpu,cpu,2026-06-09,2026.438569,cpu_multicore_index,,estimated one-chip throughput index (2003=100),estimated integer-throughput index derived from a measured one-CPU-package SPEC rate,unresolved,unresolved,primary,,,,,,,,unresolved,,No supported value found; retained as an explicit blank.
obs-fp32-dense-peak-gflops-aws-graviton5,aws-graviton5,AWS Graviton5,AWS,server,cpu,cpu,2026-06-09,2026.438569,fp32_dense_peak_gflops,,GFLOP/s,dense non-tensor non-sparse FP32 vector peak,unresolved,unresolved,primary,,,,,,,,unresolved,,No supported value found; retained as an explicit blank.
obs-transistors-million-apple-m5-ultra,apple-m5-ultra,Apple M5 Ultra,Apple,workstation,soc,soc_package,2026-09-22,2026.724162,transistors_million,,million transistors,device or multi-die package transistor count,unresolved,unresolved,primary,,,,,,,,unresolved,,No supported value found; retained as an explicit blank.
obs-frequency-ghz-apple-m5-ultra,apple-m5-ultra,Apple M5 Ultra,Apple,workstation,soc,soc_package,2026-09-22,2026.724162,frequency_ghz,,GHz,nominal/base clock unless source states otherwise,unresolved,unresolved,primary,,,,,,,,unresolved,,No supported value found; retained as an explicit blank.
obs-power-w-apple-m5-ultra,apple-m5-ultra,Apple M5 Ultra,Apple,workstation,soc,soc_package,2026-09-22,2026.724162,power_w,,W,SoC package power,unresolved,unresolved,primary,,,,,,,,unresolved,,No supported value found; retained as an explicit blank.
obs-cpu-physical-cores-apple-m5-ultra,apple-m5-ultra,Apple M5 Ultra,Apple,workstation,soc,cpu,2026-09-22,2026.724162,cpu_physical_cores,36,physical cores,physical CPU cores,direct,direct,primary,,,,,,{},,eligible,https://www.apple.com/newsroom/2026/09/the-new-mac-mini-and-mac-studio-are-available-today/,
obs-gpu-compute-units-apple-m5-ultra,apple-m5-ultra,Apple M5 Ultra,Apple,workstation,soc,integrated_gpu,2026-09-22,2026.724162,gpu_compute_units,80,SMs / CUs / GPU cores,"vendor-native GPU unit count; SM, CU, or Apple GPU core",direct,direct,primary,,,,,,{},,supporting_noncomparable_not_plotted,https://www.apple.com/newsroom/2026/09/the-new-mac-mini-and-mac-studio-are-available-today/,
obs-cpu-single-thread-normalized-apple-m5-ultra,apple-m5-ultra,Apple M5 Ultra,Apple,workstation,soc,cpu,2026-09-22,2026.724162,cpu_single_thread_normalized,103.2,normalized single-core index (legacy SPEC scale),one-copy benchmark normalized by the documented suite-specific continuity rule,normalized,medium,derived_from_benchmark_and_legacy_anchor,Geekbench 7 single-core,3774,"59.9 * Geekbench 7 single-core score / 2190 (M1 anchor); approximate index, not a SPEC result",,,"{""anchor_index"": 59.9, ""anchor_raw_score"": 2190.0, ""raw_score"": 3774}","round(anchor_index * raw_score / anchor_raw_score, 1)",eligible,https://browser.geekbench.com/v7/cpu/354092; https://github.com/karlrupp/microprocessor-trend-data/blob/master/newdata.txt#L38; https://www.apple.com/newsroom/2026/09/the-new-mac-mini-and-mac-studio-are-available-today/,"Mac Studio (2026), M5 Ultra 36-core CPU, 256 GB RAM; one identified Geekbench Browser submission, not an aggregate. Recorded 2026-09-23. The M1 anchor is the legacy graph's estimated SPECint continuity value; the cross-benchmark ratio is an illustrative trend estimate, not an official SPEC conversion."
obs-cpu-multicore-rate2000-int-base-apple-m5-ultra,apple-m5-ultra,Apple M5 Ultra,Apple,workstation,soc,cpu,2026-09-22,2026.724162,cpu_multicore_rate2000_int_base,,SPECint_rate_base2000 (one chip),measured integer throughput of one CPU package in a published system,unresolved,unresolved,primary,,,,,,,,unresolved,,No supported value found; retained as an explicit blank.
obs-cpu-multicore-rate2006-int-base-apple-m5-ultra,apple-m5-ultra,Apple M5 Ultra,Apple,workstation,soc,cpu,2026-09-22,2026.724162,cpu_multicore_rate2006_int_base,,SPECint_rate_base2006 (one chip),measured integer throughput of one CPU package in a published system,unresolved,unresolved,primary,,,,,,,,unresolved,,No supported value found; retained as an explicit blank.
obs-cpu-multicore-rate2017-int-base-apple-m5-ultra,apple-m5-ultra,Apple M5 Ultra,Apple,workstation,soc,cpu,2026-09-22,2026.724162,cpu_multicore_rate2017_int_base,,SPECrate2017_int_base (one chip),measured integer throughput of one CPU package in a published system,unresolved,unresolved,primary,,,,,,,,unresolved,,No supported value found; retained as an explicit blank.
obs-cpu-multicore-index-apple-m5-ultra,apple-m5-ultra,Apple M5 Ultra,Apple,workstation,soc,cpu,2026-09-22,2026.724162,cpu_multicore_index,,estimated one-chip throughput index (2003=100),estimated integer-throughput index derived from a measured one-CPU-package SPEC rate,unresolved,unresolved,primary,,,,,,,,unresolved,,No supported value found; retained as an explicit blank.
obs-fp32-dense-peak-gflops-apple-m5-ultra,apple-m5-ultra,Apple M5 Ultra,Apple,workstation,soc,integrated_gpu,2026-09-22,2026.724162,fp32_dense_peak_gflops,,GFLOP/s,dense non-tensor non-sparse FP32 vector peak,unresolved,unresolved,primary,,,,,,,,unresolved,,No supported value found; retained as an explicit blank.
obs-transistors-million-apple-m6,apple-m6,Apple M6,Apple,client,soc,soc_package,2026-09-22,2026.724162,transistors_million,,million transistors,device or multi-die package transistor count,unresolved,unresolved,primary,,,,,,,,unresolved,,No supported value found; retained as an explicit blank.
obs-frequency-ghz-apple-m6,apple-m6,Apple M6,Apple,client,soc,soc_package,2026-09-22,2026.724162,frequency_ghz,,GHz,nominal/base clock unless source states otherwise,unresolved,unresolved,primary,,,,,,,,unresolved,,No supported value found; retained as an explicit blank.
obs-power-w-apple-m6,apple-m6,Apple M6,Apple,client,soc,soc_package,2026-09-22,2026.724162,power_w,,W,SoC package power,unresolved,unresolved,primary,,,,,,,,unresolved,,No supported value found; retained as an explicit blank.
obs-cpu-physical-cores-apple-m6,apple-m6,Apple M6,Apple,client,soc,cpu,2026-09-22,2026.724162,cpu_physical_cores,12,physical cores,physical CPU cores,direct,direct,primary,,,,,,{},,eligible,https://www.apple.com/newsroom/2026/08/apple-unveils-a-more-powerful-mac-mini-featuring-the-all-new-m6-and-m5-pro/,
obs-gpu-compute-units-apple-m6,apple-m6,Apple M6,Apple,client,soc,integrated_gpu,2026-09-22,2026.724162,gpu_compute_units,12,SMs / CUs / GPU cores,"vendor-native GPU unit count; SM, CU, or Apple GPU core",direct,direct,primary,,,,,,{},,supporting_noncomparable_not_plotted,https://www.apple.com/newsroom/2026/08/apple-unveils-a-more-powerful-mac-mini-featuring-the-all-new-m6-and-m5-pro/,
obs-cpu-single-thread-normalized-apple-m6,apple-m6,Apple M6,Apple,client,soc,cpu,2026-09-22,2026.724162,cpu_single_thread_normalized,111.5,normalized single-core index (legacy SPEC scale),one-copy benchmark normalized by the documented suite-specific continuity rule,normalized,medium,derived_from_benchmark_and_legacy_anchor,Geekbench 7 single-core,4077,"59.9 * Geekbench 7 single-core score / 2190 (M1 anchor); approximate index, not a SPEC result",,,"{""anchor_index"": 59.9, ""anchor_raw_score"": 2190.0, ""raw_score"": 4077}","round(anchor_index * raw_score / anchor_raw_score, 1)",eligible,https://browser.geekbench.com/v7/cpu/426192; https://github.com/karlrupp/microprocessor-trend-data/blob/master/newdata.txt#L38; https://www.apple.com/newsroom/2026/08/apple-unveils-a-more-powerful-mac-mini-featuring-the-all-new-m6-and-m5-pro/,"Mac mini (2026), M6 12-core CPU, 16 GB RAM; one identified Geekbench Browser submission, not an aggregate. Recorded 2026-09-23. The M1 anchor is the legacy graph's estimated SPECint continuity value; the cross-benchmark ratio is an illustrative trend estimate, not an official SPEC conversion."
obs-cpu-multicore-rate2000-int-base-apple-m6,apple-m6,Apple M6,Apple,client,soc,cpu,2026-09-22,2026.724162,cpu_multicore_rate2000_int_base,,SPECint_rate_base2000 (one chip),measured integer throughput of one CPU package in a published system,unresolved,unresolved,primary,,,,,,,,unresolved,,No supported value found; retained as an explicit blank.
obs-cpu-multicore-rate2006-int-base-apple-m6,apple-m6,Apple M6,Apple,client,soc,cpu,2026-09-22,2026.724162,cpu_multicore_rate2006_int_base,,SPECint_rate_base2006 (one chip),measured integer throughput of one CPU package in a published system,unresolved,unresolved,primary,,,,,,,,unresolved,,No supported value found; retained as an explicit blank.
obs-cpu-multicore-rate2017-int-base-apple-m6,apple-m6,Apple M6,Apple,client,soc,cpu,2026-09-22,2026.724162,cpu_multicore_rate2017_int_base,,SPECrate2017_int_base (one chip),measured integer throughput of one CPU package in a published system,unresolved,unresolved,primary,,,,,,,,unresolved,,No supported value found; retained as an explicit blank.
obs-cpu-multicore-index-apple-m6,apple-m6,Apple M6,Apple,client,soc,cpu,2026-09-22,2026.724162,cpu_multicore_index,,estimated one-chip throughput index (2003=100),estimated integer-throughput index derived from a measured one-CPU-package SPEC rate,unresolved,unresolved,primary,,,,,,,,unresolved,,No supported value found; retained as an explicit blank.
obs-fp32-dense-peak-gflops-apple-m6,apple-m6,Apple M6,Apple,client,soc,integrated_gpu,2026-09-22,2026.724162,fp32_dense_peak_gflops,,GFLOP/s,dense non-tensor non-sparse FP32 vector peak,unresolved,unresolved,primary,,,,,,,,unresolved,,No supported value found; retained as an explicit blank.
